ISO-10303-21;
HEADER;
FILE_DESCRIPTION(('KiCad electronic assembly'),'2;1');
FILE_NAME('Schematic.step','2026-04-08T00:22:33',('Pcbnew'),('Kicad'),
  'Open CASCADE STEP processor 7.9','KiCad to STEP converter','Unknown'
  );
FILE_SCHEMA(('AUTOMOTIVE_DESIGN { 1 0 10303 214 1 1 1 1 }'));
ENDSEC;
DATA;
#1 = APPLICATION_PROTOCOL_DEFINITION('international standard',
  'automotive_design',2000,#2);
#2 = APPLICATION_CONTEXT(
  'core data for automotive mechanical design processes');
#3 = SHAPE_DEFINITION_REPRESENTATION(#4,#10);
#4 = PRODUCT_DEFINITION_SHAPE('','',#5);
#5 = PRODUCT_DEFINITION('design','',#6,#9);
#6 = PRODUCT_DEFINITION_FORMATION('','',#7);
#7 = PRODUCT('Schematic 1','Schematic 1','',(#8));
#8 = PRODUCT_CONTEXT('',#2,'mechanical');
#9 = PRODUCT_DEFINITION_CONTEXT('part definition',#2,'design');
#10 = SHAPE_REPRESENTATION('',(#11,#15,#19),#23);
#11 = AXIS2_PLACEMENT_3D('',#12,#13,#14);
#12 = CARTESIAN_POINT('',(0.,0.,0.));
#13 = DIRECTION('',(0.,0.,1.));
#14 = DIRECTION('',(1.,0.,-0.));
#15 = AXIS2_PLACEMENT_3D('',#16,#17,#18);
#16 = CARTESIAN_POINT('',(158.81,-101.87,1.595));
#17 = DIRECTION('',(0.,0.,1.));
#18 = DIRECTION('',(1.,0.,0.));
#19 = AXIS2_PLACEMENT_3D('',#20,#21,#22);
#20 = CARTESIAN_POINT('',(0.,0.,0.));
#21 = DIRECTION('',(0.,0.,1.));
#22 = DIRECTION('',(1.,0.,-0.));
#23 = ( GEOMETRIC_REPRESENTATION_CONTEXT(3) 
GLOBAL_UNCERTAINTY_ASSIGNED_CONTEXT((#27)) GLOBAL_UNIT_ASSIGNED_CONTEXT(
(#24,#25,#26)) REPRESENTATION_CONTEXT('Context #1',
  '3D Context with UNIT and UNCERTAINTY') );
#24 = ( LENGTH_UNIT() NAMED_UNIT(*) SI_UNIT(.MILLI.,.METRE.) );
#25 = ( NAMED_UNIT(*) PLANE_ANGLE_UNIT() SI_UNIT($,.RADIAN.) );
#26 = ( NAMED_UNIT(*) SI_UNIT($,.STERADIAN.) SOLID_ANGLE_UNIT() );
#27 = UNCERTAINTY_MEASURE_WITH_UNIT(LENGTH_MEASURE(1.E-07),#24,
  'distance_accuracy_value','confusion accuracy');
#28 = PRODUCT_RELATED_PRODUCT_CATEGORY('part',$,(#7));
#29 = SHAPE_DEFINITION_REPRESENTATION(#30,#36);
#30 = PRODUCT_DEFINITION_SHAPE('','',#31);
#31 = PRODUCT_DEFINITION('design','',#32,#35);
#32 = PRODUCT_DEFINITION_FORMATION('','',#33);
#33 = PRODUCT('RaspberryPi_Pico','RaspberryPi_Pico','',(#34));
#34 = PRODUCT_CONTEXT('',#2,'mechanical');
#35 = PRODUCT_DEFINITION_CONTEXT('part definition',#2,'design');
#36 = SHAPE_REPRESENTATION('',(#11,#37),#41);
#37 = AXIS2_PLACEMENT_3D('',#38,#39,#40);
#38 = CARTESIAN_POINT('',(0.,0.,0.));
#39 = DIRECTION('',(0.,0.,1.));
#40 = DIRECTION('',(1.,0.,0.));
#41 = ( GEOMETRIC_REPRESENTATION_CONTEXT(3) 
GLOBAL_UNCERTAINTY_ASSIGNED_CONTEXT((#45)) GLOBAL_UNIT_ASSIGNED_CONTEXT(
(#42,#43,#44)) REPRESENTATION_CONTEXT('Context #1',
  '3D Context with UNIT and UNCERTAINTY') );
#42 = ( LENGTH_UNIT() NAMED_UNIT(*) SI_UNIT(.MILLI.,.METRE.) );
#43 = ( NAMED_UNIT(*) PLANE_ANGLE_UNIT() SI_UNIT($,.RADIAN.) );
#44 = ( NAMED_UNIT(*) SI_UNIT($,.STERADIAN.) SOLID_ANGLE_UNIT() );
#45 = UNCERTAINTY_MEASURE_WITH_UNIT(LENGTH_MEASURE(1.E-07),#42,
  'distance_accuracy_value','confusion accuracy');
#46 = CONTEXT_DEPENDENT_SHAPE_REPRESENTATION(#47,#49);
#47 = ( REPRESENTATION_RELATIONSHIP('','',#36,#10) 
REPRESENTATION_RELATIONSHIP_WITH_TRANSFORMATION(#48) 
SHAPE_REPRESENTATION_RELATIONSHIP() );
#48 = ITEM_DEFINED_TRANSFORMATION('','',#11,#15);
#49 = PRODUCT_DEFINITION_SHAPE('Placement','Placement of an item',#50);
#50 = NEXT_ASSEMBLY_USAGE_OCCURRENCE('2','A1','',#5,#31,$);
#51 = PRODUCT_RELATED_PRODUCT_CATEGORY('part',$,(#33));
#52 = SHAPE_DEFINITION_REPRESENTATION(#53,#59);
#53 = PRODUCT_DEFINITION_SHAPE('','',#54);
#54 = PRODUCT_DEFINITION('design','',#55,#58);
#55 = PRODUCT_DEFINITION_FORMATION('','',#56);
#56 = PRODUCT('RaspberryPi_Pico_Module_KiCad',
  'RaspberryPi_Pico_Module_KiCad','',(#57));
#57 = PRODUCT_CONTEXT('',#2,'mechanical');
#58 = PRODUCT_DEFINITION_CONTEXT('part definition',#2,'design');
#59 = ADVANCED_BREP_SHAPE_REPRESENTATION('',(#11,#60),#16427);
#60 = MANIFOLD_SOLID_BREP('',#61);
#61 = CLOSED_SHELL('',(#62,#102,#133,#157,#181,#212,#252,#269,#309,#326,
    #2465,#2482,#2494,#2525,#2570,#2601,#2646,#2677,#2724,#2755,#2800,
    #2831,#2876,#2907,#2952,#2983,#3028,#3059,#3106,#3137,#3182,#3213,
    #3258,#3289,#3334,#3365,#3410,#3441,#3488,#3519,#3564,#3595,#3640,
    #3671,#3716,#3747,#3792,#3823,#3870,#3901,#3946,#3977,#4022,#4053,
    #4078,#4109,#4150,#4243,#4276,#4301,#4325,#4370,#4401,#4446,#4477,
    #4524,#4555,#4600,#4631,#4676,#4707,#4752,#4783,#4828,#4859,#4906,
    #4937,#4982,#5013,#5058,#5089,#5134,#5165,#5210,#5241,#5288,#5319,
    #5364,#5395,#5440,#5471,#5516,#5547,#5592,#5623,#5670,#5701,#5746,
    #5777,#5822,#5853,#5878,#5902,#5947,#5978,#6025,#6056,#6101,#6132,
    #6150,#6170,#6201,#6225,#6249,#6266,#6297,#6321,#6345,#6362,#6382,
    #6413,#6437,#6461,#6478,#6498,#6529,#6553,#6577,#6594,#6625,#6649,
    #6673,#6690,#6721,#6745,#6769,#6786,#6817,#6841,#6865,#6882,#6913,
    #6937,#6961,#6978,#7009,#7033,#7057,#7074,#7105,#7168,#7193,#7217,
    #7235,#7259,#7315,#7340,#7364,#7382,#7402,#9211,#9235,#9260,#9277,
    #9302,#9326,#9351,#9368,#9393,#9417,#9442,#9459,#9484,#9508,#9533,
    #9550,#9575,#9599,#9624,#9641,#9666,#9690,#9715,#9732,#9757,#9781,
    #9806,#9823,#9848,#9872,#9897,#9914,#9939,#9963,#9988,#10005,#10030,
    #10054,#10079,#10096,#10121,#10145,#10170,#10187,#10212,#10236,
    #10261,#10278,#10303,#10327,#10352,#10369,#10394,#10418,#10443,
    #10460,#10485,#10509,#10534,#10551,#10576,#10600,#10625,#10642,
    #10667,#10691,#10716,#10733,#10758,#10782,#10807,#10824,#10849,
    #10873,#10898,#10915,#10940,#10964,#10989,#11006,#11031,#11080,
    #11171,#11188,#11212,#11229,#11254,#11303,#11359,#11384,#11409,
    #11458,#11527,#11551,#11576,#11593,#11618,#11642,#11667,#11684,
    #11709,#11733,#11758,#11775,#11800,#11824,#11849,#11866,#11891,
    #11915,#11940,#11957,#11982,#12006,#12031,#12048,#12073,#12097,
    #12122,#12139,#12164,#12188,#12213,#12230,#12255,#12279,#12304,
    #12321,#12346,#12370,#12395,#12412,#12437,#12461,#12486,#12503,
    #12528,#12552,#12577,#12594,#12619,#12643,#12668,#12685,#12710,
    #12734,#12759,#12776,#12801,#12825,#12850,#12867,#12892,#12916,
    #12941,#12958,#12983,#13007,#13032,#13049,#13074,#13098,#13123,
    #13140,#13165,#13189,#13214,#13231,#13256,#13280,#13305,#13322,
    #13347,#13371,#13396,#13413,#13438,#13462,#13487,#13504,#13529,
    #13553,#13578,#13595,#13620,#13645,#13657,#13669,#13694,#13706,
    #13731,#13779,#13791,#13803,#13815,#13827,#13839,#13851,#13863,
    #13875,#13900,#13917,#13934,#13953,#13970,#13987,#14004,#14021,
    #14040,#14057,#14074,#14091,#14108,#14127,#14144,#14161,#14178,
    #14195,#14214,#14231,#14248,#14265,#14282,#14301,#14318,#14335,
    #14352,#14369,#14388,#14405,#14422,#14439,#14456,#14475,#14492,
    #14509,#14526,#14543,#14562,#14579,#14596,#14613,#14632,#14649,
    #14661,#14673,#14689,#14701,#14717,#14733,#14745,#14757,#14773,
    #14789,#14805,#14817,#14829,#14841,#14890,#14932,#14974,#15014,
    #15039,#15063,#15088,#15144,#15186,#15227,#15269,#15304,#15354,
    #15403,#15445,#15487,#15536,#15578,#15620,#15660,#15685,#15709,
    #15727,#15759,#15783,#15808,#15825,#15856,#15874,#15892,#15911,
    #15923,#15964,#15981,#15998,#16023,#16050,#16076,#16093,#16105,
    #16117,#16142,#16174,#16186,#16203,#16215,#16240,#16272,#16284,
    #16301,#16313,#16347,#16372,#16398,#16415));
#62 = ADVANCED_FACE('',(#63),#97,.F.);
#63 = FACE_BOUND('',#64,.F.);
#64 = EDGE_LOOP('',(#65,#75,#83,#91));
#65 = ORIENTED_EDGE('',*,*,#66,.F.);
#66 = EDGE_CURVE('',#67,#69,#71,.T.);
#67 = VERTEX_POINT('',#68);
#68 = CARTESIAN_POINT('',(-6.2,20.3,1.3));
#69 = VERTEX_POINT('',#70);
#70 = CARTESIAN_POINT('',(-6.2,20.3,1.6));
#71 = LINE('',#72,#73);
#72 = CARTESIAN_POINT('',(-6.2,20.3,1.3));
#73 = VECTOR('',#74,1.);
#74 = DIRECTION('',(0.,0.,1.));
#75 = ORIENTED_EDGE('',*,*,#76,.T.);
#76 = EDGE_CURVE('',#67,#77,#79,.T.);
#77 = VERTEX_POINT('',#78);
#78 = CARTESIAN_POINT('',(-6.2,21.1,1.3));
#79 = LINE('',#80,#81);
#80 = CARTESIAN_POINT('',(-6.2,20.3,1.3));
#81 = VECTOR('',#82,1.);
#82 = DIRECTION('',(0.,1.,0.));
#83 = ORIENTED_EDGE('',*,*,#84,.T.);
#84 = EDGE_CURVE('',#77,#85,#87,.T.);
#85 = VERTEX_POINT('',#86);
#86 = CARTESIAN_POINT('',(-6.2,21.1,1.6));
#87 = LINE('',#88,#89);
#88 = CARTESIAN_POINT('',(-6.2,21.1,1.3));
#89 = VECTOR('',#90,1.);
#90 = DIRECTION('',(0.,0.,1.));
#91 = ORIENTED_EDGE('',*,*,#92,.F.);
#92 = EDGE_CURVE('',#69,#85,#93,.T.);
#93 = LINE('',#94,#95);
#94 = CARTESIAN_POINT('',(-6.2,20.3,1.6));
#95 = VECTOR('',#96,1.);
#96 = DIRECTION('',(0.,1.,0.));
#97 = PLANE('',#98);
#98 = AXIS2_PLACEMENT_3D('',#99,#100,#101);
#99 = CARTESIAN_POINT('',(-6.2,20.3,1.3));
#100 = DIRECTION('',(1.,0.,0.));
#101 = DIRECTION('',(0.,0.,1.));
#102 = ADVANCED_FACE('',(#103),#128,.F.);
#103 = FACE_BOUND('',#104,.F.);
#104 = EDGE_LOOP('',(#105,#113,#114,#122));
#105 = ORIENTED_EDGE('',*,*,#106,.F.);
#106 = EDGE_CURVE('',#67,#107,#109,.T.);
#107 = VERTEX_POINT('',#108);
#108 = CARTESIAN_POINT('',(-5.2,20.3,1.3));
#109 = LINE('',#110,#111);
#110 = CARTESIAN_POINT('',(-6.2,20.3,1.3));
#111 = VECTOR('',#112,1.);
#112 = DIRECTION('',(1.,0.,0.));
#113 = ORIENTED_EDGE('',*,*,#66,.T.);
#114 = ORIENTED_EDGE('',*,*,#115,.T.);
#115 = EDGE_CURVE('',#69,#116,#118,.T.);
#116 = VERTEX_POINT('',#117);
#117 = CARTESIAN_POINT('',(-5.2,20.3,1.6));
#118 = LINE('',#119,#120);
#119 = CARTESIAN_POINT('',(-6.2,20.3,1.6));
#120 = VECTOR('',#121,1.);
#121 = DIRECTION('',(1.,0.,0.));
#122 = ORIENTED_EDGE('',*,*,#123,.F.);
#123 = EDGE_CURVE('',#107,#116,#124,.T.);
#124 = LINE('',#125,#126);
#125 = CARTESIAN_POINT('',(-5.2,20.3,1.3));
#126 = VECTOR('',#127,1.);
#127 = DIRECTION('',(0.,0.,1.));
#128 = PLANE('',#129);
#129 = AXIS2_PLACEMENT_3D('',#130,#131,#132);
#130 = CARTESIAN_POINT('',(-6.2,20.3,1.3));
#131 = DIRECTION('',(0.,1.,0.));
#132 = DIRECTION('',(0.,-0.,1.));
#133 = ADVANCED_FACE('',(#134),#152,.T.);
#134 = FACE_BOUND('',#135,.T.);
#135 = EDGE_LOOP('',(#136,#137,#138,#146));
#136 = ORIENTED_EDGE('',*,*,#92,.F.);
#137 = ORIENTED_EDGE('',*,*,#115,.T.);
#138 = ORIENTED_EDGE('',*,*,#139,.T.);
#139 = EDGE_CURVE('',#116,#140,#142,.T.);
#140 = VERTEX_POINT('',#141);
#141 = CARTESIAN_POINT('',(-5.2,21.1,1.6));
#142 = LINE('',#143,#144);
#143 = CARTESIAN_POINT('',(-5.2,20.3,1.6));
#144 = VECTOR('',#145,1.);
#145 = DIRECTION('',(0.,1.,0.));
#146 = ORIENTED_EDGE('',*,*,#147,.F.);
#147 = EDGE_CURVE('',#85,#140,#148,.T.);
#148 = LINE('',#149,#150);
#149 = CARTESIAN_POINT('',(-6.2,21.1,1.6));
#150 = VECTOR('',#151,1.);
#151 = DIRECTION('',(1.,0.,0.));
#152 = PLANE('',#153);
#153 = AXIS2_PLACEMENT_3D('',#154,#155,#156);
#154 = CARTESIAN_POINT('',(-6.2,20.3,1.6));
#155 = DIRECTION('',(0.,0.,1.));
#156 = DIRECTION('',(1.,0.,-0.));
#157 = ADVANCED_FACE('',(#158),#176,.T.);
#158 = FACE_BOUND('',#159,.T.);
#159 = EDGE_LOOP('',(#160,#168,#169,#170));
#160 = ORIENTED_EDGE('',*,*,#161,.F.);
#161 = EDGE_CURVE('',#77,#162,#164,.T.);
#162 = VERTEX_POINT('',#163);
#163 = CARTESIAN_POINT('',(-5.2,21.1,1.3));
#164 = LINE('',#165,#166);
#165 = CARTESIAN_POINT('',(-6.2,21.1,1.3));
#166 = VECTOR('',#167,1.);
#167 = DIRECTION('',(1.,0.,0.));
#168 = ORIENTED_EDGE('',*,*,#84,.T.);
#169 = ORIENTED_EDGE('',*,*,#147,.T.);
#170 = ORIENTED_EDGE('',*,*,#171,.F.);
#171 = EDGE_CURVE('',#162,#140,#172,.T.);
#172 = LINE('',#173,#174);
#173 = CARTESIAN_POINT('',(-5.2,21.1,1.3));
#174 = VECTOR('',#175,1.);
#175 = DIRECTION('',(0.,0.,1.));
#176 = PLANE('',#177);
#177 = AXIS2_PLACEMENT_3D('',#178,#179,#180);
#178 = CARTESIAN_POINT('',(-6.2,21.1,1.3));
#179 = DIRECTION('',(0.,1.,0.));
#180 = DIRECTION('',(0.,-0.,1.));
#181 = ADVANCED_FACE('',(#182),#207,.T.);
#182 = FACE_BOUND('',#183,.T.);
#183 = EDGE_LOOP('',(#184,#192,#200,#206));
#184 = ORIENTED_EDGE('',*,*,#185,.F.);
#185 = EDGE_CURVE('',#186,#77,#188,.T.);
#186 = VERTEX_POINT('',#187);
#187 = CARTESIAN_POINT('',(-6.5,21.1,1.3));
#188 = LINE('',#189,#190);
#189 = CARTESIAN_POINT('',(-6.5,21.1,1.3));
#190 = VECTOR('',#191,1.);
#191 = DIRECTION('',(1.,0.,0.));
#192 = ORIENTED_EDGE('',*,*,#193,.F.);
#193 = EDGE_CURVE('',#194,#186,#196,.T.);
#194 = VERTEX_POINT('',#195);
#195 = CARTESIAN_POINT('',(-6.5,20.3,1.3));
#196 = LINE('',#197,#198);
#197 = CARTESIAN_POINT('',(-6.5,20.3,1.3));
#198 = VECTOR('',#199,1.);
#199 = DIRECTION('',(0.,1.,0.));
#200 = ORIENTED_EDGE('',*,*,#201,.T.);
#201 = EDGE_CURVE('',#194,#67,#202,.T.);
#202 = LINE('',#203,#204);
#203 = CARTESIAN_POINT('',(-6.5,20.3,1.3));
#204 = VECTOR('',#205,1.);
#205 = DIRECTION('',(1.,0.,0.));
#206 = ORIENTED_EDGE('',*,*,#76,.T.);
#207 = PLANE('',#208);
#208 = AXIS2_PLACEMENT_3D('',#209,#210,#211);
#209 = CARTESIAN_POINT('',(-6.5,20.3,1.3));
#210 = DIRECTION('',(0.,0.,1.));
#211 = DIRECTION('',(1.,0.,-0.));
#212 = ADVANCED_FACE('',(#213),#247,.F.);
#213 = FACE_BOUND('',#214,.F.);
#214 = EDGE_LOOP('',(#215,#225,#231,#232,#233,#241));
#215 = ORIENTED_EDGE('',*,*,#216,.F.);
#216 = EDGE_CURVE('',#217,#219,#221,.T.);
#217 = VERTEX_POINT('',#218);
#218 = CARTESIAN_POINT('',(-6.5,20.3,1.));
#219 = VERTEX_POINT('',#220);
#220 = CARTESIAN_POINT('',(-4.9,20.3,1.));
#221 = LINE('',#222,#223);
#222 = CARTESIAN_POINT('',(-6.5,20.3,1.));
#223 = VECTOR('',#224,1.);
#224 = DIRECTION('',(1.,0.,0.));
#225 = ORIENTED_EDGE('',*,*,#226,.T.);
#226 = EDGE_CURVE('',#217,#194,#227,.T.);
#227 = LINE('',#228,#229);
#228 = CARTESIAN_POINT('',(-6.5,20.3,1.));
#229 = VECTOR('',#230,1.);
#230 = DIRECTION('',(0.,0.,1.));
#231 = ORIENTED_EDGE('',*,*,#201,.T.);
#232 = ORIENTED_EDGE('',*,*,#106,.T.);
#233 = ORIENTED_EDGE('',*,*,#234,.T.);
#234 = EDGE_CURVE('',#107,#235,#237,.T.);
#235 = VERTEX_POINT('',#236);
#236 = CARTESIAN_POINT('',(-4.9,20.3,1.3));
#237 = LINE('',#238,#239);
#238 = CARTESIAN_POINT('',(-6.5,20.3,1.3));
#239 = VECTOR('',#240,1.);
#240 = DIRECTION('',(1.,0.,0.));
#241 = ORIENTED_EDGE('',*,*,#242,.F.);
#242 = EDGE_CURVE('',#219,#235,#243,.T.);
#243 = LINE('',#244,#245);
#244 = CARTESIAN_POINT('',(-4.9,20.3,1.));
#245 = VECTOR('',#246,1.);
#246 = DIRECTION('',(0.,0.,1.));
#247 = PLANE('',#248);
#248 = AXIS2_PLACEMENT_3D('',#249,#250,#251);
#249 = CARTESIAN_POINT('',(-6.5,20.3,1.));
#250 = DIRECTION('',(0.,1.,0.));
#251 = DIRECTION('',(0.,-0.,1.));
#252 = ADVANCED_FACE('',(#253),#264,.T.);
#253 = FACE_BOUND('',#254,.T.);
#254 = EDGE_LOOP('',(#255,#256,#262,#263));
#255 = ORIENTED_EDGE('',*,*,#123,.F.);
#256 = ORIENTED_EDGE('',*,*,#257,.T.);
#257 = EDGE_CURVE('',#107,#162,#258,.T.);
#258 = LINE('',#259,#260);
#259 = CARTESIAN_POINT('',(-5.2,20.3,1.3));
#260 = VECTOR('',#261,1.);
#261 = DIRECTION('',(0.,1.,0.));
#262 = ORIENTED_EDGE('',*,*,#171,.T.);
#263 = ORIENTED_EDGE('',*,*,#139,.F.);
#264 = PLANE('',#265);
#265 = AXIS2_PLACEMENT_3D('',#266,#267,#268);
#266 = CARTESIAN_POINT('',(-5.2,20.3,1.3));
#267 = DIRECTION('',(1.,0.,0.));
#268 = DIRECTION('',(0.,0.,1.));
#269 = ADVANCED_FACE('',(#270),#304,.T.);
#270 = FACE_BOUND('',#271,.T.);
#271 = EDGE_LOOP('',(#272,#282,#288,#289,#290,#298));
#272 = ORIENTED_EDGE('',*,*,#273,.F.);
#273 = EDGE_CURVE('',#274,#276,#278,.T.);
#274 = VERTEX_POINT('',#275);
#275 = CARTESIAN_POINT('',(-6.5,21.1,1.));
#276 = VERTEX_POINT('',#277);
#277 = CARTESIAN_POINT('',(-4.9,21.1,1.));
#278 = LINE('',#279,#280);
#279 = CARTESIAN_POINT('',(-6.5,21.1,1.));
#280 = VECTOR('',#281,1.);
#281 = DIRECTION('',(1.,0.,0.));
#282 = ORIENTED_EDGE('',*,*,#283,.T.);
#283 = EDGE_CURVE('',#274,#186,#284,.T.);
#284 = LINE('',#285,#286);
#285 = CARTESIAN_POINT('',(-6.5,21.1,1.));
#286 = VECTOR('',#287,1.);
#287 = DIRECTION('',(0.,0.,1.));
#288 = ORIENTED_EDGE('',*,*,#185,.T.);
#289 = ORIENTED_EDGE('',*,*,#161,.T.);
#290 = ORIENTED_EDGE('',*,*,#291,.T.);
#291 = EDGE_CURVE('',#162,#292,#294,.T.);
#292 = VERTEX_POINT('',#293);
#293 = CARTESIAN_POINT('',(-4.9,21.1,1.3));
#294 = LINE('',#295,#296);
#295 = CARTESIAN_POINT('',(-6.5,21.1,1.3));
#296 = VECTOR('',#297,1.);
#297 = DIRECTION('',(1.,0.,0.));
#298 = ORIENTED_EDGE('',*,*,#299,.F.);
#299 = EDGE_CURVE('',#276,#292,#300,.T.);
#300 = LINE('',#301,#302);
#301 = CARTESIAN_POINT('',(-4.9,21.1,1.));
#302 = VECTOR('',#303,1.);
#303 = DIRECTION('',(0.,0.,1.));
#304 = PLANE('',#305);
#305 = AXIS2_PLACEMENT_3D('',#306,#307,#308);
#306 = CARTESIAN_POINT('',(-6.5,21.1,1.));
#307 = DIRECTION('',(0.,1.,0.));
#308 = DIRECTION('',(0.,-0.,1.));
#309 = ADVANCED_FACE('',(#310),#321,.F.);
#310 = FACE_BOUND('',#311,.F.);
#311 = EDGE_LOOP('',(#312,#313,#319,#320));
#312 = ORIENTED_EDGE('',*,*,#226,.F.);
#313 = ORIENTED_EDGE('',*,*,#314,.T.);
#314 = EDGE_CURVE('',#217,#274,#315,.T.);
#315 = LINE('',#316,#317);
#316 = CARTESIAN_POINT('',(-6.5,20.3,1.));
#317 = VECTOR('',#318,1.);
#318 = DIRECTION('',(0.,1.,0.));
#319 = ORIENTED_EDGE('',*,*,#283,.T.);
#320 = ORIENTED_EDGE('',*,*,#193,.F.);
#321 = PLANE('',#322);
#322 = AXIS2_PLACEMENT_3D('',#323,#324,#325);
#323 = CARTESIAN_POINT('',(-6.5,20.3,1.));
#324 = DIRECTION('',(1.,0.,0.));
#325 = DIRECTION('',(0.,0.,1.));
#326 = ADVANCED_FACE('',(#327,#2001,#2012,#2046,#2080,#2091,#2125,#2136,
    #2147,#2181,#2215,#2249,#2283,#2317,#2351,#2449),#2460,.T.);
#327 = FACE_BOUND('',#328,.T.);
#328 = EDGE_LOOP('',(#329,#339,#348,#356,#364,#373,#381,#389,#397,#406,
    #414,#423,#431,#439,#447,#456,#464,#472,#481,#489,#497,#506,#514,
    #522,#530,#539,#547,#555,#563,#572,#580,#589,#597,#605,#613,#622,
    #630,#638,#646,#655,#663,#671,#679,#688,#696,#704,#712,#721,#729,
    #737,#745,#754,#762,#771,#779,#787,#795,#804,#812,#820,#828,#837,
    #845,#853,#861,#870,#878,#886,#894,#903,#911,#919,#927,#936,#944,
    #953,#961,#969,#977,#986,#994,#1002,#1010,#1019,#1027,#1035,#1043,
    #1052,#1060,#1068,#1076,#1085,#1093,#1101,#1109,#1118,#1126,#1135,
    #1143,#1151,#1159,#1168,#1176,#1184,#1192,#1201,#1209,#1217,#1226,
    #1234,#1242,#1250,#1258,#1266,#1275,#1283,#1291,#1300,#1308,#1316,
    #1324,#1333,#1341,#1349,#1357,#1366,#1374,#1383,#1391,#1399,#1407,
    #1416,#1424,#1432,#1440,#1449,#1457,#1465,#1473,#1482,#1490,#1498,
    #1506,#1515,#1523,#1531,#1539,#1548,#1556,#1565,#1573,#1581,#1589,
    #1598,#1606,#1614,#1622,#1631,#1639,#1647,#1655,#1664,#1672,#1680,
    #1688,#1697,#1705,#1713,#1721,#1730,#1738,#1747,#1755,#1763,#1771,
    #1780,#1788,#1796,#1804,#1813,#1821,#1829,#1837,#1846,#1854,#1862,
    #1870,#1879,#1887,#1895,#1903,#1912,#1920,#1929,#1937,#1945,#1953,
    #1962,#1970,#1978,#1986,#1995));
#329 = ORIENTED_EDGE('',*,*,#330,.F.);
#330 = EDGE_CURVE('',#331,#333,#335,.T.);
#331 = VERTEX_POINT('',#332);
#332 = CARTESIAN_POINT('',(-10.5,-25.,1.));
#333 = VERTEX_POINT('',#334);
#334 = CARTESIAN_POINT('',(-10.5,-24.93,1.));
#335 = LINE('',#336,#337);
#336 = CARTESIAN_POINT('',(-10.5,-25.,1.));
#337 = VECTOR('',#338,1.);
#338 = DIRECTION('',(4.E-17,1.,0.));
#339 = ORIENTED_EDGE('',*,*,#340,.T.);
#340 = EDGE_CURVE('',#331,#341,#343,.T.);
#341 = VERTEX_POINT('',#342);
#342 = CARTESIAN_POINT('',(-10.,-25.5,1.));
#343 = CIRCLE('',#344,0.5);
#344 = AXIS2_PLACEMENT_3D('',#345,#346,#347);
#345 = CARTESIAN_POINT('',(-10.,-25.,1.));
#346 = DIRECTION('',(0.,0.,1.));
#347 = DIRECTION('',(1.,0.,-0.));
#348 = ORIENTED_EDGE('',*,*,#349,.F.);
#349 = EDGE_CURVE('',#350,#341,#352,.T.);
#350 = VERTEX_POINT('',#351);
#351 = CARTESIAN_POINT('',(-3.34,-25.5,1.));
#352 = LINE('',#353,#354);
#353 = CARTESIAN_POINT('',(10.,-25.5,1.));
#354 = VECTOR('',#355,1.);
#355 = DIRECTION('',(-1.,0.,0.));
#356 = ORIENTED_EDGE('',*,*,#357,.F.);
#357 = EDGE_CURVE('',#358,#350,#360,.T.);
#358 = VERTEX_POINT('',#359);
#359 = CARTESIAN_POINT('',(-3.34,-23.9,1.));
#360 = LINE('',#361,#362);
#361 = CARTESIAN_POINT('',(-3.34,-23.9,1.));
#362 = VECTOR('',#363,1.);
#363 = DIRECTION('',(0.,-1.,0.));
#364 = ORIENTED_EDGE('',*,*,#365,.F.);
#365 = EDGE_CURVE('',#366,#358,#368,.T.);
#366 = VERTEX_POINT('',#367);
#367 = CARTESIAN_POINT('',(-1.74,-23.9,1.));
#368 = CIRCLE('',#369,0.8);
#369 = AXIS2_PLACEMENT_3D('',#370,#371,#372);
#370 = CARTESIAN_POINT('',(-2.54,-23.9,1.));
#371 = DIRECTION('',(0.,-0.,1.));
#372 = DIRECTION('',(0.,1.,0.));
#373 = ORIENTED_EDGE('',*,*,#374,.T.);
#374 = EDGE_CURVE('',#366,#375,#377,.T.);
#375 = VERTEX_POINT('',#376);
#376 = CARTESIAN_POINT('',(-1.74,-25.5,1.));
#377 = LINE('',#378,#379);
#378 = CARTESIAN_POINT('',(-1.74,-23.9,1.));
#379 = VECTOR('',#380,1.);
#380 = DIRECTION('',(0.,-1.,0.));
#381 = ORIENTED_EDGE('',*,*,#382,.F.);
#382 = EDGE_CURVE('',#383,#375,#385,.T.);
#383 = VERTEX_POINT('',#384);
#384 = CARTESIAN_POINT('',(-0.800000000001,-25.5,1.));
#385 = LINE('',#386,#387);
#386 = CARTESIAN_POINT('',(10.,-25.5,1.));
#387 = VECTOR('',#388,1.);
#388 = DIRECTION('',(-1.,0.,0.));
#389 = ORIENTED_EDGE('',*,*,#390,.F.);
#390 = EDGE_CURVE('',#391,#383,#393,.T.);
#391 = VERTEX_POINT('',#392);
#392 = CARTESIAN_POINT('',(-0.800000000001,-23.3,1.));
#393 = LINE('',#394,#395);
#394 = CARTESIAN_POINT('',(-0.800000000001,-23.3,1.));
#395 = VECTOR('',#396,1.);
#396 = DIRECTION('',(0.,-1.,0.));
#397 = ORIENTED_EDGE('',*,*,#398,.F.);
#398 = EDGE_CURVE('',#399,#391,#401,.T.);
#399 = VERTEX_POINT('',#400);
#400 = CARTESIAN_POINT('',(-0.600000000001,-23.1,1.));
#401 = CIRCLE('',#402,0.2);
#402 = AXIS2_PLACEMENT_3D('',#403,#404,#405);
#403 = CARTESIAN_POINT('',(-0.600000000001,-23.3,1.));
#404 = DIRECTION('',(0.,-0.,1.));
#405 = DIRECTION('',(0.,1.,0.));
#406 = ORIENTED_EDGE('',*,*,#407,.T.);
#407 = EDGE_CURVE('',#399,#408,#410,.T.);
#408 = VERTEX_POINT('',#409);
#409 = CARTESIAN_POINT('',(0.600000000001,-23.1,1.));
#410 = LINE('',#411,#412);
#411 = CARTESIAN_POINT('',(-0.600000000001,-23.1,1.));
#412 = VECTOR('',#413,1.);
#413 = DIRECTION('',(1.,0.,0.));
#414 = ORIENTED_EDGE('',*,*,#415,.F.);
#415 = EDGE_CURVE('',#416,#408,#418,.T.);
#416 = VERTEX_POINT('',#417);
#417 = CARTESIAN_POINT('',(0.800000000001,-23.3,1.));
#418 = CIRCLE('',#419,0.2);
#419 = AXIS2_PLACEMENT_3D('',#420,#421,#422);
#420 = CARTESIAN_POINT('',(0.600000000001,-23.3,1.));
#421 = DIRECTION('',(0.,-0.,1.));
#422 = DIRECTION('',(0.,1.,0.));
#423 = ORIENTED_EDGE('',*,*,#424,.T.);
#424 = EDGE_CURVE('',#416,#425,#427,.T.);
#425 = VERTEX_POINT('',#426);
#426 = CARTESIAN_POINT('',(0.800000000001,-25.5,1.));
#427 = LINE('',#428,#429);
#428 = CARTESIAN_POINT('',(0.800000000001,-23.3,1.));
#429 = VECTOR('',#430,1.);
#430 = DIRECTION('',(0.,-1.,0.));
#431 = ORIENTED_EDGE('',*,*,#432,.F.);
#432 = EDGE_CURVE('',#433,#425,#435,.T.);
#433 = VERTEX_POINT('',#434);
#434 = CARTESIAN_POINT('',(1.74,-25.5,1.));
#435 = LINE('',#436,#437);
#436 = CARTESIAN_POINT('',(10.,-25.5,1.));
#437 = VECTOR('',#438,1.);
#438 = DIRECTION('',(-1.,0.,0.));
#439 = ORIENTED_EDGE('',*,*,#440,.F.);
#440 = EDGE_CURVE('',#441,#433,#443,.T.);
#441 = VERTEX_POINT('',#442);
#442 = CARTESIAN_POINT('',(1.74,-23.9,1.));
#443 = LINE('',#444,#445);
#444 = CARTESIAN_POINT('',(1.74,-23.9,1.));
#445 = VECTOR('',#446,1.);
#446 = DIRECTION('',(-6.7E-16,-1.,0.));
#447 = ORIENTED_EDGE('',*,*,#448,.T.);
#448 = EDGE_CURVE('',#441,#449,#451,.T.);
#449 = VERTEX_POINT('',#450);
#450 = CARTESIAN_POINT('',(3.34,-23.9,1.));
#451 = CIRCLE('',#452,0.8);
#452 = AXIS2_PLACEMENT_3D('',#453,#454,#455);
#453 = CARTESIAN_POINT('',(2.54,-23.9,1.));
#454 = DIRECTION('',(2.2E-16,0.,-1.));
#455 = DIRECTION('',(6.7E-16,1.,1.474E-31));
#456 = ORIENTED_EDGE('',*,*,#457,.T.);
#457 = EDGE_CURVE('',#449,#458,#460,.T.);
#458 = VERTEX_POINT('',#459);
#459 = CARTESIAN_POINT('',(3.34,-25.5,1.));
#460 = LINE('',#461,#462);
#461 = CARTESIAN_POINT('',(3.34,-23.9,1.));
#462 = VECTOR('',#463,1.);
#463 = DIRECTION('',(-6.7E-16,-1.,0.));
#464 = ORIENTED_EDGE('',*,*,#465,.F.);
#465 = EDGE_CURVE('',#466,#458,#468,.T.);
#466 = VERTEX_POINT('',#467);
#467 = CARTESIAN_POINT('',(10.,-25.5,1.));
#468 = LINE('',#469,#470);
#469 = CARTESIAN_POINT('',(10.,-25.5,1.));
#470 = VECTOR('',#471,1.);
#471 = DIRECTION('',(-1.,0.,0.));
#472 = ORIENTED_EDGE('',*,*,#473,.T.);
#473 = EDGE_CURVE('',#466,#474,#476,.T.);
#474 = VERTEX_POINT('',#475);
#475 = CARTESIAN_POINT('',(10.5,-25.,1.));
#476 = CIRCLE('',#477,0.5);
#477 = AXIS2_PLACEMENT_3D('',#478,#479,#480);
#478 = CARTESIAN_POINT('',(10.,-25.,1.));
#479 = DIRECTION('',(0.,0.,1.));
#480 = DIRECTION('',(1.,0.,-0.));
#481 = ORIENTED_EDGE('',*,*,#482,.F.);
#482 = EDGE_CURVE('',#483,#474,#485,.T.);
#483 = VERTEX_POINT('',#484);
#484 = CARTESIAN_POINT('',(10.5,-24.93,1.));
#485 = LINE('',#486,#487);
#486 = CARTESIAN_POINT('',(10.5,25.,1.));
#487 = VECTOR('',#488,1.);
#488 = DIRECTION('',(-4.E-17,-1.,0.));
#489 = ORIENTED_EDGE('',*,*,#490,.F.);
#490 = EDGE_CURVE('',#491,#483,#493,.T.);
#491 = VERTEX_POINT('',#492);
#492 = CARTESIAN_POINT('',(8.89,-24.93,1.));
#493 = LINE('',#494,#495);
#494 = CARTESIAN_POINT('',(8.89,-24.93,1.));
#495 = VECTOR('',#496,1.);
#496 = DIRECTION('',(1.,-2.2E-16,2.2E-16));
#497 = ORIENTED_EDGE('',*,*,#498,.T.);
#498 = EDGE_CURVE('',#491,#499,#501,.T.);
#499 = VERTEX_POINT('',#500);
#500 = CARTESIAN_POINT('',(8.89,-23.33,1.));
#501 = CIRCLE('',#502,0.8);
#502 = AXIS2_PLACEMENT_3D('',#503,#504,#505);
#503 = CARTESIAN_POINT('',(8.89,-24.13,1.));
#504 = DIRECTION('',(2.2E-16,0.,-1.));
#505 = DIRECTION('',(-1.,2.2E-16,-2.2E-16));
#506 = ORIENTED_EDGE('',*,*,#507,.T.);
#507 = EDGE_CURVE('',#499,#508,#510,.T.);
#508 = VERTEX_POINT('',#509);
#509 = CARTESIAN_POINT('',(10.5,-23.33,1.));
#510 = LINE('',#511,#512);
#511 = CARTESIAN_POINT('',(8.89,-23.33,1.));
#512 = VECTOR('',#513,1.);
#513 = DIRECTION('',(1.,-2.2E-16,2.2E-16));
#514 = ORIENTED_EDGE('',*,*,#515,.F.);
#515 = EDGE_CURVE('',#516,#508,#518,.T.);
#516 = VERTEX_POINT('',#517);
#517 = CARTESIAN_POINT('',(10.5,-22.39,1.));
#518 = LINE('',#519,#520);
#519 = CARTESIAN_POINT('',(10.5,25.,1.));
#520 = VECTOR('',#521,1.);
#521 = DIRECTION('',(-4.E-17,-1.,0.));
#522 = ORIENTED_EDGE('',*,*,#523,.F.);
#523 = EDGE_CURVE('',#524,#516,#526,.T.);
#524 = VERTEX_POINT('',#525);
#525 = CARTESIAN_POINT('',(8.89,-22.39,1.));
#526 = LINE('',#527,#528);
#527 = CARTESIAN_POINT('',(8.89,-22.39,1.));
#528 = VECTOR('',#529,1.);
#529 = DIRECTION('',(1.,-2.2E-16,2.2E-16));
#530 = ORIENTED_EDGE('',*,*,#531,.T.);
#531 = EDGE_CURVE('',#524,#532,#534,.T.);
#532 = VERTEX_POINT('',#533);
#533 = CARTESIAN_POINT('',(8.89,-20.79,1.));
#534 = CIRCLE('',#535,0.8);
#535 = AXIS2_PLACEMENT_3D('',#536,#537,#538);
#536 = CARTESIAN_POINT('',(8.89,-21.59,1.));
#537 = DIRECTION('',(2.2E-16,0.,-1.));
#538 = DIRECTION('',(-1.,2.2E-16,-2.2E-16));
#539 = ORIENTED_EDGE('',*,*,#540,.T.);
#540 = EDGE_CURVE('',#532,#541,#543,.T.);
#541 = VERTEX_POINT('',#542);
#542 = CARTESIAN_POINT('',(10.5,-20.79,1.));
#543 = LINE('',#544,#545);
#544 = CARTESIAN_POINT('',(8.89,-20.79,1.));
#545 = VECTOR('',#546,1.);
#546 = DIRECTION('',(1.,-2.2E-16,2.2E-16));
#547 = ORIENTED_EDGE('',*,*,#548,.F.);
#548 = EDGE_CURVE('',#549,#541,#551,.T.);
#549 = VERTEX_POINT('',#550);
#550 = CARTESIAN_POINT('',(10.5,-19.85,1.));
#551 = LINE('',#552,#553);
#552 = CARTESIAN_POINT('',(10.5,25.,1.));
#553 = VECTOR('',#554,1.);
#554 = DIRECTION('',(-4.E-17,-1.,0.));
#555 = ORIENTED_EDGE('',*,*,#556,.F.);
#556 = EDGE_CURVE('',#557,#549,#559,.T.);
#557 = VERTEX_POINT('',#558);
#558 = CARTESIAN_POINT('',(8.29,-19.85,1.));
#559 = LINE('',#560,#561);
#560 = CARTESIAN_POINT('',(8.29,-19.85,1.));
#561 = VECTOR('',#562,1.);
#562 = DIRECTION('',(1.,-2.2E-16,2.2E-16));
#563 = ORIENTED_EDGE('',*,*,#564,.T.);
#564 = EDGE_CURVE('',#557,#565,#567,.T.);
#565 = VERTEX_POINT('',#566);
#566 = CARTESIAN_POINT('',(8.09,-19.65,1.));
#567 = CIRCLE('',#568,0.2);
#568 = AXIS2_PLACEMENT_3D('',#569,#570,#571);
#569 = CARTESIAN_POINT('',(8.29,-19.65,1.));
#570 = DIRECTION('',(2.2E-16,0.,-1.));
#571 = DIRECTION('',(-1.,2.2E-16,-2.2E-16));
#572 = ORIENTED_EDGE('',*,*,#573,.F.);
#573 = EDGE_CURVE('',#574,#565,#576,.T.);
#574 = VERTEX_POINT('',#575);
#575 = CARTESIAN_POINT('',(8.09,-18.44999999999,1.));
#576 = LINE('',#577,#578);
#577 = CARTESIAN_POINT('',(8.09,-18.44999999999,1.));
#578 = VECTOR('',#579,1.);
#579 = DIRECTION('',(-2.2E-16,-1.,-0.));
#580 = ORIENTED_EDGE('',*,*,#581,.T.);
#581 = EDGE_CURVE('',#574,#582,#584,.T.);
#582 = VERTEX_POINT('',#583);
#583 = CARTESIAN_POINT('',(8.29,-18.24999999999,1.));
#584 = CIRCLE('',#585,0.2);
#585 = AXIS2_PLACEMENT_3D('',#586,#587,#588);
#586 = CARTESIAN_POINT('',(8.29,-18.44999999999,1.));
#587 = DIRECTION('',(2.2E-16,0.,-1.));
#588 = DIRECTION('',(-1.,2.2E-16,-2.2E-16));
#589 = ORIENTED_EDGE('',*,*,#590,.T.);
#590 = EDGE_CURVE('',#582,#591,#593,.T.);
#591 = VERTEX_POINT('',#592);
#592 = CARTESIAN_POINT('',(10.5,-18.24999999999,1.));
#593 = LINE('',#594,#595);
#594 = CARTESIAN_POINT('',(8.29,-18.24999999999,1.));
#595 = VECTOR('',#596,1.);
#596 = DIRECTION('',(1.,-2.2E-16,2.2E-16));
#597 = ORIENTED_EDGE('',*,*,#598,.F.);
#598 = EDGE_CURVE('',#599,#591,#601,.T.);
#599 = VERTEX_POINT('',#600);
#600 = CARTESIAN_POINT('',(10.5,-17.31,1.));
#601 = LINE('',#602,#603);
#602 = CARTESIAN_POINT('',(10.5,25.,1.));
#603 = VECTOR('',#604,1.);
#604 = DIRECTION('',(-4.E-17,-1.,0.));
#605 = ORIENTED_EDGE('',*,*,#606,.F.);
#606 = EDGE_CURVE('',#607,#599,#609,.T.);
#607 = VERTEX_POINT('',#608);
#608 = CARTESIAN_POINT('',(8.89,-17.31,1.));
#609 = LINE('',#610,#611);
#610 = CARTESIAN_POINT('',(8.89,-17.31,1.));
#611 = VECTOR('',#612,1.);
#612 = DIRECTION('',(1.,-2.2E-16,2.2E-16));
#613 = ORIENTED_EDGE('',*,*,#614,.T.);
#614 = EDGE_CURVE('',#607,#615,#617,.T.);
#615 = VERTEX_POINT('',#616);
#616 = CARTESIAN_POINT('',(8.89,-15.71,1.));
#617 = CIRCLE('',#618,0.8);
#618 = AXIS2_PLACEMENT_3D('',#619,#620,#621);
#619 = CARTESIAN_POINT('',(8.89,-16.51,1.));
#620 = DIRECTION('',(2.2E-16,0.,-1.));
#621 = DIRECTION('',(-1.,2.2E-16,-2.2E-16));
#622 = ORIENTED_EDGE('',*,*,#623,.T.);
#623 = EDGE_CURVE('',#615,#624,#626,.T.);
#624 = VERTEX_POINT('',#625);
#625 = CARTESIAN_POINT('',(10.5,-15.71,1.));
#626 = LINE('',#627,#628);
#627 = CARTESIAN_POINT('',(8.89,-15.71,1.));
#628 = VECTOR('',#629,1.);
#629 = DIRECTION('',(1.,-2.2E-16,2.2E-16));
#630 = ORIENTED_EDGE('',*,*,#631,.F.);
#631 = EDGE_CURVE('',#632,#624,#634,.T.);
#632 = VERTEX_POINT('',#633);
#633 = CARTESIAN_POINT('',(10.5,-14.77,1.));
#634 = LINE('',#635,#636);
#635 = CARTESIAN_POINT('',(10.5,25.,1.));
#636 = VECTOR('',#637,1.);
#637 = DIRECTION('',(-4.E-17,-1.,0.));
#638 = ORIENTED_EDGE('',*,*,#639,.F.);
#639 = EDGE_CURVE('',#640,#632,#642,.T.);
#640 = VERTEX_POINT('',#641);
#641 = CARTESIAN_POINT('',(8.89,-14.77,1.));
#642 = LINE('',#643,#644);
#643 = CARTESIAN_POINT('',(8.89,-14.77,1.));
#644 = VECTOR('',#645,1.);
#645 = DIRECTION('',(1.,-2.2E-16,2.2E-16));
#646 = ORIENTED_EDGE('',*,*,#647,.T.);
#647 = EDGE_CURVE('',#640,#648,#650,.T.);
#648 = VERTEX_POINT('',#649);
#649 = CARTESIAN_POINT('',(8.89,-13.17,1.));
#650 = CIRCLE('',#651,0.8);
#651 = AXIS2_PLACEMENT_3D('',#652,#653,#654);
#652 = CARTESIAN_POINT('',(8.89,-13.97,1.));
#653 = DIRECTION('',(2.2E-16,0.,-1.));
#654 = DIRECTION('',(-1.,2.2E-16,-2.2E-16));
#655 = ORIENTED_EDGE('',*,*,#656,.T.);
#656 = EDGE_CURVE('',#648,#657,#659,.T.);
#657 = VERTEX_POINT('',#658);
#658 = CARTESIAN_POINT('',(10.5,-13.17,1.));
#659 = LINE('',#660,#661);
#660 = CARTESIAN_POINT('',(8.89,-13.17,1.));
#661 = VECTOR('',#662,1.);
#662 = DIRECTION('',(1.,-2.2E-16,2.2E-16));
#663 = ORIENTED_EDGE('',*,*,#664,.F.);
#664 = EDGE_CURVE('',#665,#657,#667,.T.);
#665 = VERTEX_POINT('',#666);
#666 = CARTESIAN_POINT('',(10.5,-12.23,1.));
#667 = LINE('',#668,#669);
#668 = CARTESIAN_POINT('',(10.5,25.,1.));
#669 = VECTOR('',#670,1.);
#670 = DIRECTION('',(-4.E-17,-1.,0.));
#671 = ORIENTED_EDGE('',*,*,#672,.F.);
#672 = EDGE_CURVE('',#673,#665,#675,.T.);
#673 = VERTEX_POINT('',#674);
#674 = CARTESIAN_POINT('',(8.89,-12.23,1.));
#675 = LINE('',#676,#677);
#676 = CARTESIAN_POINT('',(8.89,-12.23,1.));
#677 = VECTOR('',#678,1.);
#678 = DIRECTION('',(1.,-2.2E-16,2.2E-16));
#679 = ORIENTED_EDGE('',*,*,#680,.T.);
#680 = EDGE_CURVE('',#673,#681,#683,.T.);
#681 = VERTEX_POINT('',#682);
#682 = CARTESIAN_POINT('',(8.89,-10.63,1.));
#683 = CIRCLE('',#684,0.8);
#684 = AXIS2_PLACEMENT_3D('',#685,#686,#687);
#685 = CARTESIAN_POINT('',(8.89,-11.43,1.));
#686 = DIRECTION('',(2.2E-16,0.,-1.));
#687 = DIRECTION('',(-1.,2.2E-16,-2.2E-16));
#688 = ORIENTED_EDGE('',*,*,#689,.T.);
#689 = EDGE_CURVE('',#681,#690,#692,.T.);
#690 = VERTEX_POINT('',#691);
#691 = CARTESIAN_POINT('',(10.5,-10.63,1.));
#692 = LINE('',#693,#694);
#693 = CARTESIAN_POINT('',(8.89,-10.63,1.));
#694 = VECTOR('',#695,1.);
#695 = DIRECTION('',(1.,-2.2E-16,2.2E-16));
#696 = ORIENTED_EDGE('',*,*,#697,.F.);
#697 = EDGE_CURVE('',#698,#690,#700,.T.);
#698 = VERTEX_POINT('',#699);
#699 = CARTESIAN_POINT('',(10.5,-9.69,1.));
#700 = LINE('',#701,#702);
#701 = CARTESIAN_POINT('',(10.5,25.,1.));
#702 = VECTOR('',#703,1.);
#703 = DIRECTION('',(-4.E-17,-1.,0.));
#704 = ORIENTED_EDGE('',*,*,#705,.F.);
#705 = EDGE_CURVE('',#706,#698,#708,.T.);
#706 = VERTEX_POINT('',#707);
#707 = CARTESIAN_POINT('',(8.89,-9.69,1.));
#708 = LINE('',#709,#710);
#709 = CARTESIAN_POINT('',(8.89,-9.69,1.));
#710 = VECTOR('',#711,1.);
#711 = DIRECTION('',(1.,-2.2E-16,2.2E-16));
#712 = ORIENTED_EDGE('',*,*,#713,.T.);
#713 = EDGE_CURVE('',#706,#714,#716,.T.);
#714 = VERTEX_POINT('',#715);
#715 = CARTESIAN_POINT('',(8.89,-8.09,1.));
#716 = CIRCLE('',#717,0.8);
#717 = AXIS2_PLACEMENT_3D('',#718,#719,#720);
#718 = CARTESIAN_POINT('',(8.89,-8.89,1.));
#719 = DIRECTION('',(2.2E-16,0.,-1.));
#720 = DIRECTION('',(-1.,2.2E-16,-2.2E-16));
#721 = ORIENTED_EDGE('',*,*,#722,.T.);
#722 = EDGE_CURVE('',#714,#723,#725,.T.);
#723 = VERTEX_POINT('',#724);
#724 = CARTESIAN_POINT('',(10.5,-8.09,1.));
#725 = LINE('',#726,#727);
#726 = CARTESIAN_POINT('',(8.89,-8.09,1.));
#727 = VECTOR('',#728,1.);
#728 = DIRECTION('',(1.,-2.2E-16,2.2E-16));
#729 = ORIENTED_EDGE('',*,*,#730,.F.);
#730 = EDGE_CURVE('',#731,#723,#733,.T.);
#731 = VERTEX_POINT('',#732);
#732 = CARTESIAN_POINT('',(10.5,-7.150000000001,1.));
#733 = LINE('',#734,#735);
#734 = CARTESIAN_POINT('',(10.5,25.,1.));
#735 = VECTOR('',#736,1.);
#736 = DIRECTION('',(-4.E-17,-1.,0.));
#737 = ORIENTED_EDGE('',*,*,#738,.F.);
#738 = EDGE_CURVE('',#739,#731,#741,.T.);
#739 = VERTEX_POINT('',#740);
#740 = CARTESIAN_POINT('',(8.29,-7.150000000001,1.));
#741 = LINE('',#742,#743);
#742 = CARTESIAN_POINT('',(8.29,-7.150000000001,1.));
#743 = VECTOR('',#744,1.);
#744 = DIRECTION('',(1.,-2.2E-16,2.2E-16));
#745 = ORIENTED_EDGE('',*,*,#746,.T.);
#746 = EDGE_CURVE('',#739,#747,#749,.T.);
#747 = VERTEX_POINT('',#748);
#748 = CARTESIAN_POINT('',(8.09,-6.950000000001,1.));
#749 = CIRCLE('',#750,0.2);
#750 = AXIS2_PLACEMENT_3D('',#751,#752,#753);
#751 = CARTESIAN_POINT('',(8.29,-6.950000000001,1.));
#752 = DIRECTION('',(2.2E-16,0.,-1.));
#753 = DIRECTION('',(-1.,2.2E-16,-2.2E-16));
#754 = ORIENTED_EDGE('',*,*,#755,.F.);
#755 = EDGE_CURVE('',#756,#747,#758,.T.);
#756 = VERTEX_POINT('',#757);
#757 = CARTESIAN_POINT('',(8.09,-5.749999999999,1.));
#758 = LINE('',#759,#760);
#759 = CARTESIAN_POINT('',(8.09,-5.749999999999,1.));
#760 = VECTOR('',#761,1.);
#761 = DIRECTION('',(-2.2E-16,-1.,-0.));
#762 = ORIENTED_EDGE('',*,*,#763,.T.);
#763 = EDGE_CURVE('',#756,#764,#766,.T.);
#764 = VERTEX_POINT('',#765);
#765 = CARTESIAN_POINT('',(8.29,-5.549999999999,1.));
#766 = CIRCLE('',#767,0.2);
#767 = AXIS2_PLACEMENT_3D('',#768,#769,#770);
#768 = CARTESIAN_POINT('',(8.29,-5.749999999999,1.));
#769 = DIRECTION('',(2.2E-16,0.,-1.));
#770 = DIRECTION('',(-1.,2.2E-16,-2.2E-16));
#771 = ORIENTED_EDGE('',*,*,#772,.T.);
#772 = EDGE_CURVE('',#764,#773,#775,.T.);
#773 = VERTEX_POINT('',#774);
#774 = CARTESIAN_POINT('',(10.5,-5.549999999999,1.));
#775 = LINE('',#776,#777);
#776 = CARTESIAN_POINT('',(8.29,-5.549999999999,1.));
#777 = VECTOR('',#778,1.);
#778 = DIRECTION('',(1.,-2.2E-16,2.2E-16));
#779 = ORIENTED_EDGE('',*,*,#780,.F.);
#780 = EDGE_CURVE('',#781,#773,#783,.T.);
#781 = VERTEX_POINT('',#782);
#782 = CARTESIAN_POINT('',(10.5,-4.61,1.));
#783 = LINE('',#784,#785);
#784 = CARTESIAN_POINT('',(10.5,25.,1.));
#785 = VECTOR('',#786,1.);
#786 = DIRECTION('',(-4.E-17,-1.,0.));
#787 = ORIENTED_EDGE('',*,*,#788,.F.);
#788 = EDGE_CURVE('',#789,#781,#791,.T.);
#789 = VERTEX_POINT('',#790);
#790 = CARTESIAN_POINT('',(8.89,-4.61,1.));
#791 = LINE('',#792,#793);
#792 = CARTESIAN_POINT('',(8.89,-4.61,1.));
#793 = VECTOR('',#794,1.);
#794 = DIRECTION('',(1.,-2.2E-16,2.2E-16));
#795 = ORIENTED_EDGE('',*,*,#796,.T.);
#796 = EDGE_CURVE('',#789,#797,#799,.T.);
#797 = VERTEX_POINT('',#798);
#798 = CARTESIAN_POINT('',(8.89,-3.01,1.));
#799 = CIRCLE('',#800,0.8);
#800 = AXIS2_PLACEMENT_3D('',#801,#802,#803);
#801 = CARTESIAN_POINT('',(8.89,-3.81,1.));
#802 = DIRECTION('',(2.2E-16,0.,-1.));
#803 = DIRECTION('',(-1.,2.2E-16,-2.2E-16));
#804 = ORIENTED_EDGE('',*,*,#805,.T.);
#805 = EDGE_CURVE('',#797,#806,#808,.T.);
#806 = VERTEX_POINT('',#807);
#807 = CARTESIAN_POINT('',(10.5,-3.01,1.));
#808 = LINE('',#809,#810);
#809 = CARTESIAN_POINT('',(8.89,-3.01,1.));
#810 = VECTOR('',#811,1.);
#811 = DIRECTION('',(1.,-2.2E-16,2.2E-16));
#812 = ORIENTED_EDGE('',*,*,#813,.F.);
#813 = EDGE_CURVE('',#814,#806,#816,.T.);
#814 = VERTEX_POINT('',#815);
#815 = CARTESIAN_POINT('',(10.5,-2.07,1.));
#816 = LINE('',#817,#818);
#817 = CARTESIAN_POINT('',(10.5,25.,1.));
#818 = VECTOR('',#819,1.);
#819 = DIRECTION('',(-4.E-17,-1.,0.));
#820 = ORIENTED_EDGE('',*,*,#821,.F.);
#821 = EDGE_CURVE('',#822,#814,#824,.T.);
#822 = VERTEX_POINT('',#823);
#823 = CARTESIAN_POINT('',(8.89,-2.07,1.));
#824 = LINE('',#825,#826);
#825 = CARTESIAN_POINT('',(8.89,-2.07,1.));
#826 = VECTOR('',#827,1.);
#827 = DIRECTION('',(1.,-2.2E-16,2.2E-16));
#828 = ORIENTED_EDGE('',*,*,#829,.T.);
#829 = EDGE_CURVE('',#822,#830,#832,.T.);
#830 = VERTEX_POINT('',#831);
#831 = CARTESIAN_POINT('',(8.89,-0.47,1.));
#832 = CIRCLE('',#833,0.8);
#833 = AXIS2_PLACEMENT_3D('',#834,#835,#836);
#834 = CARTESIAN_POINT('',(8.89,-1.27,1.));
#835 = DIRECTION('',(2.2E-16,0.,-1.));
#836 = DIRECTION('',(-1.,2.2E-16,-2.2E-16));
#837 = ORIENTED_EDGE('',*,*,#838,.T.);
#838 = EDGE_CURVE('',#830,#839,#841,.T.);
#839 = VERTEX_POINT('',#840);
#840 = CARTESIAN_POINT('',(10.5,-0.47,1.));
#841 = LINE('',#842,#843);
#842 = CARTESIAN_POINT('',(8.89,-0.47,1.));
#843 = VECTOR('',#844,1.);
#844 = DIRECTION('',(1.,-2.2E-16,2.2E-16));
#845 = ORIENTED_EDGE('',*,*,#846,.F.);
#846 = EDGE_CURVE('',#847,#839,#849,.T.);
#847 = VERTEX_POINT('',#848);
#848 = CARTESIAN_POINT('',(10.5,0.47,1.));
#849 = LINE('',#850,#851);
#850 = CARTESIAN_POINT('',(10.5,25.,1.));
#851 = VECTOR('',#852,1.);
#852 = DIRECTION('',(-4.E-17,-1.,0.));
#853 = ORIENTED_EDGE('',*,*,#854,.F.);
#854 = EDGE_CURVE('',#855,#847,#857,.T.);
#855 = VERTEX_POINT('',#856);
#856 = CARTESIAN_POINT('',(8.89,0.47,1.));
#857 = LINE('',#858,#859);
#858 = CARTESIAN_POINT('',(8.89,0.47,1.));
#859 = VECTOR('',#860,1.);
#860 = DIRECTION('',(1.,-2.2E-16,2.2E-16));
#861 = ORIENTED_EDGE('',*,*,#862,.T.);
#862 = EDGE_CURVE('',#855,#863,#865,.T.);
#863 = VERTEX_POINT('',#864);
#864 = CARTESIAN_POINT('',(8.89,2.07,1.));
#865 = CIRCLE('',#866,0.8);
#866 = AXIS2_PLACEMENT_3D('',#867,#868,#869);
#867 = CARTESIAN_POINT('',(8.89,1.27,1.));
#868 = DIRECTION('',(2.2E-16,0.,-1.));
#869 = DIRECTION('',(-1.,2.2E-16,-2.2E-16));
#870 = ORIENTED_EDGE('',*,*,#871,.T.);
#871 = EDGE_CURVE('',#863,#872,#874,.T.);
#872 = VERTEX_POINT('',#873);
#873 = CARTESIAN_POINT('',(10.5,2.07,1.));
#874 = LINE('',#875,#876);
#875 = CARTESIAN_POINT('',(8.89,2.07,1.));
#876 = VECTOR('',#877,1.);
#877 = DIRECTION('',(1.,-2.2E-16,2.2E-16));
#878 = ORIENTED_EDGE('',*,*,#879,.F.);
#879 = EDGE_CURVE('',#880,#872,#882,.T.);
#880 = VERTEX_POINT('',#881);
#881 = CARTESIAN_POINT('',(10.5,3.01,1.));
#882 = LINE('',#883,#884);
#883 = CARTESIAN_POINT('',(10.5,25.,1.));
#884 = VECTOR('',#885,1.);
#885 = DIRECTION('',(-4.E-17,-1.,0.));
#886 = ORIENTED_EDGE('',*,*,#887,.F.);
#887 = EDGE_CURVE('',#888,#880,#890,.T.);
#888 = VERTEX_POINT('',#889);
#889 = CARTESIAN_POINT('',(8.89,3.01,1.));
#890 = LINE('',#891,#892);
#891 = CARTESIAN_POINT('',(8.89,3.01,1.));
#892 = VECTOR('',#893,1.);
#893 = DIRECTION('',(1.,-2.2E-16,2.2E-16));
#894 = ORIENTED_EDGE('',*,*,#895,.T.);
#895 = EDGE_CURVE('',#888,#896,#898,.T.);
#896 = VERTEX_POINT('',#897);
#897 = CARTESIAN_POINT('',(8.89,4.61,1.));
#898 = CIRCLE('',#899,0.8);
#899 = AXIS2_PLACEMENT_3D('',#900,#901,#902);
#900 = CARTESIAN_POINT('',(8.89,3.81,1.));
#901 = DIRECTION('',(2.2E-16,0.,-1.));
#902 = DIRECTION('',(-1.,2.2E-16,-2.2E-16));
#903 = ORIENTED_EDGE('',*,*,#904,.T.);
#904 = EDGE_CURVE('',#896,#905,#907,.T.);
#905 = VERTEX_POINT('',#906);
#906 = CARTESIAN_POINT('',(10.5,4.61,1.));
#907 = LINE('',#908,#909);
#908 = CARTESIAN_POINT('',(8.89,4.61,1.));
#909 = VECTOR('',#910,1.);
#910 = DIRECTION('',(1.,-2.2E-16,2.2E-16));
#911 = ORIENTED_EDGE('',*,*,#912,.F.);
#912 = EDGE_CURVE('',#913,#905,#915,.T.);
#913 = VERTEX_POINT('',#914);
#914 = CARTESIAN_POINT('',(10.5,5.549999999999,1.));
#915 = LINE('',#916,#917);
#916 = CARTESIAN_POINT('',(10.5,25.,1.));
#917 = VECTOR('',#918,1.);
#918 = DIRECTION('',(-4.E-17,-1.,0.));
#919 = ORIENTED_EDGE('',*,*,#920,.F.);
#920 = EDGE_CURVE('',#921,#913,#923,.T.);
#921 = VERTEX_POINT('',#922);
#922 = CARTESIAN_POINT('',(8.29,5.549999999999,1.));
#923 = LINE('',#924,#925);
#924 = CARTESIAN_POINT('',(8.29,5.549999999999,1.));
#925 = VECTOR('',#926,1.);
#926 = DIRECTION('',(1.,-2.2E-16,2.2E-16));
#927 = ORIENTED_EDGE('',*,*,#928,.T.);
#928 = EDGE_CURVE('',#921,#929,#931,.T.);
#929 = VERTEX_POINT('',#930);
#930 = CARTESIAN_POINT('',(8.09,5.749999999999,1.));
#931 = CIRCLE('',#932,0.2);
#932 = AXIS2_PLACEMENT_3D('',#933,#934,#935);
#933 = CARTESIAN_POINT('',(8.29,5.749999999999,1.));
#934 = DIRECTION('',(2.2E-16,0.,-1.));
#935 = DIRECTION('',(-1.,2.2E-16,-2.2E-16));
#936 = ORIENTED_EDGE('',*,*,#937,.F.);
#937 = EDGE_CURVE('',#938,#929,#940,.T.);
#938 = VERTEX_POINT('',#939);
#939 = CARTESIAN_POINT('',(8.09,6.950000000001,1.));
#940 = LINE('',#941,#942);
#941 = CARTESIAN_POINT('',(8.09,6.950000000001,1.));
#942 = VECTOR('',#943,1.);
#943 = DIRECTION('',(-2.2E-16,-1.,-0.));
#944 = ORIENTED_EDGE('',*,*,#945,.T.);
#945 = EDGE_CURVE('',#938,#946,#948,.T.);
#946 = VERTEX_POINT('',#947);
#947 = CARTESIAN_POINT('',(8.29,7.150000000001,1.));
#948 = CIRCLE('',#949,0.2);
#949 = AXIS2_PLACEMENT_3D('',#950,#951,#952);
#950 = CARTESIAN_POINT('',(8.29,6.950000000001,1.));
#951 = DIRECTION('',(2.2E-16,0.,-1.));
#952 = DIRECTION('',(-1.,2.2E-16,-2.2E-16));
#953 = ORIENTED_EDGE('',*,*,#954,.T.);
#954 = EDGE_CURVE('',#946,#955,#957,.T.);
#955 = VERTEX_POINT('',#956);
#956 = CARTESIAN_POINT('',(10.5,7.150000000001,1.));
#957 = LINE('',#958,#959);
#958 = CARTESIAN_POINT('',(8.29,7.150000000001,1.));
#959 = VECTOR('',#960,1.);
#960 = DIRECTION('',(1.,-2.2E-16,2.2E-16));
#961 = ORIENTED_EDGE('',*,*,#962,.F.);
#962 = EDGE_CURVE('',#963,#955,#965,.T.);
#963 = VERTEX_POINT('',#964);
#964 = CARTESIAN_POINT('',(10.5,8.09,1.));
#965 = LINE('',#966,#967);
#966 = CARTESIAN_POINT('',(10.5,25.,1.));
#967 = VECTOR('',#968,1.);
#968 = DIRECTION('',(-4.E-17,-1.,0.));
#969 = ORIENTED_EDGE('',*,*,#970,.F.);
#970 = EDGE_CURVE('',#971,#963,#973,.T.);
#971 = VERTEX_POINT('',#972);
#972 = CARTESIAN_POINT('',(8.89,8.09,1.));
#973 = LINE('',#974,#975);
#974 = CARTESIAN_POINT('',(8.89,8.09,1.));
#975 = VECTOR('',#976,1.);
#976 = DIRECTION('',(1.,-2.2E-16,2.2E-16));
#977 = ORIENTED_EDGE('',*,*,#978,.T.);
#978 = EDGE_CURVE('',#971,#979,#981,.T.);
#979 = VERTEX_POINT('',#980);
#980 = CARTESIAN_POINT('',(8.89,9.69,1.));
#981 = CIRCLE('',#982,0.8);
#982 = AXIS2_PLACEMENT_3D('',#983,#984,#985);
#983 = CARTESIAN_POINT('',(8.89,8.89,1.));
#984 = DIRECTION('',(2.2E-16,0.,-1.));
#985 = DIRECTION('',(-1.,2.2E-16,-2.2E-16));
#986 = ORIENTED_EDGE('',*,*,#987,.T.);
#987 = EDGE_CURVE('',#979,#988,#990,.T.);
#988 = VERTEX_POINT('',#989);
#989 = CARTESIAN_POINT('',(10.5,9.69,1.));
#990 = LINE('',#991,#992);
#991 = CARTESIAN_POINT('',(8.89,9.69,1.));
#992 = VECTOR('',#993,1.);
#993 = DIRECTION('',(1.,-2.2E-16,2.2E-16));
#994 = ORIENTED_EDGE('',*,*,#995,.F.);
#995 = EDGE_CURVE('',#996,#988,#998,.T.);
#996 = VERTEX_POINT('',#997);
#997 = CARTESIAN_POINT('',(10.5,10.63,1.));
#998 = LINE('',#999,#1000);
#999 = CARTESIAN_POINT('',(10.5,25.,1.));
#1000 = VECTOR('',#1001,1.);
#1001 = DIRECTION('',(-4.E-17,-1.,0.));
#1002 = ORIENTED_EDGE('',*,*,#1003,.F.);
#1003 = EDGE_CURVE('',#1004,#996,#1006,.T.);
#1004 = VERTEX_POINT('',#1005);
#1005 = CARTESIAN_POINT('',(8.89,10.63,1.));
#1006 = LINE('',#1007,#1008);
#1007 = CARTESIAN_POINT('',(8.89,10.63,1.));
#1008 = VECTOR('',#1009,1.);
#1009 = DIRECTION('',(1.,-2.2E-16,2.2E-16));
#1010 = ORIENTED_EDGE('',*,*,#1011,.T.);
#1011 = EDGE_CURVE('',#1004,#1012,#1014,.T.);
#1012 = VERTEX_POINT('',#1013);
#1013 = CARTESIAN_POINT('',(8.89,12.23,1.));
#1014 = CIRCLE('',#1015,0.8);
#1015 = AXIS2_PLACEMENT_3D('',#1016,#1017,#1018);
#1016 = CARTESIAN_POINT('',(8.89,11.43,1.));
#1017 = DIRECTION('',(2.2E-16,0.,-1.));
#1018 = DIRECTION('',(-1.,2.2E-16,-2.2E-16));
#1019 = ORIENTED_EDGE('',*,*,#1020,.T.);
#1020 = EDGE_CURVE('',#1012,#1021,#1023,.T.);
#1021 = VERTEX_POINT('',#1022);
#1022 = CARTESIAN_POINT('',(10.5,12.23,1.));
#1023 = LINE('',#1024,#1025);
#1024 = CARTESIAN_POINT('',(8.89,12.23,1.));
#1025 = VECTOR('',#1026,1.);
#1026 = DIRECTION('',(1.,-2.2E-16,2.2E-16));
#1027 = ORIENTED_EDGE('',*,*,#1028,.F.);
#1028 = EDGE_CURVE('',#1029,#1021,#1031,.T.);
#1029 = VERTEX_POINT('',#1030);
#1030 = CARTESIAN_POINT('',(10.5,13.17,1.));
#1031 = LINE('',#1032,#1033);
#1032 = CARTESIAN_POINT('',(10.5,25.,1.));
#1033 = VECTOR('',#1034,1.);
#1034 = DIRECTION('',(-4.E-17,-1.,0.));
#1035 = ORIENTED_EDGE('',*,*,#1036,.F.);
#1036 = EDGE_CURVE('',#1037,#1029,#1039,.T.);
#1037 = VERTEX_POINT('',#1038);
#1038 = CARTESIAN_POINT('',(8.89,13.17,1.));
#1039 = LINE('',#1040,#1041);
#1040 = CARTESIAN_POINT('',(8.89,13.17,1.));
#1041 = VECTOR('',#1042,1.);
#1042 = DIRECTION('',(1.,-2.2E-16,2.2E-16));
#1043 = ORIENTED_EDGE('',*,*,#1044,.T.);
#1044 = EDGE_CURVE('',#1037,#1045,#1047,.T.);
#1045 = VERTEX_POINT('',#1046);
#1046 = CARTESIAN_POINT('',(8.89,14.77,1.));
#1047 = CIRCLE('',#1048,0.8);
#1048 = AXIS2_PLACEMENT_3D('',#1049,#1050,#1051);
#1049 = CARTESIAN_POINT('',(8.89,13.97,1.));
#1050 = DIRECTION('',(2.2E-16,0.,-1.));
#1051 = DIRECTION('',(-1.,2.2E-16,-2.2E-16));
#1052 = ORIENTED_EDGE('',*,*,#1053,.T.);
#1053 = EDGE_CURVE('',#1045,#1054,#1056,.T.);
#1054 = VERTEX_POINT('',#1055);
#1055 = CARTESIAN_POINT('',(10.5,14.77,1.));
#1056 = LINE('',#1057,#1058);
#1057 = CARTESIAN_POINT('',(8.89,14.77,1.));
#1058 = VECTOR('',#1059,1.);
#1059 = DIRECTION('',(1.,-2.2E-16,2.2E-16));
#1060 = ORIENTED_EDGE('',*,*,#1061,.F.);
#1061 = EDGE_CURVE('',#1062,#1054,#1064,.T.);
#1062 = VERTEX_POINT('',#1063);
#1063 = CARTESIAN_POINT('',(10.5,15.71,1.));
#1064 = LINE('',#1065,#1066);
#1065 = CARTESIAN_POINT('',(10.5,25.,1.));
#1066 = VECTOR('',#1067,1.);
#1067 = DIRECTION('',(-4.E-17,-1.,0.));
#1068 = ORIENTED_EDGE('',*,*,#1069,.F.);
#1069 = EDGE_CURVE('',#1070,#1062,#1072,.T.);
#1070 = VERTEX_POINT('',#1071);
#1071 = CARTESIAN_POINT('',(8.89,15.71,1.));
#1072 = LINE('',#1073,#1074);
#1073 = CARTESIAN_POINT('',(8.89,15.71,1.));
#1074 = VECTOR('',#1075,1.);
#1075 = DIRECTION('',(1.,-2.2E-16,2.2E-16));
#1076 = ORIENTED_EDGE('',*,*,#1077,.T.);
#1077 = EDGE_CURVE('',#1070,#1078,#1080,.T.);
#1078 = VERTEX_POINT('',#1079);
#1079 = CARTESIAN_POINT('',(8.89,17.31,1.));
#1080 = CIRCLE('',#1081,0.8);
#1081 = AXIS2_PLACEMENT_3D('',#1082,#1083,#1084);
#1082 = CARTESIAN_POINT('',(8.89,16.51,1.));
#1083 = DIRECTION('',(2.2E-16,0.,-1.));
#1084 = DIRECTION('',(-1.,2.2E-16,-2.2E-16));
#1085 = ORIENTED_EDGE('',*,*,#1086,.T.);
#1086 = EDGE_CURVE('',#1078,#1087,#1089,.T.);
#1087 = VERTEX_POINT('',#1088);
#1088 = CARTESIAN_POINT('',(10.5,17.31,1.));
#1089 = LINE('',#1090,#1091);
#1090 = CARTESIAN_POINT('',(8.89,17.31,1.));
#1091 = VECTOR('',#1092,1.);
#1092 = DIRECTION('',(1.,-2.2E-16,2.2E-16));
#1093 = ORIENTED_EDGE('',*,*,#1094,.F.);
#1094 = EDGE_CURVE('',#1095,#1087,#1097,.T.);
#1095 = VERTEX_POINT('',#1096);
#1096 = CARTESIAN_POINT('',(10.5,18.249999999999,1.));
#1097 = LINE('',#1098,#1099);
#1098 = CARTESIAN_POINT('',(10.5,25.,1.));
#1099 = VECTOR('',#1100,1.);
#1100 = DIRECTION('',(-4.E-17,-1.,0.));
#1101 = ORIENTED_EDGE('',*,*,#1102,.F.);
#1102 = EDGE_CURVE('',#1103,#1095,#1105,.T.);
#1103 = VERTEX_POINT('',#1104);
#1104 = CARTESIAN_POINT('',(8.29,18.249999999999,1.));
#1105 = LINE('',#1106,#1107);
#1106 = CARTESIAN_POINT('',(8.29,18.249999999999,1.));
#1107 = VECTOR('',#1108,1.);
#1108 = DIRECTION('',(1.,-2.2E-16,2.2E-16));
#1109 = ORIENTED_EDGE('',*,*,#1110,.T.);
#1110 = EDGE_CURVE('',#1103,#1111,#1113,.T.);
#1111 = VERTEX_POINT('',#1112);
#1112 = CARTESIAN_POINT('',(8.09,18.449999999999,1.));
#1113 = CIRCLE('',#1114,0.2);
#1114 = AXIS2_PLACEMENT_3D('',#1115,#1116,#1117);
#1115 = CARTESIAN_POINT('',(8.29,18.449999999999,1.));
#1116 = DIRECTION('',(2.2E-16,0.,-1.));
#1117 = DIRECTION('',(-1.,2.2E-16,-2.2E-16));
#1118 = ORIENTED_EDGE('',*,*,#1119,.F.);
#1119 = EDGE_CURVE('',#1120,#1111,#1122,.T.);
#1120 = VERTEX_POINT('',#1121);
#1121 = CARTESIAN_POINT('',(8.09,19.650000000001,1.));
#1122 = LINE('',#1123,#1124);
#1123 = CARTESIAN_POINT('',(8.09,19.650000000001,1.));
#1124 = VECTOR('',#1125,1.);
#1125 = DIRECTION('',(-2.2E-16,-1.,-0.));
#1126 = ORIENTED_EDGE('',*,*,#1127,.T.);
#1127 = EDGE_CURVE('',#1120,#1128,#1130,.T.);
#1128 = VERTEX_POINT('',#1129);
#1129 = CARTESIAN_POINT('',(8.29,19.850000000001,1.));
#1130 = CIRCLE('',#1131,0.2);
#1131 = AXIS2_PLACEMENT_3D('',#1132,#1133,#1134);
#1132 = CARTESIAN_POINT('',(8.29,19.650000000001,1.));
#1133 = DIRECTION('',(2.2E-16,0.,-1.));
#1134 = DIRECTION('',(-1.,2.2E-16,-2.2E-16));
#1135 = ORIENTED_EDGE('',*,*,#1136,.T.);
#1136 = EDGE_CURVE('',#1128,#1137,#1139,.T.);
#1137 = VERTEX_POINT('',#1138);
#1138 = CARTESIAN_POINT('',(10.5,19.850000000001,1.));
#1139 = LINE('',#1140,#1141);
#1140 = CARTESIAN_POINT('',(8.29,19.850000000001,1.));
#1141 = VECTOR('',#1142,1.);
#1142 = DIRECTION('',(1.,-2.2E-16,2.2E-16));
#1143 = ORIENTED_EDGE('',*,*,#1144,.F.);
#1144 = EDGE_CURVE('',#1145,#1137,#1147,.T.);
#1145 = VERTEX_POINT('',#1146);
#1146 = CARTESIAN_POINT('',(10.5,20.79,1.));
#1147 = LINE('',#1148,#1149);
#1148 = CARTESIAN_POINT('',(10.5,25.,1.));
#1149 = VECTOR('',#1150,1.);
#1150 = DIRECTION('',(-4.E-17,-1.,0.));
#1151 = ORIENTED_EDGE('',*,*,#1152,.F.);
#1152 = EDGE_CURVE('',#1153,#1145,#1155,.T.);
#1153 = VERTEX_POINT('',#1154);
#1154 = CARTESIAN_POINT('',(8.89,20.79,1.));
#1155 = LINE('',#1156,#1157);
#1156 = CARTESIAN_POINT('',(8.89,20.79,1.));
#1157 = VECTOR('',#1158,1.);
#1158 = DIRECTION('',(1.,-2.2E-16,2.2E-16));
#1159 = ORIENTED_EDGE('',*,*,#1160,.T.);
#1160 = EDGE_CURVE('',#1153,#1161,#1163,.T.);
#1161 = VERTEX_POINT('',#1162);
#1162 = CARTESIAN_POINT('',(8.89,22.39,1.));
#1163 = CIRCLE('',#1164,0.8);
#1164 = AXIS2_PLACEMENT_3D('',#1165,#1166,#1167);
#1165 = CARTESIAN_POINT('',(8.89,21.59,1.));
#1166 = DIRECTION('',(2.2E-16,0.,-1.));
#1167 = DIRECTION('',(-1.,2.2E-16,-2.2E-16));
#1168 = ORIENTED_EDGE('',*,*,#1169,.T.);
#1169 = EDGE_CURVE('',#1161,#1170,#1172,.T.);
#1170 = VERTEX_POINT('',#1171);
#1171 = CARTESIAN_POINT('',(10.5,22.39,1.));
#1172 = LINE('',#1173,#1174);
#1173 = CARTESIAN_POINT('',(8.89,22.39,1.));
#1174 = VECTOR('',#1175,1.);
#1175 = DIRECTION('',(1.,-2.2E-16,2.2E-16));
#1176 = ORIENTED_EDGE('',*,*,#1177,.F.);
#1177 = EDGE_CURVE('',#1178,#1170,#1180,.T.);
#1178 = VERTEX_POINT('',#1179);
#1179 = CARTESIAN_POINT('',(10.5,23.33,1.));
#1180 = LINE('',#1181,#1182);
#1181 = CARTESIAN_POINT('',(10.5,25.,1.));
#1182 = VECTOR('',#1183,1.);
#1183 = DIRECTION('',(-4.E-17,-1.,0.));
#1184 = ORIENTED_EDGE('',*,*,#1185,.F.);
#1185 = EDGE_CURVE('',#1186,#1178,#1188,.T.);
#1186 = VERTEX_POINT('',#1187);
#1187 = CARTESIAN_POINT('',(8.89,23.33,1.));
#1188 = LINE('',#1189,#1190);
#1189 = CARTESIAN_POINT('',(8.89,23.33,1.));
#1190 = VECTOR('',#1191,1.);
#1191 = DIRECTION('',(1.,-2.2E-16,2.2E-16));
#1192 = ORIENTED_EDGE('',*,*,#1193,.T.);
#1193 = EDGE_CURVE('',#1186,#1194,#1196,.T.);
#1194 = VERTEX_POINT('',#1195);
#1195 = CARTESIAN_POINT('',(8.89,24.93,1.));
#1196 = CIRCLE('',#1197,0.8);
#1197 = AXIS2_PLACEMENT_3D('',#1198,#1199,#1200);
#1198 = CARTESIAN_POINT('',(8.89,24.13,1.));
#1199 = DIRECTION('',(2.2E-16,0.,-1.));
#1200 = DIRECTION('',(-1.,2.2E-16,-2.2E-16));
#1201 = ORIENTED_EDGE('',*,*,#1202,.T.);
#1202 = EDGE_CURVE('',#1194,#1203,#1205,.T.);
#1203 = VERTEX_POINT('',#1204);
#1204 = CARTESIAN_POINT('',(10.5,24.93,1.));
#1205 = LINE('',#1206,#1207);
#1206 = CARTESIAN_POINT('',(8.89,24.93,1.));
#1207 = VECTOR('',#1208,1.);
#1208 = DIRECTION('',(1.,-2.2E-16,2.2E-16));
#1209 = ORIENTED_EDGE('',*,*,#1210,.F.);
#1210 = EDGE_CURVE('',#1211,#1203,#1213,.T.);
#1211 = VERTEX_POINT('',#1212);
#1212 = CARTESIAN_POINT('',(10.5,25.,1.));
#1213 = LINE('',#1214,#1215);
#1214 = CARTESIAN_POINT('',(10.5,25.,1.));
#1215 = VECTOR('',#1216,1.);
#1216 = DIRECTION('',(-4.E-17,-1.,0.));
#1217 = ORIENTED_EDGE('',*,*,#1218,.T.);
#1218 = EDGE_CURVE('',#1211,#1219,#1221,.T.);
#1219 = VERTEX_POINT('',#1220);
#1220 = CARTESIAN_POINT('',(10.,25.5,1.));
#1221 = CIRCLE('',#1222,0.5);
#1222 = AXIS2_PLACEMENT_3D('',#1223,#1224,#1225);
#1223 = CARTESIAN_POINT('',(10.,25.,1.));
#1224 = DIRECTION('',(0.,0.,1.));
#1225 = DIRECTION('',(1.,0.,-0.));
#1226 = ORIENTED_EDGE('',*,*,#1227,.F.);
#1227 = EDGE_CURVE('',#1228,#1219,#1230,.T.);
#1228 = VERTEX_POINT('',#1229);
#1229 = CARTESIAN_POINT('',(2.660723304703,25.5,1.));
#1230 = LINE('',#1231,#1232);
#1231 = CARTESIAN_POINT('',(-10.,25.5,1.));
#1232 = VECTOR('',#1233,1.);
#1233 = DIRECTION('',(1.,0.,0.));
#1234 = ORIENTED_EDGE('',*,*,#1235,.T.);
#1235 = EDGE_CURVE('',#1228,#1236,#1238,.T.);
#1236 = VERTEX_POINT('',#1237);
#1237 = CARTESIAN_POINT('',(2.660723304703,21.2,1.));
#1238 = LINE('',#1239,#1240);
#1239 = CARTESIAN_POINT('',(2.660723304703,26.2,1.));
#1240 = VECTOR('',#1241,1.);
#1241 = DIRECTION('',(0.,-1.,0.));
#1242 = ORIENTED_EDGE('',*,*,#1243,.F.);
#1243 = EDGE_CURVE('',#1244,#1236,#1246,.T.);
#1244 = VERTEX_POINT('',#1245);
#1245 = CARTESIAN_POINT('',(-2.660723304703,21.2,1.));
#1246 = LINE('',#1247,#1248);
#1247 = CARTESIAN_POINT('',(-2.836764068712,21.2,1.));
#1248 = VECTOR('',#1249,1.);
#1249 = DIRECTION('',(1.,0.,0.));
#1250 = ORIENTED_EDGE('',*,*,#1251,.F.);
#1251 = EDGE_CURVE('',#1252,#1244,#1254,.T.);
#1252 = VERTEX_POINT('',#1253);
#1253 = CARTESIAN_POINT('',(-2.660723304703,25.5,1.));
#1254 = LINE('',#1255,#1256);
#1255 = CARTESIAN_POINT('',(-2.660723304703,26.2,1.));
#1256 = VECTOR('',#1257,1.);
#1257 = DIRECTION('',(0.,-1.,0.));
#1258 = ORIENTED_EDGE('',*,*,#1259,.F.);
#1259 = EDGE_CURVE('',#1260,#1252,#1262,.T.);
#1260 = VERTEX_POINT('',#1261);
#1261 = CARTESIAN_POINT('',(-10.,25.5,1.));
#1262 = LINE('',#1263,#1264);
#1263 = CARTESIAN_POINT('',(-10.,25.5,1.));
#1264 = VECTOR('',#1265,1.);
#1265 = DIRECTION('',(1.,0.,0.));
#1266 = ORIENTED_EDGE('',*,*,#1267,.T.);
#1267 = EDGE_CURVE('',#1260,#1268,#1270,.T.);
#1268 = VERTEX_POINT('',#1269);
#1269 = CARTESIAN_POINT('',(-10.5,25.,1.));
#1270 = CIRCLE('',#1271,0.5);
#1271 = AXIS2_PLACEMENT_3D('',#1272,#1273,#1274);
#1272 = CARTESIAN_POINT('',(-10.,25.,1.));
#1273 = DIRECTION('',(0.,0.,1.));
#1274 = DIRECTION('',(1.,0.,-0.));
#1275 = ORIENTED_EDGE('',*,*,#1276,.F.);
#1276 = EDGE_CURVE('',#1277,#1268,#1279,.T.);
#1277 = VERTEX_POINT('',#1278);
#1278 = CARTESIAN_POINT('',(-10.5,24.93,1.));
#1279 = LINE('',#1280,#1281);
#1280 = CARTESIAN_POINT('',(-10.5,-25.,1.));
#1281 = VECTOR('',#1282,1.);
#1282 = DIRECTION('',(4.E-17,1.,0.));
#1283 = ORIENTED_EDGE('',*,*,#1284,.F.);
#1284 = EDGE_CURVE('',#1285,#1277,#1287,.T.);
#1285 = VERTEX_POINT('',#1286);
#1286 = CARTESIAN_POINT('',(-8.89,24.93,1.));
#1287 = LINE('',#1288,#1289);
#1288 = CARTESIAN_POINT('',(-8.89,24.93,1.));
#1289 = VECTOR('',#1290,1.);
#1290 = DIRECTION('',(-1.,0.,0.));
#1291 = ORIENTED_EDGE('',*,*,#1292,.F.);
#1292 = EDGE_CURVE('',#1293,#1285,#1295,.T.);
#1293 = VERTEX_POINT('',#1294);
#1294 = CARTESIAN_POINT('',(-8.89,23.33,1.));
#1295 = CIRCLE('',#1296,0.8);
#1296 = AXIS2_PLACEMENT_3D('',#1297,#1298,#1299);
#1297 = CARTESIAN_POINT('',(-8.89,24.13,1.));
#1298 = DIRECTION('',(0.,0.,1.));
#1299 = DIRECTION('',(1.,0.,-0.));
#1300 = ORIENTED_EDGE('',*,*,#1301,.T.);
#1301 = EDGE_CURVE('',#1293,#1302,#1304,.T.);
#1302 = VERTEX_POINT('',#1303);
#1303 = CARTESIAN_POINT('',(-10.5,23.33,1.));
#1304 = LINE('',#1305,#1306);
#1305 = CARTESIAN_POINT('',(-8.89,23.33,1.));
#1306 = VECTOR('',#1307,1.);
#1307 = DIRECTION('',(-1.,0.,0.));
#1308 = ORIENTED_EDGE('',*,*,#1309,.F.);
#1309 = EDGE_CURVE('',#1310,#1302,#1312,.T.);
#1310 = VERTEX_POINT('',#1311);
#1311 = CARTESIAN_POINT('',(-10.5,22.39,1.));
#1312 = LINE('',#1313,#1314);
#1313 = CARTESIAN_POINT('',(-10.5,-25.,1.));
#1314 = VECTOR('',#1315,1.);
#1315 = DIRECTION('',(4.E-17,1.,0.));
#1316 = ORIENTED_EDGE('',*,*,#1317,.F.);
#1317 = EDGE_CURVE('',#1318,#1310,#1320,.T.);
#1318 = VERTEX_POINT('',#1319);
#1319 = CARTESIAN_POINT('',(-8.89,22.39,1.));
#1320 = LINE('',#1321,#1322);
#1321 = CARTESIAN_POINT('',(-8.89,22.39,1.));
#1322 = VECTOR('',#1323,1.);
#1323 = DIRECTION('',(-1.,0.,0.));
#1324 = ORIENTED_EDGE('',*,*,#1325,.F.);
#1325 = EDGE_CURVE('',#1326,#1318,#1328,.T.);
#1326 = VERTEX_POINT('',#1327);
#1327 = CARTESIAN_POINT('',(-8.89,20.79,1.));
#1328 = CIRCLE('',#1329,0.8);
#1329 = AXIS2_PLACEMENT_3D('',#1330,#1331,#1332);
#1330 = CARTESIAN_POINT('',(-8.89,21.59,1.));
#1331 = DIRECTION('',(0.,0.,1.));
#1332 = DIRECTION('',(1.,0.,-0.));
#1333 = ORIENTED_EDGE('',*,*,#1334,.T.);
#1334 = EDGE_CURVE('',#1326,#1335,#1337,.T.);
#1335 = VERTEX_POINT('',#1336);
#1336 = CARTESIAN_POINT('',(-10.5,20.79,1.));
#1337 = LINE('',#1338,#1339);
#1338 = CARTESIAN_POINT('',(-8.89,20.79,1.));
#1339 = VECTOR('',#1340,1.);
#1340 = DIRECTION('',(-1.,0.,0.));
#1341 = ORIENTED_EDGE('',*,*,#1342,.F.);
#1342 = EDGE_CURVE('',#1343,#1335,#1345,.T.);
#1343 = VERTEX_POINT('',#1344);
#1344 = CARTESIAN_POINT('',(-10.5,19.850000000001,1.));
#1345 = LINE('',#1346,#1347);
#1346 = CARTESIAN_POINT('',(-10.5,-25.,1.));
#1347 = VECTOR('',#1348,1.);
#1348 = DIRECTION('',(4.E-17,1.,0.));
#1349 = ORIENTED_EDGE('',*,*,#1350,.F.);
#1350 = EDGE_CURVE('',#1351,#1343,#1353,.T.);
#1351 = VERTEX_POINT('',#1352);
#1352 = CARTESIAN_POINT('',(-8.29,19.850000000001,1.));
#1353 = LINE('',#1354,#1355);
#1354 = CARTESIAN_POINT('',(-8.29,19.850000000001,1.));
#1355 = VECTOR('',#1356,1.);
#1356 = DIRECTION('',(-1.,0.,0.));
#1357 = ORIENTED_EDGE('',*,*,#1358,.F.);
#1358 = EDGE_CURVE('',#1359,#1351,#1361,.T.);
#1359 = VERTEX_POINT('',#1360);
#1360 = CARTESIAN_POINT('',(-8.09,19.650000000001,1.));
#1361 = CIRCLE('',#1362,0.2);
#1362 = AXIS2_PLACEMENT_3D('',#1363,#1364,#1365);
#1363 = CARTESIAN_POINT('',(-8.29,19.650000000001,1.));
#1364 = DIRECTION('',(0.,0.,1.));
#1365 = DIRECTION('',(1.,0.,-0.));
#1366 = ORIENTED_EDGE('',*,*,#1367,.T.);
#1367 = EDGE_CURVE('',#1359,#1368,#1370,.T.);
#1368 = VERTEX_POINT('',#1369);
#1369 = CARTESIAN_POINT('',(-8.09,18.449999999999,1.));
#1370 = LINE('',#1371,#1372);
#1371 = CARTESIAN_POINT('',(-8.09,19.650000000001,1.));
#1372 = VECTOR('',#1373,1.);
#1373 = DIRECTION('',(0.,-1.,0.));
#1374 = ORIENTED_EDGE('',*,*,#1375,.F.);
#1375 = EDGE_CURVE('',#1376,#1368,#1378,.T.);
#1376 = VERTEX_POINT('',#1377);
#1377 = CARTESIAN_POINT('',(-8.29,18.249999999999,1.));
#1378 = CIRCLE('',#1379,0.2);
#1379 = AXIS2_PLACEMENT_3D('',#1380,#1381,#1382);
#1380 = CARTESIAN_POINT('',(-8.29,18.449999999999,1.));
#1381 = DIRECTION('',(0.,0.,1.));
#1382 = DIRECTION('',(1.,0.,-0.));
#1383 = ORIENTED_EDGE('',*,*,#1384,.T.);
#1384 = EDGE_CURVE('',#1376,#1385,#1387,.T.);
#1385 = VERTEX_POINT('',#1386);
#1386 = CARTESIAN_POINT('',(-10.5,18.249999999999,1.));
#1387 = LINE('',#1388,#1389);
#1388 = CARTESIAN_POINT('',(-8.29,18.249999999999,1.));
#1389 = VECTOR('',#1390,1.);
#1390 = DIRECTION('',(-1.,0.,0.));
#1391 = ORIENTED_EDGE('',*,*,#1392,.F.);
#1392 = EDGE_CURVE('',#1393,#1385,#1395,.T.);
#1393 = VERTEX_POINT('',#1394);
#1394 = CARTESIAN_POINT('',(-10.5,17.31,1.));
#1395 = LINE('',#1396,#1397);
#1396 = CARTESIAN_POINT('',(-10.5,-25.,1.));
#1397 = VECTOR('',#1398,1.);
#1398 = DIRECTION('',(4.E-17,1.,0.));
#1399 = ORIENTED_EDGE('',*,*,#1400,.F.);
#1400 = EDGE_CURVE('',#1401,#1393,#1403,.T.);
#1401 = VERTEX_POINT('',#1402);
#1402 = CARTESIAN_POINT('',(-8.89,17.31,1.));
#1403 = LINE('',#1404,#1405);
#1404 = CARTESIAN_POINT('',(-8.89,17.31,1.));
#1405 = VECTOR('',#1406,1.);
#1406 = DIRECTION('',(-1.,0.,0.));
#1407 = ORIENTED_EDGE('',*,*,#1408,.F.);
#1408 = EDGE_CURVE('',#1409,#1401,#1411,.T.);
#1409 = VERTEX_POINT('',#1410);
#1410 = CARTESIAN_POINT('',(-8.89,15.71,1.));
#1411 = CIRCLE('',#1412,0.8);
#1412 = AXIS2_PLACEMENT_3D('',#1413,#1414,#1415);
#1413 = CARTESIAN_POINT('',(-8.89,16.51,1.));
#1414 = DIRECTION('',(0.,0.,1.));
#1415 = DIRECTION('',(1.,0.,-0.));
#1416 = ORIENTED_EDGE('',*,*,#1417,.T.);
#1417 = EDGE_CURVE('',#1409,#1418,#1420,.T.);
#1418 = VERTEX_POINT('',#1419);
#1419 = CARTESIAN_POINT('',(-10.5,15.71,1.));
#1420 = LINE('',#1421,#1422);
#1421 = CARTESIAN_POINT('',(-8.89,15.71,1.));
#1422 = VECTOR('',#1423,1.);
#1423 = DIRECTION('',(-1.,0.,0.));
#1424 = ORIENTED_EDGE('',*,*,#1425,.F.);
#1425 = EDGE_CURVE('',#1426,#1418,#1428,.T.);
#1426 = VERTEX_POINT('',#1427);
#1427 = CARTESIAN_POINT('',(-10.5,14.77,1.));
#1428 = LINE('',#1429,#1430);
#1429 = CARTESIAN_POINT('',(-10.5,-25.,1.));
#1430 = VECTOR('',#1431,1.);
#1431 = DIRECTION('',(4.E-17,1.,0.));
#1432 = ORIENTED_EDGE('',*,*,#1433,.F.);
#1433 = EDGE_CURVE('',#1434,#1426,#1436,.T.);
#1434 = VERTEX_POINT('',#1435);
#1435 = CARTESIAN_POINT('',(-8.89,14.77,1.));
#1436 = LINE('',#1437,#1438);
#1437 = CARTESIAN_POINT('',(-8.89,14.77,1.));
#1438 = VECTOR('',#1439,1.);
#1439 = DIRECTION('',(-1.,0.,0.));
#1440 = ORIENTED_EDGE('',*,*,#1441,.F.);
#1441 = EDGE_CURVE('',#1442,#1434,#1444,.T.);
#1442 = VERTEX_POINT('',#1443);
#1443 = CARTESIAN_POINT('',(-8.89,13.17,1.));
#1444 = CIRCLE('',#1445,0.8);
#1445 = AXIS2_PLACEMENT_3D('',#1446,#1447,#1448);
#1446 = CARTESIAN_POINT('',(-8.89,13.97,1.));
#1447 = DIRECTION('',(0.,0.,1.));
#1448 = DIRECTION('',(1.,0.,-0.));
#1449 = ORIENTED_EDGE('',*,*,#1450,.T.);
#1450 = EDGE_CURVE('',#1442,#1451,#1453,.T.);
#1451 = VERTEX_POINT('',#1452);
#1452 = CARTESIAN_POINT('',(-10.5,13.17,1.));
#1453 = LINE('',#1454,#1455);
#1454 = CARTESIAN_POINT('',(-8.89,13.17,1.));
#1455 = VECTOR('',#1456,1.);
#1456 = DIRECTION('',(-1.,0.,0.));
#1457 = ORIENTED_EDGE('',*,*,#1458,.F.);
#1458 = EDGE_CURVE('',#1459,#1451,#1461,.T.);
#1459 = VERTEX_POINT('',#1460);
#1460 = CARTESIAN_POINT('',(-10.5,12.23,1.));
#1461 = LINE('',#1462,#1463);
#1462 = CARTESIAN_POINT('',(-10.5,-25.,1.));
#1463 = VECTOR('',#1464,1.);
#1464 = DIRECTION('',(4.E-17,1.,0.));
#1465 = ORIENTED_EDGE('',*,*,#1466,.F.);
#1466 = EDGE_CURVE('',#1467,#1459,#1469,.T.);
#1467 = VERTEX_POINT('',#1468);
#1468 = CARTESIAN_POINT('',(-8.89,12.23,1.));
#1469 = LINE('',#1470,#1471);
#1470 = CARTESIAN_POINT('',(-8.89,12.23,1.));
#1471 = VECTOR('',#1472,1.);
#1472 = DIRECTION('',(-1.,0.,0.));
#1473 = ORIENTED_EDGE('',*,*,#1474,.F.);
#1474 = EDGE_CURVE('',#1475,#1467,#1477,.T.);
#1475 = VERTEX_POINT('',#1476);
#1476 = CARTESIAN_POINT('',(-8.89,10.63,1.));
#1477 = CIRCLE('',#1478,0.8);
#1478 = AXIS2_PLACEMENT_3D('',#1479,#1480,#1481);
#1479 = CARTESIAN_POINT('',(-8.89,11.43,1.));
#1480 = DIRECTION('',(0.,0.,1.));
#1481 = DIRECTION('',(1.,0.,-0.));
#1482 = ORIENTED_EDGE('',*,*,#1483,.T.);
#1483 = EDGE_CURVE('',#1475,#1484,#1486,.T.);
#1484 = VERTEX_POINT('',#1485);
#1485 = CARTESIAN_POINT('',(-10.5,10.63,1.));
#1486 = LINE('',#1487,#1488);
#1487 = CARTESIAN_POINT('',(-8.89,10.63,1.));
#1488 = VECTOR('',#1489,1.);
#1489 = DIRECTION('',(-1.,0.,0.));
#1490 = ORIENTED_EDGE('',*,*,#1491,.F.);
#1491 = EDGE_CURVE('',#1492,#1484,#1494,.T.);
#1492 = VERTEX_POINT('',#1493);
#1493 = CARTESIAN_POINT('',(-10.5,9.69,1.));
#1494 = LINE('',#1495,#1496);
#1495 = CARTESIAN_POINT('',(-10.5,-25.,1.));
#1496 = VECTOR('',#1497,1.);
#1497 = DIRECTION('',(4.E-17,1.,0.));
#1498 = ORIENTED_EDGE('',*,*,#1499,.F.);
#1499 = EDGE_CURVE('',#1500,#1492,#1502,.T.);
#1500 = VERTEX_POINT('',#1501);
#1501 = CARTESIAN_POINT('',(-8.89,9.69,1.));
#1502 = LINE('',#1503,#1504);
#1503 = CARTESIAN_POINT('',(-8.89,9.69,1.));
#1504 = VECTOR('',#1505,1.);
#1505 = DIRECTION('',(-1.,0.,0.));
#1506 = ORIENTED_EDGE('',*,*,#1507,.F.);
#1507 = EDGE_CURVE('',#1508,#1500,#1510,.T.);
#1508 = VERTEX_POINT('',#1509);
#1509 = CARTESIAN_POINT('',(-8.89,8.09,1.));
#1510 = CIRCLE('',#1511,0.8);
#1511 = AXIS2_PLACEMENT_3D('',#1512,#1513,#1514);
#1512 = CARTESIAN_POINT('',(-8.89,8.89,1.));
#1513 = DIRECTION('',(0.,0.,1.));
#1514 = DIRECTION('',(1.,0.,-0.));
#1515 = ORIENTED_EDGE('',*,*,#1516,.T.);
#1516 = EDGE_CURVE('',#1508,#1517,#1519,.T.);
#1517 = VERTEX_POINT('',#1518);
#1518 = CARTESIAN_POINT('',(-10.5,8.09,1.));
#1519 = LINE('',#1520,#1521);
#1520 = CARTESIAN_POINT('',(-8.89,8.09,1.));
#1521 = VECTOR('',#1522,1.);
#1522 = DIRECTION('',(-1.,0.,0.));
#1523 = ORIENTED_EDGE('',*,*,#1524,.F.);
#1524 = EDGE_CURVE('',#1525,#1517,#1527,.T.);
#1525 = VERTEX_POINT('',#1526);
#1526 = CARTESIAN_POINT('',(-10.5,7.150000000001,1.));
#1527 = LINE('',#1528,#1529);
#1528 = CARTESIAN_POINT('',(-10.5,-25.,1.));
#1529 = VECTOR('',#1530,1.);
#1530 = DIRECTION('',(4.E-17,1.,0.));
#1531 = ORIENTED_EDGE('',*,*,#1532,.F.);
#1532 = EDGE_CURVE('',#1533,#1525,#1535,.T.);
#1533 = VERTEX_POINT('',#1534);
#1534 = CARTESIAN_POINT('',(-8.29,7.150000000001,1.));
#1535 = LINE('',#1536,#1537);
#1536 = CARTESIAN_POINT('',(-8.29,7.150000000001,1.));
#1537 = VECTOR('',#1538,1.);
#1538 = DIRECTION('',(-1.,0.,0.));
#1539 = ORIENTED_EDGE('',*,*,#1540,.F.);
#1540 = EDGE_CURVE('',#1541,#1533,#1543,.T.);
#1541 = VERTEX_POINT('',#1542);
#1542 = CARTESIAN_POINT('',(-8.09,6.950000000001,1.));
#1543 = CIRCLE('',#1544,0.2);
#1544 = AXIS2_PLACEMENT_3D('',#1545,#1546,#1547);
#1545 = CARTESIAN_POINT('',(-8.29,6.950000000001,1.));
#1546 = DIRECTION('',(0.,0.,1.));
#1547 = DIRECTION('',(1.,0.,-0.));
#1548 = ORIENTED_EDGE('',*,*,#1549,.T.);
#1549 = EDGE_CURVE('',#1541,#1550,#1552,.T.);
#1550 = VERTEX_POINT('',#1551);
#1551 = CARTESIAN_POINT('',(-8.09,5.749999999999,1.));
#1552 = LINE('',#1553,#1554);
#1553 = CARTESIAN_POINT('',(-8.09,6.950000000001,1.));
#1554 = VECTOR('',#1555,1.);
#1555 = DIRECTION('',(0.,-1.,0.));
#1556 = ORIENTED_EDGE('',*,*,#1557,.F.);
#1557 = EDGE_CURVE('',#1558,#1550,#1560,.T.);
#1558 = VERTEX_POINT('',#1559);
#1559 = CARTESIAN_POINT('',(-8.29,5.549999999999,1.));
#1560 = CIRCLE('',#1561,0.2);
#1561 = AXIS2_PLACEMENT_3D('',#1562,#1563,#1564);
#1562 = CARTESIAN_POINT('',(-8.29,5.749999999999,1.));
#1563 = DIRECTION('',(0.,0.,1.));
#1564 = DIRECTION('',(1.,0.,-0.));
#1565 = ORIENTED_EDGE('',*,*,#1566,.T.);
#1566 = EDGE_CURVE('',#1558,#1567,#1569,.T.);
#1567 = VERTEX_POINT('',#1568);
#1568 = CARTESIAN_POINT('',(-10.5,5.549999999999,1.));
#1569 = LINE('',#1570,#1571);
#1570 = CARTESIAN_POINT('',(-8.29,5.549999999999,1.));
#1571 = VECTOR('',#1572,1.);
#1572 = DIRECTION('',(-1.,0.,0.));
#1573 = ORIENTED_EDGE('',*,*,#1574,.F.);
#1574 = EDGE_CURVE('',#1575,#1567,#1577,.T.);
#1575 = VERTEX_POINT('',#1576);
#1576 = CARTESIAN_POINT('',(-10.5,4.61,1.));
#1577 = LINE('',#1578,#1579);
#1578 = CARTESIAN_POINT('',(-10.5,-25.,1.));
#1579 = VECTOR('',#1580,1.);
#1580 = DIRECTION('',(4.E-17,1.,0.));
#1581 = ORIENTED_EDGE('',*,*,#1582,.F.);
#1582 = EDGE_CURVE('',#1583,#1575,#1585,.T.);
#1583 = VERTEX_POINT('',#1584);
#1584 = CARTESIAN_POINT('',(-8.89,4.61,1.));
#1585 = LINE('',#1586,#1587);
#1586 = CARTESIAN_POINT('',(-8.89,4.61,1.));
#1587 = VECTOR('',#1588,1.);
#1588 = DIRECTION('',(-1.,0.,0.));
#1589 = ORIENTED_EDGE('',*,*,#1590,.F.);
#1590 = EDGE_CURVE('',#1591,#1583,#1593,.T.);
#1591 = VERTEX_POINT('',#1592);
#1592 = CARTESIAN_POINT('',(-8.89,3.01,1.));
#1593 = CIRCLE('',#1594,0.8);
#1594 = AXIS2_PLACEMENT_3D('',#1595,#1596,#1597);
#1595 = CARTESIAN_POINT('',(-8.89,3.81,1.));
#1596 = DIRECTION('',(0.,0.,1.));
#1597 = DIRECTION('',(1.,0.,-0.));
#1598 = ORIENTED_EDGE('',*,*,#1599,.T.);
#1599 = EDGE_CURVE('',#1591,#1600,#1602,.T.);
#1600 = VERTEX_POINT('',#1601);
#1601 = CARTESIAN_POINT('',(-10.5,3.01,1.));
#1602 = LINE('',#1603,#1604);
#1603 = CARTESIAN_POINT('',(-8.89,3.01,1.));
#1604 = VECTOR('',#1605,1.);
#1605 = DIRECTION('',(-1.,0.,0.));
#1606 = ORIENTED_EDGE('',*,*,#1607,.F.);
#1607 = EDGE_CURVE('',#1608,#1600,#1610,.T.);
#1608 = VERTEX_POINT('',#1609);
#1609 = CARTESIAN_POINT('',(-10.5,2.07,1.));
#1610 = LINE('',#1611,#1612);
#1611 = CARTESIAN_POINT('',(-10.5,-25.,1.));
#1612 = VECTOR('',#1613,1.);
#1613 = DIRECTION('',(4.E-17,1.,0.));
#1614 = ORIENTED_EDGE('',*,*,#1615,.F.);
#1615 = EDGE_CURVE('',#1616,#1608,#1618,.T.);
#1616 = VERTEX_POINT('',#1617);
#1617 = CARTESIAN_POINT('',(-8.89,2.07,1.));
#1618 = LINE('',#1619,#1620);
#1619 = CARTESIAN_POINT('',(-8.89,2.07,1.));
#1620 = VECTOR('',#1621,1.);
#1621 = DIRECTION('',(-1.,0.,0.));
#1622 = ORIENTED_EDGE('',*,*,#1623,.F.);
#1623 = EDGE_CURVE('',#1624,#1616,#1626,.T.);
#1624 = VERTEX_POINT('',#1625);
#1625 = CARTESIAN_POINT('',(-8.89,0.47,1.));
#1626 = CIRCLE('',#1627,0.8);
#1627 = AXIS2_PLACEMENT_3D('',#1628,#1629,#1630);
#1628 = CARTESIAN_POINT('',(-8.89,1.27,1.));
#1629 = DIRECTION('',(0.,0.,1.));
#1630 = DIRECTION('',(1.,0.,-0.));
#1631 = ORIENTED_EDGE('',*,*,#1632,.T.);
#1632 = EDGE_CURVE('',#1624,#1633,#1635,.T.);
#1633 = VERTEX_POINT('',#1634);
#1634 = CARTESIAN_POINT('',(-10.5,0.47,1.));
#1635 = LINE('',#1636,#1637);
#1636 = CARTESIAN_POINT('',(-8.89,0.47,1.));
#1637 = VECTOR('',#1638,1.);
#1638 = DIRECTION('',(-1.,0.,0.));
#1639 = ORIENTED_EDGE('',*,*,#1640,.F.);
#1640 = EDGE_CURVE('',#1641,#1633,#1643,.T.);
#1641 = VERTEX_POINT('',#1642);
#1642 = CARTESIAN_POINT('',(-10.5,-0.47,1.));
#1643 = LINE('',#1644,#1645);
#1644 = CARTESIAN_POINT('',(-10.5,-25.,1.));
#1645 = VECTOR('',#1646,1.);
#1646 = DIRECTION('',(4.E-17,1.,0.));
#1647 = ORIENTED_EDGE('',*,*,#1648,.F.);
#1648 = EDGE_CURVE('',#1649,#1641,#1651,.T.);
#1649 = VERTEX_POINT('',#1650);
#1650 = CARTESIAN_POINT('',(-8.89,-0.47,1.));
#1651 = LINE('',#1652,#1653);
#1652 = CARTESIAN_POINT('',(-8.89,-0.47,1.));
#1653 = VECTOR('',#1654,1.);
#1654 = DIRECTION('',(-1.,0.,0.));
#1655 = ORIENTED_EDGE('',*,*,#1656,.F.);
#1656 = EDGE_CURVE('',#1657,#1649,#1659,.T.);
#1657 = VERTEX_POINT('',#1658);
#1658 = CARTESIAN_POINT('',(-8.89,-2.07,1.));
#1659 = CIRCLE('',#1660,0.8);
#1660 = AXIS2_PLACEMENT_3D('',#1661,#1662,#1663);
#1661 = CARTESIAN_POINT('',(-8.89,-1.27,1.));
#1662 = DIRECTION('',(0.,0.,1.));
#1663 = DIRECTION('',(1.,0.,-0.));
#1664 = ORIENTED_EDGE('',*,*,#1665,.T.);
#1665 = EDGE_CURVE('',#1657,#1666,#1668,.T.);
#1666 = VERTEX_POINT('',#1667);
#1667 = CARTESIAN_POINT('',(-10.5,-2.07,1.));
#1668 = LINE('',#1669,#1670);
#1669 = CARTESIAN_POINT('',(-8.89,-2.07,1.));
#1670 = VECTOR('',#1671,1.);
#1671 = DIRECTION('',(-1.,0.,0.));
#1672 = ORIENTED_EDGE('',*,*,#1673,.F.);
#1673 = EDGE_CURVE('',#1674,#1666,#1676,.T.);
#1674 = VERTEX_POINT('',#1675);
#1675 = CARTESIAN_POINT('',(-10.5,-3.01,1.));
#1676 = LINE('',#1677,#1678);
#1677 = CARTESIAN_POINT('',(-10.5,-25.,1.));
#1678 = VECTOR('',#1679,1.);
#1679 = DIRECTION('',(4.E-17,1.,0.));
#1680 = ORIENTED_EDGE('',*,*,#1681,.F.);
#1681 = EDGE_CURVE('',#1682,#1674,#1684,.T.);
#1682 = VERTEX_POINT('',#1683);
#1683 = CARTESIAN_POINT('',(-8.89,-3.01,1.));
#1684 = LINE('',#1685,#1686);
#1685 = CARTESIAN_POINT('',(-8.89,-3.01,1.));
#1686 = VECTOR('',#1687,1.);
#1687 = DIRECTION('',(-1.,0.,0.));
#1688 = ORIENTED_EDGE('',*,*,#1689,.F.);
#1689 = EDGE_CURVE('',#1690,#1682,#1692,.T.);
#1690 = VERTEX_POINT('',#1691);
#1691 = CARTESIAN_POINT('',(-8.89,-4.61,1.));
#1692 = CIRCLE('',#1693,0.8);
#1693 = AXIS2_PLACEMENT_3D('',#1694,#1695,#1696);
#1694 = CARTESIAN_POINT('',(-8.89,-3.81,1.));
#1695 = DIRECTION('',(0.,0.,1.));
#1696 = DIRECTION('',(1.,0.,-0.));
#1697 = ORIENTED_EDGE('',*,*,#1698,.T.);
#1698 = EDGE_CURVE('',#1690,#1699,#1701,.T.);
#1699 = VERTEX_POINT('',#1700);
#1700 = CARTESIAN_POINT('',(-10.5,-4.61,1.));
#1701 = LINE('',#1702,#1703);
#1702 = CARTESIAN_POINT('',(-8.89,-4.61,1.));
#1703 = VECTOR('',#1704,1.);
#1704 = DIRECTION('',(-1.,0.,0.));
#1705 = ORIENTED_EDGE('',*,*,#1706,.F.);
#1706 = EDGE_CURVE('',#1707,#1699,#1709,.T.);
#1707 = VERTEX_POINT('',#1708);
#1708 = CARTESIAN_POINT('',(-10.5,-5.549999999999,1.));
#1709 = LINE('',#1710,#1711);
#1710 = CARTESIAN_POINT('',(-10.5,-25.,1.));
#1711 = VECTOR('',#1712,1.);
#1712 = DIRECTION('',(4.E-17,1.,0.));
#1713 = ORIENTED_EDGE('',*,*,#1714,.F.);
#1714 = EDGE_CURVE('',#1715,#1707,#1717,.T.);
#1715 = VERTEX_POINT('',#1716);
#1716 = CARTESIAN_POINT('',(-8.29,-5.549999999999,1.));
#1717 = LINE('',#1718,#1719);
#1718 = CARTESIAN_POINT('',(-8.29,-5.549999999999,1.));
#1719 = VECTOR('',#1720,1.);
#1720 = DIRECTION('',(-1.,0.,0.));
#1721 = ORIENTED_EDGE('',*,*,#1722,.F.);
#1722 = EDGE_CURVE('',#1723,#1715,#1725,.T.);
#1723 = VERTEX_POINT('',#1724);
#1724 = CARTESIAN_POINT('',(-8.09,-5.749999999999,1.));
#1725 = CIRCLE('',#1726,0.2);
#1726 = AXIS2_PLACEMENT_3D('',#1727,#1728,#1729);
#1727 = CARTESIAN_POINT('',(-8.29,-5.749999999999,1.));
#1728 = DIRECTION('',(0.,0.,1.));
#1729 = DIRECTION('',(1.,0.,-0.));
#1730 = ORIENTED_EDGE('',*,*,#1731,.T.);
#1731 = EDGE_CURVE('',#1723,#1732,#1734,.T.);
#1732 = VERTEX_POINT('',#1733);
#1733 = CARTESIAN_POINT('',(-8.09,-6.950000000001,1.));
#1734 = LINE('',#1735,#1736);
#1735 = CARTESIAN_POINT('',(-8.09,-5.749999999999,1.));
#1736 = VECTOR('',#1737,1.);
#1737 = DIRECTION('',(0.,-1.,0.));
#1738 = ORIENTED_EDGE('',*,*,#1739,.F.);
#1739 = EDGE_CURVE('',#1740,#1732,#1742,.T.);
#1740 = VERTEX_POINT('',#1741);
#1741 = CARTESIAN_POINT('',(-8.29,-7.150000000001,1.));
#1742 = CIRCLE('',#1743,0.2);
#1743 = AXIS2_PLACEMENT_3D('',#1744,#1745,#1746);
#1744 = CARTESIAN_POINT('',(-8.29,-6.950000000001,1.));
#1745 = DIRECTION('',(0.,0.,1.));
#1746 = DIRECTION('',(1.,0.,-0.));
#1747 = ORIENTED_EDGE('',*,*,#1748,.T.);
#1748 = EDGE_CURVE('',#1740,#1749,#1751,.T.);
#1749 = VERTEX_POINT('',#1750);
#1750 = CARTESIAN_POINT('',(-10.5,-7.150000000001,1.));
#1751 = LINE('',#1752,#1753);
#1752 = CARTESIAN_POINT('',(-8.29,-7.150000000001,1.));
#1753 = VECTOR('',#1754,1.);
#1754 = DIRECTION('',(-1.,0.,0.));
#1755 = ORIENTED_EDGE('',*,*,#1756,.F.);
#1756 = EDGE_CURVE('',#1757,#1749,#1759,.T.);
#1757 = VERTEX_POINT('',#1758);
#1758 = CARTESIAN_POINT('',(-10.5,-8.09,1.));
#1759 = LINE('',#1760,#1761);
#1760 = CARTESIAN_POINT('',(-10.5,-25.,1.));
#1761 = VECTOR('',#1762,1.);
#1762 = DIRECTION('',(4.E-17,1.,0.));
#1763 = ORIENTED_EDGE('',*,*,#1764,.F.);
#1764 = EDGE_CURVE('',#1765,#1757,#1767,.T.);
#1765 = VERTEX_POINT('',#1766);
#1766 = CARTESIAN_POINT('',(-8.89,-8.09,1.));
#1767 = LINE('',#1768,#1769);
#1768 = CARTESIAN_POINT('',(-8.89,-8.09,1.));
#1769 = VECTOR('',#1770,1.);
#1770 = DIRECTION('',(-1.,0.,0.));
#1771 = ORIENTED_EDGE('',*,*,#1772,.F.);
#1772 = EDGE_CURVE('',#1773,#1765,#1775,.T.);
#1773 = VERTEX_POINT('',#1774);
#1774 = CARTESIAN_POINT('',(-8.89,-9.69,1.));
#1775 = CIRCLE('',#1776,0.8);
#1776 = AXIS2_PLACEMENT_3D('',#1777,#1778,#1779);
#1777 = CARTESIAN_POINT('',(-8.89,-8.89,1.));
#1778 = DIRECTION('',(0.,0.,1.));
#1779 = DIRECTION('',(1.,0.,-0.));
#1780 = ORIENTED_EDGE('',*,*,#1781,.T.);
#1781 = EDGE_CURVE('',#1773,#1782,#1784,.T.);
#1782 = VERTEX_POINT('',#1783);
#1783 = CARTESIAN_POINT('',(-10.5,-9.69,1.));
#1784 = LINE('',#1785,#1786);
#1785 = CARTESIAN_POINT('',(-8.89,-9.69,1.));
#1786 = VECTOR('',#1787,1.);
#1787 = DIRECTION('',(-1.,0.,0.));
#1788 = ORIENTED_EDGE('',*,*,#1789,.F.);
#1789 = EDGE_CURVE('',#1790,#1782,#1792,.T.);
#1790 = VERTEX_POINT('',#1791);
#1791 = CARTESIAN_POINT('',(-10.5,-10.63,1.));
#1792 = LINE('',#1793,#1794);
#1793 = CARTESIAN_POINT('',(-10.5,-25.,1.));
#1794 = VECTOR('',#1795,1.);
#1795 = DIRECTION('',(4.E-17,1.,0.));
#1796 = ORIENTED_EDGE('',*,*,#1797,.F.);
#1797 = EDGE_CURVE('',#1798,#1790,#1800,.T.);
#1798 = VERTEX_POINT('',#1799);
#1799 = CARTESIAN_POINT('',(-8.89,-10.63,1.));
#1800 = LINE('',#1801,#1802);
#1801 = CARTESIAN_POINT('',(-8.89,-10.63,1.));
#1802 = VECTOR('',#1803,1.);
#1803 = DIRECTION('',(-1.,0.,0.));
#1804 = ORIENTED_EDGE('',*,*,#1805,.F.);
#1805 = EDGE_CURVE('',#1806,#1798,#1808,.T.);
#1806 = VERTEX_POINT('',#1807);
#1807 = CARTESIAN_POINT('',(-8.89,-12.23,1.));
#1808 = CIRCLE('',#1809,0.8);
#1809 = AXIS2_PLACEMENT_3D('',#1810,#1811,#1812);
#1810 = CARTESIAN_POINT('',(-8.89,-11.43,1.));
#1811 = DIRECTION('',(0.,0.,1.));
#1812 = DIRECTION('',(1.,0.,-0.));
#1813 = ORIENTED_EDGE('',*,*,#1814,.T.);
#1814 = EDGE_CURVE('',#1806,#1815,#1817,.T.);
#1815 = VERTEX_POINT('',#1816);
#1816 = CARTESIAN_POINT('',(-10.5,-12.23,1.));
#1817 = LINE('',#1818,#1819);
#1818 = CARTESIAN_POINT('',(-8.89,-12.23,1.));
#1819 = VECTOR('',#1820,1.);
#1820 = DIRECTION('',(-1.,0.,0.));
#1821 = ORIENTED_EDGE('',*,*,#1822,.F.);
#1822 = EDGE_CURVE('',#1823,#1815,#1825,.T.);
#1823 = VERTEX_POINT('',#1824);
#1824 = CARTESIAN_POINT('',(-10.5,-13.17,1.));
#1825 = LINE('',#1826,#1827);
#1826 = CARTESIAN_POINT('',(-10.5,-25.,1.));
#1827 = VECTOR('',#1828,1.);
#1828 = DIRECTION('',(4.E-17,1.,0.));
#1829 = ORIENTED_EDGE('',*,*,#1830,.F.);
#1830 = EDGE_CURVE('',#1831,#1823,#1833,.T.);
#1831 = VERTEX_POINT('',#1832);
#1832 = CARTESIAN_POINT('',(-8.89,-13.17,1.));
#1833 = LINE('',#1834,#1835);
#1834 = CARTESIAN_POINT('',(-8.89,-13.17,1.));
#1835 = VECTOR('',#1836,1.);
#1836 = DIRECTION('',(-1.,0.,0.));
#1837 = ORIENTED_EDGE('',*,*,#1838,.F.);
#1838 = EDGE_CURVE('',#1839,#1831,#1841,.T.);
#1839 = VERTEX_POINT('',#1840);
#1840 = CARTESIAN_POINT('',(-8.89,-14.77,1.));
#1841 = CIRCLE('',#1842,0.8);
#1842 = AXIS2_PLACEMENT_3D('',#1843,#1844,#1845);
#1843 = CARTESIAN_POINT('',(-8.89,-13.97,1.));
#1844 = DIRECTION('',(0.,0.,1.));
#1845 = DIRECTION('',(1.,0.,-0.));
#1846 = ORIENTED_EDGE('',*,*,#1847,.T.);
#1847 = EDGE_CURVE('',#1839,#1848,#1850,.T.);
#1848 = VERTEX_POINT('',#1849);
#1849 = CARTESIAN_POINT('',(-10.5,-14.77,1.));
#1850 = LINE('',#1851,#1852);
#1851 = CARTESIAN_POINT('',(-8.89,-14.77,1.));
#1852 = VECTOR('',#1853,1.);
#1853 = DIRECTION('',(-1.,0.,0.));
#1854 = ORIENTED_EDGE('',*,*,#1855,.F.);
#1855 = EDGE_CURVE('',#1856,#1848,#1858,.T.);
#1856 = VERTEX_POINT('',#1857);
#1857 = CARTESIAN_POINT('',(-10.5,-15.71,1.));
#1858 = LINE('',#1859,#1860);
#1859 = CARTESIAN_POINT('',(-10.5,-25.,1.));
#1860 = VECTOR('',#1861,1.);
#1861 = DIRECTION('',(4.E-17,1.,0.));
#1862 = ORIENTED_EDGE('',*,*,#1863,.F.);
#1863 = EDGE_CURVE('',#1864,#1856,#1866,.T.);
#1864 = VERTEX_POINT('',#1865);
#1865 = CARTESIAN_POINT('',(-8.89,-15.71,1.));
#1866 = LINE('',#1867,#1868);
#1867 = CARTESIAN_POINT('',(-8.89,-15.71,1.));
#1868 = VECTOR('',#1869,1.);
#1869 = DIRECTION('',(-1.,0.,0.));
#1870 = ORIENTED_EDGE('',*,*,#1871,.F.);
#1871 = EDGE_CURVE('',#1872,#1864,#1874,.T.);
#1872 = VERTEX_POINT('',#1873);
#1873 = CARTESIAN_POINT('',(-8.89,-17.31,1.));
#1874 = CIRCLE('',#1875,0.8);
#1875 = AXIS2_PLACEMENT_3D('',#1876,#1877,#1878);
#1876 = CARTESIAN_POINT('',(-8.89,-16.51,1.));
#1877 = DIRECTION('',(0.,0.,1.));
#1878 = DIRECTION('',(1.,0.,-0.));
#1879 = ORIENTED_EDGE('',*,*,#1880,.T.);
#1880 = EDGE_CURVE('',#1872,#1881,#1883,.T.);
#1881 = VERTEX_POINT('',#1882);
#1882 = CARTESIAN_POINT('',(-10.5,-17.31,1.));
#1883 = LINE('',#1884,#1885);
#1884 = CARTESIAN_POINT('',(-8.89,-17.31,1.));
#1885 = VECTOR('',#1886,1.);
#1886 = DIRECTION('',(-1.,0.,0.));
#1887 = ORIENTED_EDGE('',*,*,#1888,.F.);
#1888 = EDGE_CURVE('',#1889,#1881,#1891,.T.);
#1889 = VERTEX_POINT('',#1890);
#1890 = CARTESIAN_POINT('',(-10.5,-18.24999999999,1.));
#1891 = LINE('',#1892,#1893);
#1892 = CARTESIAN_POINT('',(-10.5,-25.,1.));
#1893 = VECTOR('',#1894,1.);
#1894 = DIRECTION('',(4.E-17,1.,0.));
#1895 = ORIENTED_EDGE('',*,*,#1896,.F.);
#1896 = EDGE_CURVE('',#1897,#1889,#1899,.T.);
#1897 = VERTEX_POINT('',#1898);
#1898 = CARTESIAN_POINT('',(-8.29,-18.24999999999,1.));
#1899 = LINE('',#1900,#1901);
#1900 = CARTESIAN_POINT('',(-8.29,-18.24999999999,1.));
#1901 = VECTOR('',#1902,1.);
#1902 = DIRECTION('',(-1.,0.,0.));
#1903 = ORIENTED_EDGE('',*,*,#1904,.F.);
#1904 = EDGE_CURVE('',#1905,#1897,#1907,.T.);
#1905 = VERTEX_POINT('',#1906);
#1906 = CARTESIAN_POINT('',(-8.09,-18.44999999999,1.));
#1907 = CIRCLE('',#1908,0.2);
#1908 = AXIS2_PLACEMENT_3D('',#1909,#1910,#1911);
#1909 = CARTESIAN_POINT('',(-8.29,-18.44999999999,1.));
#1910 = DIRECTION('',(0.,0.,1.));
#1911 = DIRECTION('',(1.,0.,-0.));
#1912 = ORIENTED_EDGE('',*,*,#1913,.T.);
#1913 = EDGE_CURVE('',#1905,#1914,#1916,.T.);
#1914 = VERTEX_POINT('',#1915);
#1915 = CARTESIAN_POINT('',(-8.09,-19.65,1.));
#1916 = LINE('',#1917,#1918);
#1917 = CARTESIAN_POINT('',(-8.09,-18.44999999999,1.));
#1918 = VECTOR('',#1919,1.);
#1919 = DIRECTION('',(0.,-1.,0.));
#1920 = ORIENTED_EDGE('',*,*,#1921,.F.);
#1921 = EDGE_CURVE('',#1922,#1914,#1924,.T.);
#1922 = VERTEX_POINT('',#1923);
#1923 = CARTESIAN_POINT('',(-8.29,-19.85,1.));
#1924 = CIRCLE('',#1925,0.2);
#1925 = AXIS2_PLACEMENT_3D('',#1926,#1927,#1928);
#1926 = CARTESIAN_POINT('',(-8.29,-19.65,1.));
#1927 = DIRECTION('',(0.,0.,1.));
#1928 = DIRECTION('',(1.,0.,-0.));
#1929 = ORIENTED_EDGE('',*,*,#1930,.T.);
#1930 = EDGE_CURVE('',#1922,#1931,#1933,.T.);
#1931 = VERTEX_POINT('',#1932);
#1932 = CARTESIAN_POINT('',(-10.5,-19.85,1.));
#1933 = LINE('',#1934,#1935);
#1934 = CARTESIAN_POINT('',(-8.29,-19.85,1.));
#1935 = VECTOR('',#1936,1.);
#1936 = DIRECTION('',(-1.,0.,0.));
#1937 = ORIENTED_EDGE('',*,*,#1938,.F.);
#1938 = EDGE_CURVE('',#1939,#1931,#1941,.T.);
#1939 = VERTEX_POINT('',#1940);
#1940 = CARTESIAN_POINT('',(-10.5,-20.79,1.));
#1941 = LINE('',#1942,#1943);
#1942 = CARTESIAN_POINT('',(-10.5,-25.,1.));
#1943 = VECTOR('',#1944,1.);
#1944 = DIRECTION('',(4.E-17,1.,0.));
#1945 = ORIENTED_EDGE('',*,*,#1946,.F.);
#1946 = EDGE_CURVE('',#1947,#1939,#1949,.T.);
#1947 = VERTEX_POINT('',#1948);
#1948 = CARTESIAN_POINT('',(-8.89,-20.79,1.));
#1949 = LINE('',#1950,#1951);
#1950 = CARTESIAN_POINT('',(-8.89,-20.79,1.));
#1951 = VECTOR('',#1952,1.);
#1952 = DIRECTION('',(-1.,0.,0.));
#1953 = ORIENTED_EDGE('',*,*,#1954,.F.);
#1954 = EDGE_CURVE('',#1955,#1947,#1957,.T.);
#1955 = VERTEX_POINT('',#1956);
#1956 = CARTESIAN_POINT('',(-8.89,-22.39,1.));
#1957 = CIRCLE('',#1958,0.8);
#1958 = AXIS2_PLACEMENT_3D('',#1959,#1960,#1961);
#1959 = CARTESIAN_POINT('',(-8.89,-21.59,1.));
#1960 = DIRECTION('',(0.,0.,1.));
#1961 = DIRECTION('',(1.,0.,-0.));
#1962 = ORIENTED_EDGE('',*,*,#1963,.T.);
#1963 = EDGE_CURVE('',#1955,#1964,#1966,.T.);
#1964 = VERTEX_POINT('',#1965);
#1965 = CARTESIAN_POINT('',(-10.5,-22.39,1.));
#1966 = LINE('',#1967,#1968);
#1967 = CARTESIAN_POINT('',(-8.89,-22.39,1.));
#1968 = VECTOR('',#1969,1.);
#1969 = DIRECTION('',(-1.,0.,0.));
#1970 = ORIENTED_EDGE('',*,*,#1971,.F.);
#1971 = EDGE_CURVE('',#1972,#1964,#1974,.T.);
#1972 = VERTEX_POINT('',#1973);
#1973 = CARTESIAN_POINT('',(-10.5,-23.33,1.));
#1974 = LINE('',#1975,#1976);
#1975 = CARTESIAN_POINT('',(-10.5,-25.,1.));
#1976 = VECTOR('',#1977,1.);
#1977 = DIRECTION('',(4.E-17,1.,0.));
#1978 = ORIENTED_EDGE('',*,*,#1979,.F.);
#1979 = EDGE_CURVE('',#1980,#1972,#1982,.T.);
#1980 = VERTEX_POINT('',#1981);
#1981 = CARTESIAN_POINT('',(-8.89,-23.33,1.));
#1982 = LINE('',#1983,#1984);
#1983 = CARTESIAN_POINT('',(-8.89,-23.33,1.));
#1984 = VECTOR('',#1985,1.);
#1985 = DIRECTION('',(-1.,0.,0.));
#1986 = ORIENTED_EDGE('',*,*,#1987,.F.);
#1987 = EDGE_CURVE('',#1988,#1980,#1990,.T.);
#1988 = VERTEX_POINT('',#1989);
#1989 = CARTESIAN_POINT('',(-8.89,-24.93,1.));
#1990 = CIRCLE('',#1991,0.8);
#1991 = AXIS2_PLACEMENT_3D('',#1992,#1993,#1994);
#1992 = CARTESIAN_POINT('',(-8.89,-24.13,1.));
#1993 = DIRECTION('',(0.,0.,1.));
#1994 = DIRECTION('',(1.,0.,-0.));
#1995 = ORIENTED_EDGE('',*,*,#1996,.T.);
#1996 = EDGE_CURVE('',#1988,#333,#1997,.T.);
#1997 = LINE('',#1998,#1999);
#1998 = CARTESIAN_POINT('',(-8.89,-24.93,1.));
#1999 = VECTOR('',#2000,1.);
#2000 = DIRECTION('',(-1.,0.,0.));
#2001 = FACE_BOUND('',#2002,.T.);
#2002 = EDGE_LOOP('',(#2003));
#2003 = ORIENTED_EDGE('',*,*,#2004,.F.);
#2004 = EDGE_CURVE('',#2005,#2005,#2007,.T.);
#2005 = VERTEX_POINT('',#2006);
#2006 = CARTESIAN_POINT('',(-3.8,-23.5,1.));
#2007 = CIRCLE('',#2008,1.9);
#2008 = AXIS2_PLACEMENT_3D('',#2009,#2010,#2011);
#2009 = CARTESIAN_POINT('',(-5.7,-23.5,1.));
#2010 = DIRECTION('',(0.,0.,1.));
#2011 = DIRECTION('',(1.,0.,-0.));
#2012 = FACE_BOUND('',#2013,.T.);
#2013 = EDGE_LOOP('',(#2014,#2024,#2032,#2040));
#2014 = ORIENTED_EDGE('',*,*,#2015,.T.);
#2015 = EDGE_CURVE('',#2016,#2018,#2020,.T.);
#2016 = VERTEX_POINT('',#2017);
#2017 = CARTESIAN_POINT('',(-3.9,-10.3,1.));
#2018 = VERTEX_POINT('',#2019);
#2019 = CARTESIAN_POINT('',(-3.9,-7.8,1.));
#2020 = LINE('',#2021,#2022);
#2021 = CARTESIAN_POINT('',(-3.9,-10.3,1.));
#2022 = VECTOR('',#2023,1.);
#2023 = DIRECTION('',(0.,1.,0.));
#2024 = ORIENTED_EDGE('',*,*,#2025,.T.);
#2025 = EDGE_CURVE('',#2018,#2026,#2028,.T.);
#2026 = VERTEX_POINT('',#2027);
#2027 = CARTESIAN_POINT('',(-0.7,-7.8,1.));
#2028 = LINE('',#2029,#2030);
#2029 = CARTESIAN_POINT('',(-3.9,-7.8,1.));
#2030 = VECTOR('',#2031,1.);
#2031 = DIRECTION('',(1.,0.,0.));
#2032 = ORIENTED_EDGE('',*,*,#2033,.F.);
#2033 = EDGE_CURVE('',#2034,#2026,#2036,.T.);
#2034 = VERTEX_POINT('',#2035);
#2035 = CARTESIAN_POINT('',(-0.7,-10.3,1.));
#2036 = LINE('',#2037,#2038);
#2037 = CARTESIAN_POINT('',(-0.7,-10.3,1.));
#2038 = VECTOR('',#2039,1.);
#2039 = DIRECTION('',(0.,1.,0.));
#2040 = ORIENTED_EDGE('',*,*,#2041,.F.);
#2041 = EDGE_CURVE('',#2016,#2034,#2042,.T.);
#2042 = LINE('',#2043,#2044);
#2043 = CARTESIAN_POINT('',(-3.9,-10.3,1.));
#2044 = VECTOR('',#2045,1.);
#2045 = DIRECTION('',(1.,0.,0.));
#2046 = FACE_BOUND('',#2047,.T.);
#2047 = EDGE_LOOP('',(#2048,#2058,#2066,#2074));
#2048 = ORIENTED_EDGE('',*,*,#2049,.T.);
#2049 = EDGE_CURVE('',#2050,#2052,#2054,.T.);
#2050 = VERTEX_POINT('',#2051);
#2051 = CARTESIAN_POINT('',(-3.5,-4.,1.));
#2052 = VERTEX_POINT('',#2053);
#2053 = CARTESIAN_POINT('',(-3.5,3.,1.));
#2054 = LINE('',#2055,#2056);
#2055 = CARTESIAN_POINT('',(-3.5,-4.,1.));
#2056 = VECTOR('',#2057,1.);
#2057 = DIRECTION('',(0.,1.,0.));
#2058 = ORIENTED_EDGE('',*,*,#2059,.T.);
#2059 = EDGE_CURVE('',#2052,#2060,#2062,.T.);
#2060 = VERTEX_POINT('',#2061);
#2061 = CARTESIAN_POINT('',(3.5,3.,1.));
#2062 = LINE('',#2063,#2064);
#2063 = CARTESIAN_POINT('',(-3.5,3.,1.));
#2064 = VECTOR('',#2065,1.);
#2065 = DIRECTION('',(1.,0.,0.));
#2066 = ORIENTED_EDGE('',*,*,#2067,.F.);
#2067 = EDGE_CURVE('',#2068,#2060,#2070,.T.);
#2068 = VERTEX_POINT('',#2069);
#2069 = CARTESIAN_POINT('',(3.5,-4.,1.));
#2070 = LINE('',#2071,#2072);
#2071 = CARTESIAN_POINT('',(3.5,-4.,1.));
#2072 = VECTOR('',#2073,1.);
#2073 = DIRECTION('',(0.,1.,0.));
#2074 = ORIENTED_EDGE('',*,*,#2075,.F.);
#2075 = EDGE_CURVE('',#2050,#2068,#2076,.T.);
#2076 = LINE('',#2077,#2078);
#2077 = CARTESIAN_POINT('',(-3.5,-4.,1.));
#2078 = VECTOR('',#2079,1.);
#2079 = DIRECTION('',(1.,0.,0.));
#2080 = FACE_BOUND('',#2081,.T.);
#2081 = EDGE_LOOP('',(#2082));
#2082 = ORIENTED_EDGE('',*,*,#2083,.F.);
#2083 = EDGE_CURVE('',#2084,#2084,#2086,.T.);
#2084 = VERTEX_POINT('',#2085);
#2085 = CARTESIAN_POINT('',(3.8,-23.5,1.));
#2086 = CIRCLE('',#2087,1.9);
#2087 = AXIS2_PLACEMENT_3D('',#2088,#2089,#2090);
#2088 = CARTESIAN_POINT('',(5.7,-23.5,1.));
#2089 = DIRECTION('',(-2.2E-16,0.,1.));
#2090 = DIRECTION('',(-1.,2.2E-16,-2.2E-16));
#2091 = FACE_BOUND('',#2092,.T.);
#2092 = EDGE_LOOP('',(#2093,#2103,#2111,#2119));
#2093 = ORIENTED_EDGE('',*,*,#2094,.T.);
#2094 = EDGE_CURVE('',#2095,#2097,#2099,.T.);
#2095 = VERTEX_POINT('',#2096);
#2096 = CARTESIAN_POINT('',(-2.8,4.9,1.));
#2097 = VERTEX_POINT('',#2098);
#2098 = CARTESIAN_POINT('',(-4.8,4.9,1.));
#2099 = LINE('',#2100,#2101);
#2100 = CARTESIAN_POINT('',(-2.8,4.9,1.));
#2101 = VECTOR('',#2102,1.);
#2102 = DIRECTION('',(-1.,0.,0.));
#2103 = ORIENTED_EDGE('',*,*,#2104,.T.);
#2104 = EDGE_CURVE('',#2097,#2105,#2107,.T.);
#2105 = VERTEX_POINT('',#2106);
#2106 = CARTESIAN_POINT('',(-4.8,7.9,1.));
#2107 = LINE('',#2108,#2109);
#2108 = CARTESIAN_POINT('',(-4.8,4.9,1.));
#2109 = VECTOR('',#2110,1.);
#2110 = DIRECTION('',(0.,1.,0.));
#2111 = ORIENTED_EDGE('',*,*,#2112,.F.);
#2112 = EDGE_CURVE('',#2113,#2105,#2115,.T.);
#2113 = VERTEX_POINT('',#2114);
#2114 = CARTESIAN_POINT('',(-2.8,7.9,1.));
#2115 = LINE('',#2116,#2117);
#2116 = CARTESIAN_POINT('',(-2.8,7.9,1.));
#2117 = VECTOR('',#2118,1.);
#2118 = DIRECTION('',(-1.,0.,0.));
#2119 = ORIENTED_EDGE('',*,*,#2120,.F.);
#2120 = EDGE_CURVE('',#2095,#2113,#2121,.T.);
#2121 = LINE('',#2122,#2123);
#2122 = CARTESIAN_POINT('',(-2.8,4.9,1.));
#2123 = VECTOR('',#2124,1.);
#2124 = DIRECTION('',(0.,1.,0.));
#2125 = FACE_BOUND('',#2126,.T.);
#2126 = EDGE_LOOP('',(#2127,#2128,#2129,#2135));
#2127 = ORIENTED_EDGE('',*,*,#314,.T.);
#2128 = ORIENTED_EDGE('',*,*,#273,.T.);
#2129 = ORIENTED_EDGE('',*,*,#2130,.F.);
#2130 = EDGE_CURVE('',#219,#276,#2131,.T.);
#2131 = LINE('',#2132,#2133);
#2132 = CARTESIAN_POINT('',(-4.9,20.3,1.));
#2133 = VECTOR('',#2134,1.);
#2134 = DIRECTION('',(0.,1.,0.));
#2135 = ORIENTED_EDGE('',*,*,#216,.F.);
#2136 = FACE_BOUND('',#2137,.T.);
#2137 = EDGE_LOOP('',(#2138));
#2138 = ORIENTED_EDGE('',*,*,#2139,.F.);
#2139 = EDGE_CURVE('',#2140,#2140,#2142,.T.);
#2140 = VERTEX_POINT('',#2141);
#2141 = CARTESIAN_POINT('',(-3.8,23.5,1.));
#2142 = CIRCLE('',#2143,1.9);
#2143 = AXIS2_PLACEMENT_3D('',#2144,#2145,#2146);
#2144 = CARTESIAN_POINT('',(-5.7,23.5,1.));
#2145 = DIRECTION('',(0.,0.,1.));
#2146 = DIRECTION('',(1.,0.,-0.));
#2147 = FACE_BOUND('',#2148,.T.);
#2148 = EDGE_LOOP('',(#2149,#2159,#2167,#2175));
#2149 = ORIENTED_EDGE('',*,*,#2150,.T.);
#2150 = EDGE_CURVE('',#2151,#2153,#2155,.T.);
#2151 = VERTEX_POINT('',#2152);
#2152 = CARTESIAN_POINT('',(-5.1,11.375,1.));
#2153 = VERTEX_POINT('',#2154);
#2154 = CARTESIAN_POINT('',(-5.1,15.625,1.));
#2155 = LINE('',#2156,#2157);
#2156 = CARTESIAN_POINT('',(-5.1,11.375,1.));
#2157 = VECTOR('',#2158,1.);
#2158 = DIRECTION('',(0.,1.,0.));
#2159 = ORIENTED_EDGE('',*,*,#2160,.T.);
#2160 = EDGE_CURVE('',#2153,#2161,#2163,.T.);
#2161 = VERTEX_POINT('',#2162);
#2162 = CARTESIAN_POINT('',(-1.9,15.625,1.));
#2163 = LINE('',#2164,#2165);
#2164 = CARTESIAN_POINT('',(-5.1,15.625,1.));
#2165 = VECTOR('',#2166,1.);
#2166 = DIRECTION('',(1.,0.,0.));
#2167 = ORIENTED_EDGE('',*,*,#2168,.F.);
#2168 = EDGE_CURVE('',#2169,#2161,#2171,.T.);
#2169 = VERTEX_POINT('',#2170);
#2170 = CARTESIAN_POINT('',(-1.9,11.375,1.));
#2171 = LINE('',#2172,#2173);
#2172 = CARTESIAN_POINT('',(-1.9,11.375,1.));
#2173 = VECTOR('',#2174,1.);
#2174 = DIRECTION('',(0.,1.,0.));
#2175 = ORIENTED_EDGE('',*,*,#2176,.F.);
#2176 = EDGE_CURVE('',#2151,#2169,#2177,.T.);
#2177 = LINE('',#2178,#2179);
#2178 = CARTESIAN_POINT('',(-5.1,11.375,1.));
#2179 = VECTOR('',#2180,1.);
#2180 = DIRECTION('',(1.,0.,0.));
#2181 = FACE_BOUND('',#2182,.T.);
#2182 = EDGE_LOOP('',(#2183,#2193,#2201,#2209));
#2183 = ORIENTED_EDGE('',*,*,#2184,.T.);
#2184 = EDGE_CURVE('',#2185,#2187,#2189,.T.);
#2185 = VERTEX_POINT('',#2186);
#2186 = CARTESIAN_POINT('',(1.9,11.475,1.));
#2187 = VERTEX_POINT('',#2188);
#2188 = CARTESIAN_POINT('',(1.9,12.725,1.));
#2189 = LINE('',#2190,#2191);
#2190 = CARTESIAN_POINT('',(1.9,11.475,1.));
#2191 = VECTOR('',#2192,1.);
#2192 = DIRECTION('',(0.,1.,0.));
#2193 = ORIENTED_EDGE('',*,*,#2194,.T.);
#2194 = EDGE_CURVE('',#2187,#2195,#2197,.T.);
#2195 = VERTEX_POINT('',#2196);
#2196 = CARTESIAN_POINT('',(3.9,12.725,1.));
#2197 = LINE('',#2198,#2199);
#2198 = CARTESIAN_POINT('',(1.9,12.725,1.));
#2199 = VECTOR('',#2200,1.);
#2200 = DIRECTION('',(1.,0.,0.));
#2201 = ORIENTED_EDGE('',*,*,#2202,.F.);
#2202 = EDGE_CURVE('',#2203,#2195,#2205,.T.);
#2203 = VERTEX_POINT('',#2204);
#2204 = CARTESIAN_POINT('',(3.9,11.475,1.));
#2205 = LINE('',#2206,#2207);
#2206 = CARTESIAN_POINT('',(3.9,11.475,1.));
#2207 = VECTOR('',#2208,1.);
#2208 = DIRECTION('',(0.,1.,0.));
#2209 = ORIENTED_EDGE('',*,*,#2210,.F.);
#2210 = EDGE_CURVE('',#2185,#2203,#2211,.T.);
#2211 = LINE('',#2212,#2213);
#2212 = CARTESIAN_POINT('',(1.9,11.475,1.));
#2213 = VECTOR('',#2214,1.);
#2214 = DIRECTION('',(1.,0.,0.));
#2215 = FACE_BOUND('',#2216,.T.);
#2216 = EDGE_LOOP('',(#2217,#2227,#2235,#2243));
#2217 = ORIENTED_EDGE('',*,*,#2218,.T.);
#2218 = EDGE_CURVE('',#2219,#2221,#2223,.T.);
#2219 = VERTEX_POINT('',#2220);
#2220 = CARTESIAN_POINT('',(5.6,6.8,1.));
#2221 = VERTEX_POINT('',#2222);
#2222 = CARTESIAN_POINT('',(5.6,7.6,1.));
#2223 = LINE('',#2224,#2225);
#2224 = CARTESIAN_POINT('',(5.6,6.8,1.));
#2225 = VECTOR('',#2226,1.);
#2226 = DIRECTION('',(0.,1.,0.));
#2227 = ORIENTED_EDGE('',*,*,#2228,.T.);
#2228 = EDGE_CURVE('',#2221,#2229,#2231,.T.);
#2229 = VERTEX_POINT('',#2230);
#2230 = CARTESIAN_POINT('',(7.2,7.6,1.));
#2231 = LINE('',#2232,#2233);
#2232 = CARTESIAN_POINT('',(5.6,7.6,1.));
#2233 = VECTOR('',#2234,1.);
#2234 = DIRECTION('',(1.,0.,0.));
#2235 = ORIENTED_EDGE('',*,*,#2236,.F.);
#2236 = EDGE_CURVE('',#2237,#2229,#2239,.T.);
#2237 = VERTEX_POINT('',#2238);
#2238 = CARTESIAN_POINT('',(7.2,6.8,1.));
#2239 = LINE('',#2240,#2241);
#2240 = CARTESIAN_POINT('',(7.2,6.8,1.));
#2241 = VECTOR('',#2242,1.);
#2242 = DIRECTION('',(0.,1.,0.));
#2243 = ORIENTED_EDGE('',*,*,#2244,.F.);
#2244 = EDGE_CURVE('',#2219,#2237,#2245,.T.);
#2245 = LINE('',#2246,#2247);
#2246 = CARTESIAN_POINT('',(5.6,6.8,1.));
#2247 = VECTOR('',#2248,1.);
#2248 = DIRECTION('',(1.,0.,0.));
#2249 = FACE_BOUND('',#2250,.T.);
#2250 = EDGE_LOOP('',(#2251,#2261,#2269,#2277));
#2251 = ORIENTED_EDGE('',*,*,#2252,.T.);
#2252 = EDGE_CURVE('',#2253,#2255,#2257,.T.);
#2253 = VERTEX_POINT('',#2254);
#2254 = CARTESIAN_POINT('',(4.15,15.85,1.));
#2255 = VERTEX_POINT('',#2256);
#2256 = CARTESIAN_POINT('',(4.15,13.35,1.));
#2257 = LINE('',#2258,#2259);
#2258 = CARTESIAN_POINT('',(4.15,15.85,1.));
#2259 = VECTOR('',#2260,1.);
#2260 = DIRECTION('',(0.,-1.,0.));
#2261 = ORIENTED_EDGE('',*,*,#2262,.T.);
#2262 = EDGE_CURVE('',#2255,#2263,#2265,.T.);
#2263 = VERTEX_POINT('',#2264);
#2264 = CARTESIAN_POINT('',(1.65,13.35,1.));
#2265 = LINE('',#2266,#2267);
#2266 = CARTESIAN_POINT('',(4.15,13.35,1.));
#2267 = VECTOR('',#2268,1.);
#2268 = DIRECTION('',(-1.,0.,0.));
#2269 = ORIENTED_EDGE('',*,*,#2270,.F.);
#2270 = EDGE_CURVE('',#2271,#2263,#2273,.T.);
#2271 = VERTEX_POINT('',#2272);
#2272 = CARTESIAN_POINT('',(1.65,15.85,1.));
#2273 = LINE('',#2274,#2275);
#2274 = CARTESIAN_POINT('',(1.65,15.85,1.));
#2275 = VECTOR('',#2276,1.);
#2276 = DIRECTION('',(0.,-1.,0.));
#2277 = ORIENTED_EDGE('',*,*,#2278,.F.);
#2278 = EDGE_CURVE('',#2253,#2271,#2279,.T.);
#2279 = LINE('',#2280,#2281);
#2280 = CARTESIAN_POINT('',(4.15,15.85,1.));
#2281 = VECTOR('',#2282,1.);
#2282 = DIRECTION('',(-1.,0.,0.));
#2283 = FACE_BOUND('',#2284,.T.);
#2284 = EDGE_LOOP('',(#2285,#2295,#2303,#2311));
#2285 = ORIENTED_EDGE('',*,*,#2286,.T.);
#2286 = EDGE_CURVE('',#2287,#2289,#2291,.T.);
#2287 = VERTEX_POINT('',#2288);
#2288 = CARTESIAN_POINT('',(1.9,16.475,1.));
#2289 = VERTEX_POINT('',#2290);
#2290 = CARTESIAN_POINT('',(1.9,17.725,1.));
#2291 = LINE('',#2292,#2293);
#2292 = CARTESIAN_POINT('',(1.9,16.475,1.));
#2293 = VECTOR('',#2294,1.);
#2294 = DIRECTION('',(0.,1.,0.));
#2295 = ORIENTED_EDGE('',*,*,#2296,.T.);
#2296 = EDGE_CURVE('',#2289,#2297,#2299,.T.);
#2297 = VERTEX_POINT('',#2298);
#2298 = CARTESIAN_POINT('',(3.9,17.725,1.));
#2299 = LINE('',#2300,#2301);
#2300 = CARTESIAN_POINT('',(1.9,17.725,1.));
#2301 = VECTOR('',#2302,1.);
#2302 = DIRECTION('',(1.,0.,0.));
#2303 = ORIENTED_EDGE('',*,*,#2304,.F.);
#2304 = EDGE_CURVE('',#2305,#2297,#2307,.T.);
#2305 = VERTEX_POINT('',#2306);
#2306 = CARTESIAN_POINT('',(3.9,16.475,1.));
#2307 = LINE('',#2308,#2309);
#2308 = CARTESIAN_POINT('',(3.9,16.475,1.));
#2309 = VECTOR('',#2310,1.);
#2310 = DIRECTION('',(0.,1.,0.));
#2311 = ORIENTED_EDGE('',*,*,#2312,.F.);
#2312 = EDGE_CURVE('',#2287,#2305,#2313,.T.);
#2313 = LINE('',#2314,#2315);
#2314 = CARTESIAN_POINT('',(1.9,16.475,1.));
#2315 = VECTOR('',#2316,1.);
#2316 = DIRECTION('',(1.,0.,0.));
#2317 = FACE_BOUND('',#2318,.T.);
#2318 = EDGE_LOOP('',(#2319,#2329,#2337,#2345));
#2319 = ORIENTED_EDGE('',*,*,#2320,.T.);
#2320 = EDGE_CURVE('',#2321,#2323,#2325,.T.);
#2321 = VERTEX_POINT('',#2322);
#2322 = CARTESIAN_POINT('',(5.,13.35,1.));
#2323 = VERTEX_POINT('',#2324);
#2324 = CARTESIAN_POINT('',(5.,15.85,1.));
#2325 = LINE('',#2326,#2327);
#2326 = CARTESIAN_POINT('',(5.,13.35,1.));
#2327 = VECTOR('',#2328,1.);
#2328 = DIRECTION('',(0.,1.,0.));
#2329 = ORIENTED_EDGE('',*,*,#2330,.T.);
#2330 = EDGE_CURVE('',#2323,#2331,#2333,.T.);
#2331 = VERTEX_POINT('',#2332);
#2332 = CARTESIAN_POINT('',(7.,15.85,1.));
#2333 = LINE('',#2334,#2335);
#2334 = CARTESIAN_POINT('',(5.,15.85,1.));
#2335 = VECTOR('',#2336,1.);
#2336 = DIRECTION('',(1.,0.,0.));
#2337 = ORIENTED_EDGE('',*,*,#2338,.F.);
#2338 = EDGE_CURVE('',#2339,#2331,#2341,.T.);
#2339 = VERTEX_POINT('',#2340);
#2340 = CARTESIAN_POINT('',(7.,13.35,1.));
#2341 = LINE('',#2342,#2343);
#2342 = CARTESIAN_POINT('',(7.,13.35,1.));
#2343 = VECTOR('',#2344,1.);
#2344 = DIRECTION('',(0.,1.,0.));
#2345 = ORIENTED_EDGE('',*,*,#2346,.F.);
#2346 = EDGE_CURVE('',#2321,#2339,#2347,.T.);
#2347 = LINE('',#2348,#2349);
#2348 = CARTESIAN_POINT('',(5.,13.35,1.));
#2349 = VECTOR('',#2350,1.);
#2350 = DIRECTION('',(1.,0.,0.));
#2351 = FACE_BOUND('',#2352,.T.);
#2352 = EDGE_LOOP('',(#2353,#2363,#2371,#2379,#2387,#2395,#2403,#2411,
    #2419,#2427,#2435,#2443));
#2353 = ORIENTED_EDGE('',*,*,#2354,.T.);
#2354 = EDGE_CURVE('',#2355,#2357,#2359,.T.);
#2355 = VERTEX_POINT('',#2356);
#2356 = CARTESIAN_POINT('',(5.175,17.55,1.));
#2357 = VERTEX_POINT('',#2358);
#2358 = CARTESIAN_POINT('',(5.175,20.25,1.));
#2359 = LINE('',#2360,#2361);
#2360 = CARTESIAN_POINT('',(5.175,17.55,1.));
#2361 = VECTOR('',#2362,1.);
#2362 = DIRECTION('',(0.,1.,0.));
#2363 = ORIENTED_EDGE('',*,*,#2364,.T.);
#2364 = EDGE_CURVE('',#2357,#2365,#2367,.T.);
#2365 = VERTEX_POINT('',#2366);
#2366 = CARTESIAN_POINT('',(5.55,20.25,1.));
#2367 = LINE('',#2368,#2369);
#2368 = CARTESIAN_POINT('',(5.175,20.25,1.));
#2369 = VECTOR('',#2370,1.);
#2370 = DIRECTION('',(1.,0.,0.));
#2371 = ORIENTED_EDGE('',*,*,#2372,.F.);
#2372 = EDGE_CURVE('',#2373,#2365,#2375,.T.);
#2373 = VERTEX_POINT('',#2374);
#2374 = CARTESIAN_POINT('',(5.55,20.7,1.));
#2375 = LINE('',#2376,#2377);
#2376 = CARTESIAN_POINT('',(5.55,20.7,1.));
#2377 = VECTOR('',#2378,1.);
#2378 = DIRECTION('',(7.8E-16,-1.,2.2E-16));
#2379 = ORIENTED_EDGE('',*,*,#2380,.T.);
#2380 = EDGE_CURVE('',#2373,#2381,#2383,.T.);
#2381 = VERTEX_POINT('',#2382);
#2382 = CARTESIAN_POINT('',(6.45,20.7,1.));
#2383 = LINE('',#2384,#2385);
#2384 = CARTESIAN_POINT('',(5.55,20.7,1.));
#2385 = VECTOR('',#2386,1.);
#2386 = DIRECTION('',(1.,-1.1E-16,-6.E-17));
#2387 = ORIENTED_EDGE('',*,*,#2388,.T.);
#2388 = EDGE_CURVE('',#2381,#2389,#2391,.T.);
#2389 = VERTEX_POINT('',#2390);
#2390 = CARTESIAN_POINT('',(6.45,20.25,1.));
#2391 = LINE('',#2392,#2393);
#2392 = CARTESIAN_POINT('',(6.45,20.7,1.));
#2393 = VECTOR('',#2394,1.);
#2394 = DIRECTION('',(7.8E-16,-1.,2.2E-16));
#2395 = ORIENTED_EDGE('',*,*,#2396,.T.);
#2396 = EDGE_CURVE('',#2389,#2397,#2399,.T.);
#2397 = VERTEX_POINT('',#2398);
#2398 = CARTESIAN_POINT('',(6.825,20.25,1.));
#2399 = LINE('',#2400,#2401);
#2400 = CARTESIAN_POINT('',(5.175,20.25,1.));
#2401 = VECTOR('',#2402,1.);
#2402 = DIRECTION('',(1.,0.,0.));
#2403 = ORIENTED_EDGE('',*,*,#2404,.F.);
#2404 = EDGE_CURVE('',#2405,#2397,#2407,.T.);
#2405 = VERTEX_POINT('',#2406);
#2406 = CARTESIAN_POINT('',(6.825,17.55,1.));
#2407 = LINE('',#2408,#2409);
#2408 = CARTESIAN_POINT('',(6.825,17.55,1.));
#2409 = VECTOR('',#2410,1.);
#2410 = DIRECTION('',(0.,1.,0.));
#2411 = ORIENTED_EDGE('',*,*,#2412,.F.);
#2412 = EDGE_CURVE('',#2413,#2405,#2415,.T.);
#2413 = VERTEX_POINT('',#2414);
#2414 = CARTESIAN_POINT('',(6.45,17.55,1.));
#2415 = LINE('',#2416,#2417);
#2416 = CARTESIAN_POINT('',(5.175,17.55,1.));
#2417 = VECTOR('',#2418,1.);
#2418 = DIRECTION('',(1.,0.,0.));
#2419 = ORIENTED_EDGE('',*,*,#2420,.F.);
#2420 = EDGE_CURVE('',#2421,#2413,#2423,.T.);
#2421 = VERTEX_POINT('',#2422);
#2422 = CARTESIAN_POINT('',(6.45,17.1,1.));
#2423 = LINE('',#2424,#2425);
#2424 = CARTESIAN_POINT('',(6.45,17.1,1.));
#2425 = VECTOR('',#2426,1.);
#2426 = DIRECTION('',(-2.2E-16,1.,-3.3E-16));
#2427 = ORIENTED_EDGE('',*,*,#2428,.F.);
#2428 = EDGE_CURVE('',#2429,#2421,#2431,.T.);
#2429 = VERTEX_POINT('',#2430);
#2430 = CARTESIAN_POINT('',(5.55,17.1,1.));
#2431 = LINE('',#2432,#2433);
#2432 = CARTESIAN_POINT('',(5.55,17.1,1.));
#2433 = VECTOR('',#2434,1.);
#2434 = DIRECTION('',(1.,-4.4E-16,3.9E-16));
#2435 = ORIENTED_EDGE('',*,*,#2436,.T.);
#2436 = EDGE_CURVE('',#2429,#2437,#2439,.T.);
#2437 = VERTEX_POINT('',#2438);
#2438 = CARTESIAN_POINT('',(5.55,17.55,1.));
#2439 = LINE('',#2440,#2441);
#2440 = CARTESIAN_POINT('',(5.55,17.1,1.));
#2441 = VECTOR('',#2442,1.);
#2442 = DIRECTION('',(-2.2E-16,1.,-3.3E-16));
#2443 = ORIENTED_EDGE('',*,*,#2444,.F.);
#2444 = EDGE_CURVE('',#2355,#2437,#2445,.T.);
#2445 = LINE('',#2446,#2447);
#2446 = CARTESIAN_POINT('',(5.175,17.55,1.));
#2447 = VECTOR('',#2448,1.);
#2448 = DIRECTION('',(1.,0.,0.));
#2449 = FACE_BOUND('',#2450,.T.);
#2450 = EDGE_LOOP('',(#2451));
#2451 = ORIENTED_EDGE('',*,*,#2452,.F.);
#2452 = EDGE_CURVE('',#2453,#2453,#2455,.T.);
#2453 = VERTEX_POINT('',#2454);
#2454 = CARTESIAN_POINT('',(3.8,23.5,1.));
#2455 = CIRCLE('',#2456,1.9);
#2456 = AXIS2_PLACEMENT_3D('',#2457,#2458,#2459);
#2457 = CARTESIAN_POINT('',(5.7,23.5,1.));
#2458 = DIRECTION('',(-2.2E-16,0.,1.));
#2459 = DIRECTION('',(-1.,2.2E-16,-2.2E-16));
#2460 = PLANE('',#2461);
#2461 = AXIS2_PLACEMENT_3D('',#2462,#2463,#2464);
#2462 = CARTESIAN_POINT('',(4.3E-16,1.14E-15,1.));
#2463 = DIRECTION('',(0.,0.,1.));
#2464 = DIRECTION('',(1.,0.,-0.));
#2465 = ADVANCED_FACE('',(#2466),#2477,.T.);
#2466 = FACE_BOUND('',#2467,.T.);
#2467 = EDGE_LOOP('',(#2468,#2469,#2470,#2471));
#2468 = ORIENTED_EDGE('',*,*,#242,.F.);
#2469 = ORIENTED_EDGE('',*,*,#2130,.T.);
#2470 = ORIENTED_EDGE('',*,*,#299,.T.);
#2471 = ORIENTED_EDGE('',*,*,#2472,.F.);
#2472 = EDGE_CURVE('',#235,#292,#2473,.T.);
#2473 = LINE('',#2474,#2475);
#2474 = CARTESIAN_POINT('',(-4.9,20.3,1.3));
#2475 = VECTOR('',#2476,1.);
#2476 = DIRECTION('',(0.,1.,0.));
#2477 = PLANE('',#2478);
#2478 = AXIS2_PLACEMENT_3D('',#2479,#2480,#2481);
#2479 = CARTESIAN_POINT('',(-4.9,20.3,1.));
#2480 = DIRECTION('',(1.,0.,0.));
#2481 = DIRECTION('',(0.,0.,1.));
#2482 = ADVANCED_FACE('',(#2483),#2489,.T.);
#2483 = FACE_BOUND('',#2484,.T.);
#2484 = EDGE_LOOP('',(#2485,#2486,#2487,#2488));
#2485 = ORIENTED_EDGE('',*,*,#291,.F.);
#2486 = ORIENTED_EDGE('',*,*,#257,.F.);
#2487 = ORIENTED_EDGE('',*,*,#234,.T.);
#2488 = ORIENTED_EDGE('',*,*,#2472,.T.);
#2489 = PLANE('',#2490);
#2490 = AXIS2_PLACEMENT_3D('',#2491,#2492,#2493);
#2491 = CARTESIAN_POINT('',(-6.5,20.3,1.3));
#2492 = DIRECTION('',(0.,0.,1.));
#2493 = DIRECTION('',(1.,0.,-0.));
#2494 = ADVANCED_FACE('',(#2495),#2520,.T.);
#2495 = FACE_BOUND('',#2496,.T.);
#2496 = EDGE_LOOP('',(#2497,#2507,#2513,#2514));
#2497 = ORIENTED_EDGE('',*,*,#2498,.F.);
#2498 = EDGE_CURVE('',#2499,#2501,#2503,.T.);
#2499 = VERTEX_POINT('',#2500);
#2500 = CARTESIAN_POINT('',(-10.5,-25.,0.));
#2501 = VERTEX_POINT('',#2502);
#2502 = CARTESIAN_POINT('',(-10.5,-24.93,5.E-15));
#2503 = LINE('',#2504,#2505);
#2504 = CARTESIAN_POINT('',(-10.5,-25.,0.));
#2505 = VECTOR('',#2506,1.);
#2506 = DIRECTION('',(4.E-17,1.,0.));
#2507 = ORIENTED_EDGE('',*,*,#2508,.T.);
#2508 = EDGE_CURVE('',#2499,#331,#2509,.T.);
#2509 = LINE('',#2510,#2511);
#2510 = CARTESIAN_POINT('',(-10.5,-25.,0.));
#2511 = VECTOR('',#2512,1.);
#2512 = DIRECTION('',(0.,0.,1.));
#2513 = ORIENTED_EDGE('',*,*,#330,.T.);
#2514 = ORIENTED_EDGE('',*,*,#2515,.F.);
#2515 = EDGE_CURVE('',#2501,#333,#2516,.T.);
#2516 = LINE('',#2517,#2518);
#2517 = CARTESIAN_POINT('',(-10.5,-24.93,5.E-15));
#2518 = VECTOR('',#2519,1.);
#2519 = DIRECTION('',(0.,0.,1.));
#2520 = PLANE('',#2521);
#2521 = AXIS2_PLACEMENT_3D('',#2522,#2523,#2524);
#2522 = CARTESIAN_POINT('',(-10.5,-25.,0.));
#2523 = DIRECTION('',(-1.,4.E-17,0.));
#2524 = DIRECTION('',(4.E-17,1.,0.));
#2525 = ADVANCED_FACE('',(#2526,#2554),#2565,.T.);
#2526 = FACE_BOUND('',#2527,.T.);
#2527 = EDGE_LOOP('',(#2528,#2536,#2537,#2538,#2539,#2547));
#2528 = ORIENTED_EDGE('',*,*,#2529,.F.);
#2529 = EDGE_CURVE('',#333,#2530,#2532,.T.);
#2530 = VERTEX_POINT('',#2531);
#2531 = CARTESIAN_POINT('',(-10.5,-24.62989998999,1.));
#2532 = LINE('',#2533,#2534);
#2533 = CARTESIAN_POINT('',(-10.5,-25.,1.));
#2534 = VECTOR('',#2535,1.);
#2535 = DIRECTION('',(4.E-17,1.,0.));
#2536 = ORIENTED_EDGE('',*,*,#1996,.F.);
#2537 = ORIENTED_EDGE('',*,*,#1987,.T.);
#2538 = ORIENTED_EDGE('',*,*,#1979,.T.);
#2539 = ORIENTED_EDGE('',*,*,#2540,.F.);
#2540 = EDGE_CURVE('',#2541,#1972,#2543,.T.);
#2541 = VERTEX_POINT('',#2542);
#2542 = CARTESIAN_POINT('',(-10.5,-23.63010001,1.));
#2543 = LINE('',#2544,#2545);
#2544 = CARTESIAN_POINT('',(-10.5,-25.,1.));
#2545 = VECTOR('',#2546,1.);
#2546 = DIRECTION('',(4.E-17,1.,0.));
#2547 = ORIENTED_EDGE('',*,*,#2548,.F.);
#2548 = EDGE_CURVE('',#2530,#2541,#2549,.T.);
#2549 = CIRCLE('',#2550,0.5);
#2550 = AXIS2_PLACEMENT_3D('',#2551,#2552,#2553);
#2551 = CARTESIAN_POINT('',(-10.49,-24.13,1.));
#2552 = DIRECTION('',(0.,0.,1.));
#2553 = DIRECTION('',(1.,0.,-0.));
#2554 = FACE_BOUND('',#2555,.T.);
#2555 = EDGE_LOOP('',(#2556));
#2556 = ORIENTED_EDGE('',*,*,#2557,.F.);
#2557 = EDGE_CURVE('',#2558,#2558,#2560,.T.);
#2558 = VERTEX_POINT('',#2559);
#2559 = CARTESIAN_POINT('',(-9.39,-24.13,1.));
#2560 = CIRCLE('',#2561,0.5);
#2561 = AXIS2_PLACEMENT_3D('',#2562,#2563,#2564);
#2562 = CARTESIAN_POINT('',(-8.89,-24.13,1.));
#2563 = DIRECTION('',(0.,0.,1.));
#2564 = DIRECTION('',(1.,0.,-0.));
#2565 = PLANE('',#2566);
#2566 = AXIS2_PLACEMENT_3D('',#2567,#2568,#2569);
#2567 = CARTESIAN_POINT('',(4.3E-16,1.14E-15,1.));
#2568 = DIRECTION('',(0.,0.,1.));
#2569 = DIRECTION('',(1.,0.,-0.));
#2570 = ADVANCED_FACE('',(#2571),#2596,.T.);
#2571 = FACE_BOUND('',#2572,.T.);
#2572 = EDGE_LOOP('',(#2573,#2583,#2589,#2590));
#2573 = ORIENTED_EDGE('',*,*,#2574,.F.);
#2574 = EDGE_CURVE('',#2575,#2577,#2579,.T.);
#2575 = VERTEX_POINT('',#2576);
#2576 = CARTESIAN_POINT('',(-10.5,-23.33,5.E-15));
#2577 = VERTEX_POINT('',#2578);
#2578 = CARTESIAN_POINT('',(-10.5,-22.39,5.E-15));
#2579 = LINE('',#2580,#2581);
#2580 = CARTESIAN_POINT('',(-10.5,-25.,0.));
#2581 = VECTOR('',#2582,1.);
#2582 = DIRECTION('',(4.E-17,1.,0.));
#2583 = ORIENTED_EDGE('',*,*,#2584,.T.);
#2584 = EDGE_CURVE('',#2575,#1972,#2585,.T.);
#2585 = LINE('',#2586,#2587);
#2586 = CARTESIAN_POINT('',(-10.5,-23.33,5.E-15));
#2587 = VECTOR('',#2588,1.);
#2588 = DIRECTION('',(0.,0.,1.));
#2589 = ORIENTED_EDGE('',*,*,#1971,.T.);
#2590 = ORIENTED_EDGE('',*,*,#2591,.F.);
#2591 = EDGE_CURVE('',#2577,#1964,#2592,.T.);
#2592 = LINE('',#2593,#2594);
#2593 = CARTESIAN_POINT('',(-10.5,-22.39,5.E-15));
#2594 = VECTOR('',#2595,1.);
#2595 = DIRECTION('',(0.,0.,1.));
#2596 = PLANE('',#2597);
#2597 = AXIS2_PLACEMENT_3D('',#2598,#2599,#2600);
#2598 = CARTESIAN_POINT('',(-10.5,-25.,0.));
#2599 = DIRECTION('',(-1.,4.E-17,0.));
#2600 = DIRECTION('',(4.E-17,1.,0.));
#2601 = ADVANCED_FACE('',(#2602,#2630),#2641,.T.);
#2602 = FACE_BOUND('',#2603,.T.);
#2603 = EDGE_LOOP('',(#2604,#2612,#2613,#2614,#2615,#2623));
#2604 = ORIENTED_EDGE('',*,*,#2605,.F.);
#2605 = EDGE_CURVE('',#1964,#2606,#2608,.T.);
#2606 = VERTEX_POINT('',#2607);
#2607 = CARTESIAN_POINT('',(-10.5,-22.08989998999,1.));
#2608 = LINE('',#2609,#2610);
#2609 = CARTESIAN_POINT('',(-10.5,-25.,1.));
#2610 = VECTOR('',#2611,1.);
#2611 = DIRECTION('',(4.E-17,1.,0.));
#2612 = ORIENTED_EDGE('',*,*,#1963,.F.);
#2613 = ORIENTED_EDGE('',*,*,#1954,.T.);
#2614 = ORIENTED_EDGE('',*,*,#1946,.T.);
#2615 = ORIENTED_EDGE('',*,*,#2616,.F.);
#2616 = EDGE_CURVE('',#2617,#1939,#2619,.T.);
#2617 = VERTEX_POINT('',#2618);
#2618 = CARTESIAN_POINT('',(-10.5,-21.09010001,1.));
#2619 = LINE('',#2620,#2621);
#2620 = CARTESIAN_POINT('',(-10.5,-25.,1.));
#2621 = VECTOR('',#2622,1.);
#2622 = DIRECTION('',(4.E-17,1.,0.));
#2623 = ORIENTED_EDGE('',*,*,#2624,.F.);
#2624 = EDGE_CURVE('',#2606,#2617,#2625,.T.);
#2625 = CIRCLE('',#2626,0.5);
#2626 = AXIS2_PLACEMENT_3D('',#2627,#2628,#2629);
#2627 = CARTESIAN_POINT('',(-10.49,-21.59,1.));
#2628 = DIRECTION('',(0.,0.,1.));
#2629 = DIRECTION('',(1.,0.,-0.));
#2630 = FACE_BOUND('',#2631,.T.);
#2631 = EDGE_LOOP('',(#2632));
#2632 = ORIENTED_EDGE('',*,*,#2633,.F.);
#2633 = EDGE_CURVE('',#2634,#2634,#2636,.T.);
#2634 = VERTEX_POINT('',#2635);
#2635 = CARTESIAN_POINT('',(-9.39,-21.59,1.));
#2636 = CIRCLE('',#2637,0.5);
#2637 = AXIS2_PLACEMENT_3D('',#2638,#2639,#2640);
#2638 = CARTESIAN_POINT('',(-8.89,-21.59,1.));
#2639 = DIRECTION('',(0.,0.,1.));
#2640 = DIRECTION('',(1.,0.,-0.));
#2641 = PLANE('',#2642);
#2642 = AXIS2_PLACEMENT_3D('',#2643,#2644,#2645);
#2643 = CARTESIAN_POINT('',(4.3E-16,1.14E-15,1.));
#2644 = DIRECTION('',(0.,0.,1.));
#2645 = DIRECTION('',(1.,0.,-0.));
#2646 = ADVANCED_FACE('',(#2647),#2672,.T.);
#2647 = FACE_BOUND('',#2648,.T.);
#2648 = EDGE_LOOP('',(#2649,#2659,#2665,#2666));
#2649 = ORIENTED_EDGE('',*,*,#2650,.F.);
#2650 = EDGE_CURVE('',#2651,#2653,#2655,.T.);
#2651 = VERTEX_POINT('',#2652);
#2652 = CARTESIAN_POINT('',(-10.5,-20.79,5.E-15));
#2653 = VERTEX_POINT('',#2654);
#2654 = CARTESIAN_POINT('',(-10.5,-19.85,4.E-15));
#2655 = LINE('',#2656,#2657);
#2656 = CARTESIAN_POINT('',(-10.5,-25.,0.));
#2657 = VECTOR('',#2658,1.);
#2658 = DIRECTION('',(4.E-17,1.,0.));
#2659 = ORIENTED_EDGE('',*,*,#2660,.T.);
#2660 = EDGE_CURVE('',#2651,#1939,#2661,.T.);
#2661 = LINE('',#2662,#2663);
#2662 = CARTESIAN_POINT('',(-10.5,-20.79,5.E-15));
#2663 = VECTOR('',#2664,1.);
#2664 = DIRECTION('',(0.,0.,1.));
#2665 = ORIENTED_EDGE('',*,*,#1938,.T.);
#2666 = ORIENTED_EDGE('',*,*,#2667,.F.);
#2667 = EDGE_CURVE('',#2653,#1931,#2668,.T.);
#2668 = LINE('',#2669,#2670);
#2669 = CARTESIAN_POINT('',(-10.5,-19.85,4.E-15));
#2670 = VECTOR('',#2671,1.);
#2671 = DIRECTION('',(0.,0.,1.));
#2672 = PLANE('',#2673);
#2673 = AXIS2_PLACEMENT_3D('',#2674,#2675,#2676);
#2674 = CARTESIAN_POINT('',(-10.5,-25.,0.));
#2675 = DIRECTION('',(-1.,4.E-17,0.));
#2676 = DIRECTION('',(4.E-17,1.,0.));
#2677 = ADVANCED_FACE('',(#2678,#2708),#2719,.T.);
#2678 = FACE_BOUND('',#2679,.T.);
#2679 = EDGE_LOOP('',(#2680,#2688,#2689,#2690,#2691,#2692,#2693,#2701));
#2680 = ORIENTED_EDGE('',*,*,#2681,.F.);
#2681 = EDGE_CURVE('',#1931,#2682,#2684,.T.);
#2682 = VERTEX_POINT('',#2683);
#2683 = CARTESIAN_POINT('',(-10.5,-19.54989998999,1.));
#2684 = LINE('',#2685,#2686);
#2685 = CARTESIAN_POINT('',(-10.5,-25.,1.));
#2686 = VECTOR('',#2687,1.);
#2687 = DIRECTION('',(4.E-17,1.,0.));
#2688 = ORIENTED_EDGE('',*,*,#1930,.F.);
#2689 = ORIENTED_EDGE('',*,*,#1921,.T.);
#2690 = ORIENTED_EDGE('',*,*,#1913,.F.);
#2691 = ORIENTED_EDGE('',*,*,#1904,.T.);
#2692 = ORIENTED_EDGE('',*,*,#1896,.T.);
#2693 = ORIENTED_EDGE('',*,*,#2694,.F.);
#2694 = EDGE_CURVE('',#2695,#1889,#2697,.T.);
#2695 = VERTEX_POINT('',#2696);
#2696 = CARTESIAN_POINT('',(-10.5,-18.55010001,1.));
#2697 = LINE('',#2698,#2699);
#2698 = CARTESIAN_POINT('',(-10.5,-25.,1.));
#2699 = VECTOR('',#2700,1.);
#2700 = DIRECTION('',(4.E-17,1.,0.));
#2701 = ORIENTED_EDGE('',*,*,#2702,.F.);
#2702 = EDGE_CURVE('',#2682,#2695,#2703,.T.);
#2703 = CIRCLE('',#2704,0.5);
#2704 = AXIS2_PLACEMENT_3D('',#2705,#2706,#2707);
#2705 = CARTESIAN_POINT('',(-10.49,-19.05,1.));
#2706 = DIRECTION('',(0.,0.,1.));
#2707 = DIRECTION('',(1.,0.,-0.));
#2708 = FACE_BOUND('',#2709,.T.);
#2709 = EDGE_LOOP('',(#2710));
#2710 = ORIENTED_EDGE('',*,*,#2711,.F.);
#2711 = EDGE_CURVE('',#2712,#2712,#2714,.T.);
#2712 = VERTEX_POINT('',#2713);
#2713 = CARTESIAN_POINT('',(-9.39,-19.05,1.));
#2714 = CIRCLE('',#2715,0.5);
#2715 = AXIS2_PLACEMENT_3D('',#2716,#2717,#2718);
#2716 = CARTESIAN_POINT('',(-8.89,-19.05,1.));
#2717 = DIRECTION('',(0.,0.,1.));
#2718 = DIRECTION('',(1.,0.,-0.));
#2719 = PLANE('',#2720);
#2720 = AXIS2_PLACEMENT_3D('',#2721,#2722,#2723);
#2721 = CARTESIAN_POINT('',(4.3E-16,1.14E-15,1.));
#2722 = DIRECTION('',(0.,0.,1.));
#2723 = DIRECTION('',(1.,0.,-0.));
#2724 = ADVANCED_FACE('',(#2725),#2750,.T.);
#2725 = FACE_BOUND('',#2726,.T.);
#2726 = EDGE_LOOP('',(#2727,#2737,#2743,#2744));
#2727 = ORIENTED_EDGE('',*,*,#2728,.F.);
#2728 = EDGE_CURVE('',#2729,#2731,#2733,.T.);
#2729 = VERTEX_POINT('',#2730);
#2730 = CARTESIAN_POINT('',(-10.5,-18.24999999999,4.E-15));
#2731 = VERTEX_POINT('',#2732);
#2732 = CARTESIAN_POINT('',(-10.5,-17.31,5.E-15));
#2733 = LINE('',#2734,#2735);
#2734 = CARTESIAN_POINT('',(-10.5,-25.,0.));
#2735 = VECTOR('',#2736,1.);
#2736 = DIRECTION('',(4.E-17,1.,0.));
#2737 = ORIENTED_EDGE('',*,*,#2738,.T.);
#2738 = EDGE_CURVE('',#2729,#1889,#2739,.T.);
#2739 = LINE('',#2740,#2741);
#2740 = CARTESIAN_POINT('',(-10.5,-18.24999999999,4.E-15));
#2741 = VECTOR('',#2742,1.);
#2742 = DIRECTION('',(0.,0.,1.));
#2743 = ORIENTED_EDGE('',*,*,#1888,.T.);
#2744 = ORIENTED_EDGE('',*,*,#2745,.F.);
#2745 = EDGE_CURVE('',#2731,#1881,#2746,.T.);
#2746 = LINE('',#2747,#2748);
#2747 = CARTESIAN_POINT('',(-10.5,-17.31,5.E-15));
#2748 = VECTOR('',#2749,1.);
#2749 = DIRECTION('',(0.,0.,1.));
#2750 = PLANE('',#2751);
#2751 = AXIS2_PLACEMENT_3D('',#2752,#2753,#2754);
#2752 = CARTESIAN_POINT('',(-10.5,-25.,0.));
#2753 = DIRECTION('',(-1.,4.E-17,0.));
#2754 = DIRECTION('',(4.E-17,1.,0.));
#2755 = ADVANCED_FACE('',(#2756,#2784),#2795,.T.);
#2756 = FACE_BOUND('',#2757,.T.);
#2757 = EDGE_LOOP('',(#2758,#2766,#2767,#2768,#2769,#2777));
#2758 = ORIENTED_EDGE('',*,*,#2759,.F.);
#2759 = EDGE_CURVE('',#1881,#2760,#2762,.T.);
#2760 = VERTEX_POINT('',#2761);
#2761 = CARTESIAN_POINT('',(-10.5,-17.00989998999,1.));
#2762 = LINE('',#2763,#2764);
#2763 = CARTESIAN_POINT('',(-10.5,-25.,1.));
#2764 = VECTOR('',#2765,1.);
#2765 = DIRECTION('',(4.E-17,1.,0.));
#2766 = ORIENTED_EDGE('',*,*,#1880,.F.);
#2767 = ORIENTED_EDGE('',*,*,#1871,.T.);
#2768 = ORIENTED_EDGE('',*,*,#1863,.T.);
#2769 = ORIENTED_EDGE('',*,*,#2770,.F.);
#2770 = EDGE_CURVE('',#2771,#1856,#2773,.T.);
#2771 = VERTEX_POINT('',#2772);
#2772 = CARTESIAN_POINT('',(-10.5,-16.01010001,1.));
#2773 = LINE('',#2774,#2775);
#2774 = CARTESIAN_POINT('',(-10.5,-25.,1.));
#2775 = VECTOR('',#2776,1.);
#2776 = DIRECTION('',(4.E-17,1.,0.));
#2777 = ORIENTED_EDGE('',*,*,#2778,.F.);
#2778 = EDGE_CURVE('',#2760,#2771,#2779,.T.);
#2779 = CIRCLE('',#2780,0.5);
#2780 = AXIS2_PLACEMENT_3D('',#2781,#2782,#2783);
#2781 = CARTESIAN_POINT('',(-10.49,-16.51,1.));
#2782 = DIRECTION('',(0.,0.,1.));
#2783 = DIRECTION('',(1.,0.,-0.));
#2784 = FACE_BOUND('',#2785,.T.);
#2785 = EDGE_LOOP('',(#2786));
#2786 = ORIENTED_EDGE('',*,*,#2787,.F.);
#2787 = EDGE_CURVE('',#2788,#2788,#2790,.T.);
#2788 = VERTEX_POINT('',#2789);
#2789 = CARTESIAN_POINT('',(-9.39,-16.51,1.));
#2790 = CIRCLE('',#2791,0.5);
#2791 = AXIS2_PLACEMENT_3D('',#2792,#2793,#2794);
#2792 = CARTESIAN_POINT('',(-8.89,-16.51,1.));
#2793 = DIRECTION('',(0.,0.,1.));
#2794 = DIRECTION('',(1.,0.,-0.));
#2795 = PLANE('',#2796);
#2796 = AXIS2_PLACEMENT_3D('',#2797,#2798,#2799);
#2797 = CARTESIAN_POINT('',(4.3E-16,1.14E-15,1.));
#2798 = DIRECTION('',(0.,0.,1.));
#2799 = DIRECTION('',(1.,0.,-0.));
#2800 = ADVANCED_FACE('',(#2801),#2826,.T.);
#2801 = FACE_BOUND('',#2802,.T.);
#2802 = EDGE_LOOP('',(#2803,#2813,#2819,#2820));
#2803 = ORIENTED_EDGE('',*,*,#2804,.F.);
#2804 = EDGE_CURVE('',#2805,#2807,#2809,.T.);
#2805 = VERTEX_POINT('',#2806);
#2806 = CARTESIAN_POINT('',(-10.5,-15.71,5.E-15));
#2807 = VERTEX_POINT('',#2808);
#2808 = CARTESIAN_POINT('',(-10.5,-14.77,4.E-15));
#2809 = LINE('',#2810,#2811);
#2810 = CARTESIAN_POINT('',(-10.5,-25.,0.));
#2811 = VECTOR('',#2812,1.);
#2812 = DIRECTION('',(4.E-17,1.,0.));
#2813 = ORIENTED_EDGE('',*,*,#2814,.T.);
#2814 = EDGE_CURVE('',#2805,#1856,#2815,.T.);
#2815 = LINE('',#2816,#2817);
#2816 = CARTESIAN_POINT('',(-10.5,-15.71,5.E-15));
#2817 = VECTOR('',#2818,1.);
#2818 = DIRECTION('',(0.,0.,1.));
#2819 = ORIENTED_EDGE('',*,*,#1855,.T.);
#2820 = ORIENTED_EDGE('',*,*,#2821,.F.);
#2821 = EDGE_CURVE('',#2807,#1848,#2822,.T.);
#2822 = LINE('',#2823,#2824);
#2823 = CARTESIAN_POINT('',(-10.5,-14.77,4.E-15));
#2824 = VECTOR('',#2825,1.);
#2825 = DIRECTION('',(0.,0.,1.));
#2826 = PLANE('',#2827);
#2827 = AXIS2_PLACEMENT_3D('',#2828,#2829,#2830);
#2828 = CARTESIAN_POINT('',(-10.5,-25.,0.));
#2829 = DIRECTION('',(-1.,4.E-17,0.));
#2830 = DIRECTION('',(4.E-17,1.,0.));
#2831 = ADVANCED_FACE('',(#2832,#2860),#2871,.T.);
#2832 = FACE_BOUND('',#2833,.T.);
#2833 = EDGE_LOOP('',(#2834,#2842,#2843,#2844,#2845,#2853));
#2834 = ORIENTED_EDGE('',*,*,#2835,.F.);
#2835 = EDGE_CURVE('',#1848,#2836,#2838,.T.);
#2836 = VERTEX_POINT('',#2837);
#2837 = CARTESIAN_POINT('',(-10.5,-14.46989998999,1.));
#2838 = LINE('',#2839,#2840);
#2839 = CARTESIAN_POINT('',(-10.5,-25.,1.));
#2840 = VECTOR('',#2841,1.);
#2841 = DIRECTION('',(4.E-17,1.,0.));
#2842 = ORIENTED_EDGE('',*,*,#1847,.F.);
#2843 = ORIENTED_EDGE('',*,*,#1838,.T.);
#2844 = ORIENTED_EDGE('',*,*,#1830,.T.);
#2845 = ORIENTED_EDGE('',*,*,#2846,.F.);
#2846 = EDGE_CURVE('',#2847,#1823,#2849,.T.);
#2847 = VERTEX_POINT('',#2848);
#2848 = CARTESIAN_POINT('',(-10.5,-13.47010001,1.));
#2849 = LINE('',#2850,#2851);
#2850 = CARTESIAN_POINT('',(-10.5,-25.,1.));
#2851 = VECTOR('',#2852,1.);
#2852 = DIRECTION('',(4.E-17,1.,0.));
#2853 = ORIENTED_EDGE('',*,*,#2854,.F.);
#2854 = EDGE_CURVE('',#2836,#2847,#2855,.T.);
#2855 = CIRCLE('',#2856,0.5);
#2856 = AXIS2_PLACEMENT_3D('',#2857,#2858,#2859);
#2857 = CARTESIAN_POINT('',(-10.49,-13.97,1.));
#2858 = DIRECTION('',(0.,0.,1.));
#2859 = DIRECTION('',(1.,0.,-0.));
#2860 = FACE_BOUND('',#2861,.T.);
#2861 = EDGE_LOOP('',(#2862));
#2862 = ORIENTED_EDGE('',*,*,#2863,.F.);
#2863 = EDGE_CURVE('',#2864,#2864,#2866,.T.);
#2864 = VERTEX_POINT('',#2865);
#2865 = CARTESIAN_POINT('',(-9.39,-13.97,1.));
#2866 = CIRCLE('',#2867,0.5);
#2867 = AXIS2_PLACEMENT_3D('',#2868,#2869,#2870);
#2868 = CARTESIAN_POINT('',(-8.89,-13.97,1.));
#2869 = DIRECTION('',(0.,0.,1.));
#2870 = DIRECTION('',(1.,0.,-0.));
#2871 = PLANE('',#2872);
#2872 = AXIS2_PLACEMENT_3D('',#2873,#2874,#2875);
#2873 = CARTESIAN_POINT('',(4.3E-16,1.14E-15,1.));
#2874 = DIRECTION('',(0.,0.,1.));
#2875 = DIRECTION('',(1.,0.,-0.));
#2876 = ADVANCED_FACE('',(#2877),#2902,.T.);
#2877 = FACE_BOUND('',#2878,.T.);
#2878 = EDGE_LOOP('',(#2879,#2889,#2895,#2896));
#2879 = ORIENTED_EDGE('',*,*,#2880,.F.);
#2880 = EDGE_CURVE('',#2881,#2883,#2885,.T.);
#2881 = VERTEX_POINT('',#2882);
#2882 = CARTESIAN_POINT('',(-10.5,-13.17,4.E-15));
#2883 = VERTEX_POINT('',#2884);
#2884 = CARTESIAN_POINT('',(-10.5,-12.23,4.E-15));
#2885 = LINE('',#2886,#2887);
#2886 = CARTESIAN_POINT('',(-10.5,-25.,0.));
#2887 = VECTOR('',#2888,1.);
#2888 = DIRECTION('',(4.E-17,1.,0.));
#2889 = ORIENTED_EDGE('',*,*,#2890,.T.);
#2890 = EDGE_CURVE('',#2881,#1823,#2891,.T.);
#2891 = LINE('',#2892,#2893);
#2892 = CARTESIAN_POINT('',(-10.5,-13.17,4.E-15));
#2893 = VECTOR('',#2894,1.);
#2894 = DIRECTION('',(0.,0.,1.));
#2895 = ORIENTED_EDGE('',*,*,#1822,.T.);
#2896 = ORIENTED_EDGE('',*,*,#2897,.F.);
#2897 = EDGE_CURVE('',#2883,#1815,#2898,.T.);
#2898 = LINE('',#2899,#2900);
#2899 = CARTESIAN_POINT('',(-10.5,-12.23,4.E-15));
#2900 = VECTOR('',#2901,1.);
#2901 = DIRECTION('',(0.,0.,1.));
#2902 = PLANE('',#2903);
#2903 = AXIS2_PLACEMENT_3D('',#2904,#2905,#2906);
#2904 = CARTESIAN_POINT('',(-10.5,-25.,0.));
#2905 = DIRECTION('',(-1.,4.E-17,0.));
#2906 = DIRECTION('',(4.E-17,1.,0.));
#2907 = ADVANCED_FACE('',(#2908,#2936),#2947,.T.);
#2908 = FACE_BOUND('',#2909,.T.);
#2909 = EDGE_LOOP('',(#2910,#2918,#2919,#2920,#2921,#2929));
#2910 = ORIENTED_EDGE('',*,*,#2911,.F.);
#2911 = EDGE_CURVE('',#1815,#2912,#2914,.T.);
#2912 = VERTEX_POINT('',#2913);
#2913 = CARTESIAN_POINT('',(-10.5,-11.92989998999,1.));
#2914 = LINE('',#2915,#2916);
#2915 = CARTESIAN_POINT('',(-10.5,-25.,1.));
#2916 = VECTOR('',#2917,1.);
#2917 = DIRECTION('',(4.E-17,1.,0.));
#2918 = ORIENTED_EDGE('',*,*,#1814,.F.);
#2919 = ORIENTED_EDGE('',*,*,#1805,.T.);
#2920 = ORIENTED_EDGE('',*,*,#1797,.T.);
#2921 = ORIENTED_EDGE('',*,*,#2922,.F.);
#2922 = EDGE_CURVE('',#2923,#1790,#2925,.T.);
#2923 = VERTEX_POINT('',#2924);
#2924 = CARTESIAN_POINT('',(-10.5,-10.93010001,1.));
#2925 = LINE('',#2926,#2927);
#2926 = CARTESIAN_POINT('',(-10.5,-25.,1.));
#2927 = VECTOR('',#2928,1.);
#2928 = DIRECTION('',(4.E-17,1.,0.));
#2929 = ORIENTED_EDGE('',*,*,#2930,.F.);
#2930 = EDGE_CURVE('',#2912,#2923,#2931,.T.);
#2931 = CIRCLE('',#2932,0.5);
#2932 = AXIS2_PLACEMENT_3D('',#2933,#2934,#2935);
#2933 = CARTESIAN_POINT('',(-10.49,-11.43,1.));
#2934 = DIRECTION('',(0.,0.,1.));
#2935 = DIRECTION('',(1.,0.,-0.));
#2936 = FACE_BOUND('',#2937,.T.);
#2937 = EDGE_LOOP('',(#2938));
#2938 = ORIENTED_EDGE('',*,*,#2939,.F.);
#2939 = EDGE_CURVE('',#2940,#2940,#2942,.T.);
#2940 = VERTEX_POINT('',#2941);
#2941 = CARTESIAN_POINT('',(-9.39,-11.43,1.));
#2942 = CIRCLE('',#2943,0.5);
#2943 = AXIS2_PLACEMENT_3D('',#2944,#2945,#2946);
#2944 = CARTESIAN_POINT('',(-8.89,-11.43,1.));
#2945 = DIRECTION('',(0.,0.,1.));
#2946 = DIRECTION('',(1.,0.,-0.));
#2947 = PLANE('',#2948);
#2948 = AXIS2_PLACEMENT_3D('',#2949,#2950,#2951);
#2949 = CARTESIAN_POINT('',(4.3E-16,1.14E-15,1.));
#2950 = DIRECTION('',(0.,0.,1.));
#2951 = DIRECTION('',(1.,0.,-0.));
#2952 = ADVANCED_FACE('',(#2953),#2978,.T.);
#2953 = FACE_BOUND('',#2954,.T.);
#2954 = EDGE_LOOP('',(#2955,#2965,#2971,#2972));
#2955 = ORIENTED_EDGE('',*,*,#2956,.F.);
#2956 = EDGE_CURVE('',#2957,#2959,#2961,.T.);
#2957 = VERTEX_POINT('',#2958);
#2958 = CARTESIAN_POINT('',(-10.5,-10.63,4.E-15));
#2959 = VERTEX_POINT('',#2960);
#2960 = CARTESIAN_POINT('',(-10.5,-9.69,4.E-15));
#2961 = LINE('',#2962,#2963);
#2962 = CARTESIAN_POINT('',(-10.5,-25.,0.));
#2963 = VECTOR('',#2964,1.);
#2964 = DIRECTION('',(4.E-17,1.,0.));
#2965 = ORIENTED_EDGE('',*,*,#2966,.T.);
#2966 = EDGE_CURVE('',#2957,#1790,#2967,.T.);
#2967 = LINE('',#2968,#2969);
#2968 = CARTESIAN_POINT('',(-10.5,-10.63,4.E-15));
#2969 = VECTOR('',#2970,1.);
#2970 = DIRECTION('',(0.,0.,1.));
#2971 = ORIENTED_EDGE('',*,*,#1789,.T.);
#2972 = ORIENTED_EDGE('',*,*,#2973,.F.);
#2973 = EDGE_CURVE('',#2959,#1782,#2974,.T.);
#2974 = LINE('',#2975,#2976);
#2975 = CARTESIAN_POINT('',(-10.5,-9.69,4.E-15));
#2976 = VECTOR('',#2977,1.);
#2977 = DIRECTION('',(0.,0.,1.));
#2978 = PLANE('',#2979);
#2979 = AXIS2_PLACEMENT_3D('',#2980,#2981,#2982);
#2980 = CARTESIAN_POINT('',(-10.5,-25.,0.));
#2981 = DIRECTION('',(-1.,4.E-17,0.));
#2982 = DIRECTION('',(4.E-17,1.,0.));
#2983 = ADVANCED_FACE('',(#2984,#3012),#3023,.T.);
#2984 = FACE_BOUND('',#2985,.T.);
#2985 = EDGE_LOOP('',(#2986,#2994,#2995,#2996,#2997,#3005));
#2986 = ORIENTED_EDGE('',*,*,#2987,.F.);
#2987 = EDGE_CURVE('',#1782,#2988,#2990,.T.);
#2988 = VERTEX_POINT('',#2989);
#2989 = CARTESIAN_POINT('',(-10.5,-9.389899989998,1.));
#2990 = LINE('',#2991,#2992);
#2991 = CARTESIAN_POINT('',(-10.5,-25.,1.));
#2992 = VECTOR('',#2993,1.);
#2993 = DIRECTION('',(4.E-17,1.,0.));
#2994 = ORIENTED_EDGE('',*,*,#1781,.F.);
#2995 = ORIENTED_EDGE('',*,*,#1772,.T.);
#2996 = ORIENTED_EDGE('',*,*,#1764,.T.);
#2997 = ORIENTED_EDGE('',*,*,#2998,.F.);
#2998 = EDGE_CURVE('',#2999,#1757,#3001,.T.);
#2999 = VERTEX_POINT('',#3000);
#3000 = CARTESIAN_POINT('',(-10.5,-8.390100010002,1.));
#3001 = LINE('',#3002,#3003);
#3002 = CARTESIAN_POINT('',(-10.5,-25.,1.));
#3003 = VECTOR('',#3004,1.);
#3004 = DIRECTION('',(4.E-17,1.,0.));
#3005 = ORIENTED_EDGE('',*,*,#3006,.F.);
#3006 = EDGE_CURVE('',#2988,#2999,#3007,.T.);
#3007 = CIRCLE('',#3008,0.5);
#3008 = AXIS2_PLACEMENT_3D('',#3009,#3010,#3011);
#3009 = CARTESIAN_POINT('',(-10.49,-8.89,1.));
#3010 = DIRECTION('',(0.,0.,1.));
#3011 = DIRECTION('',(1.,0.,-0.));
#3012 = FACE_BOUND('',#3013,.T.);
#3013 = EDGE_LOOP('',(#3014));
#3014 = ORIENTED_EDGE('',*,*,#3015,.F.);
#3015 = EDGE_CURVE('',#3016,#3016,#3018,.T.);
#3016 = VERTEX_POINT('',#3017);
#3017 = CARTESIAN_POINT('',(-9.39,-8.89,1.));
#3018 = CIRCLE('',#3019,0.5);
#3019 = AXIS2_PLACEMENT_3D('',#3020,#3021,#3022);
#3020 = CARTESIAN_POINT('',(-8.89,-8.89,1.));
#3021 = DIRECTION('',(0.,0.,1.));
#3022 = DIRECTION('',(1.,0.,-0.));
#3023 = PLANE('',#3024);
#3024 = AXIS2_PLACEMENT_3D('',#3025,#3026,#3027);
#3025 = CARTESIAN_POINT('',(4.3E-16,1.14E-15,1.));
#3026 = DIRECTION('',(0.,0.,1.));
#3027 = DIRECTION('',(1.,0.,-0.));
#3028 = ADVANCED_FACE('',(#3029),#3054,.T.);
#3029 = FACE_BOUND('',#3030,.T.);
#3030 = EDGE_LOOP('',(#3031,#3041,#3047,#3048));
#3031 = ORIENTED_EDGE('',*,*,#3032,.F.);
#3032 = EDGE_CURVE('',#3033,#3035,#3037,.T.);
#3033 = VERTEX_POINT('',#3034);
#3034 = CARTESIAN_POINT('',(-10.5,-8.09,4.E-15));
#3035 = VERTEX_POINT('',#3036);
#3036 = CARTESIAN_POINT('',(-10.5,-7.150000000001,3.E-15));
#3037 = LINE('',#3038,#3039);
#3038 = CARTESIAN_POINT('',(-10.5,-25.,0.));
#3039 = VECTOR('',#3040,1.);
#3040 = DIRECTION('',(4.E-17,1.,0.));
#3041 = ORIENTED_EDGE('',*,*,#3042,.T.);
#3042 = EDGE_CURVE('',#3033,#1757,#3043,.T.);
#3043 = LINE('',#3044,#3045);
#3044 = CARTESIAN_POINT('',(-10.5,-8.09,4.E-15));
#3045 = VECTOR('',#3046,1.);
#3046 = DIRECTION('',(0.,0.,1.));
#3047 = ORIENTED_EDGE('',*,*,#1756,.T.);
#3048 = ORIENTED_EDGE('',*,*,#3049,.F.);
#3049 = EDGE_CURVE('',#3035,#1749,#3050,.T.);
#3050 = LINE('',#3051,#3052);
#3051 = CARTESIAN_POINT('',(-10.5,-7.150000000001,3.E-15));
#3052 = VECTOR('',#3053,1.);
#3053 = DIRECTION('',(0.,0.,1.));
#3054 = PLANE('',#3055);
#3055 = AXIS2_PLACEMENT_3D('',#3056,#3057,#3058);
#3056 = CARTESIAN_POINT('',(-10.5,-25.,0.));
#3057 = DIRECTION('',(-1.,4.E-17,0.));
#3058 = DIRECTION('',(4.E-17,1.,0.));
#3059 = ADVANCED_FACE('',(#3060,#3090),#3101,.T.);
#3060 = FACE_BOUND('',#3061,.T.);
#3061 = EDGE_LOOP('',(#3062,#3070,#3071,#3072,#3073,#3074,#3075,#3083));
#3062 = ORIENTED_EDGE('',*,*,#3063,.F.);
#3063 = EDGE_CURVE('',#1749,#3064,#3066,.T.);
#3064 = VERTEX_POINT('',#3065);
#3065 = CARTESIAN_POINT('',(-10.5,-6.849899989998,1.));
#3066 = LINE('',#3067,#3068);
#3067 = CARTESIAN_POINT('',(-10.5,-25.,1.));
#3068 = VECTOR('',#3069,1.);
#3069 = DIRECTION('',(4.E-17,1.,0.));
#3070 = ORIENTED_EDGE('',*,*,#1748,.F.);
#3071 = ORIENTED_EDGE('',*,*,#1739,.T.);
#3072 = ORIENTED_EDGE('',*,*,#1731,.F.);
#3073 = ORIENTED_EDGE('',*,*,#1722,.T.);
#3074 = ORIENTED_EDGE('',*,*,#1714,.T.);
#3075 = ORIENTED_EDGE('',*,*,#3076,.F.);
#3076 = EDGE_CURVE('',#3077,#1707,#3079,.T.);
#3077 = VERTEX_POINT('',#3078);
#3078 = CARTESIAN_POINT('',(-10.5,-5.850100010002,1.));
#3079 = LINE('',#3080,#3081);
#3080 = CARTESIAN_POINT('',(-10.5,-25.,1.));
#3081 = VECTOR('',#3082,1.);
#3082 = DIRECTION('',(4.E-17,1.,0.));
#3083 = ORIENTED_EDGE('',*,*,#3084,.F.);
#3084 = EDGE_CURVE('',#3064,#3077,#3085,.T.);
#3085 = CIRCLE('',#3086,0.5);
#3086 = AXIS2_PLACEMENT_3D('',#3087,#3088,#3089);
#3087 = CARTESIAN_POINT('',(-10.49,-6.35,1.));
#3088 = DIRECTION('',(0.,0.,1.));
#3089 = DIRECTION('',(1.,0.,-0.));
#3090 = FACE_BOUND('',#3091,.T.);
#3091 = EDGE_LOOP('',(#3092));
#3092 = ORIENTED_EDGE('',*,*,#3093,.F.);
#3093 = EDGE_CURVE('',#3094,#3094,#3096,.T.);
#3094 = VERTEX_POINT('',#3095);
#3095 = CARTESIAN_POINT('',(-9.39,-6.35,1.));
#3096 = CIRCLE('',#3097,0.5);
#3097 = AXIS2_PLACEMENT_3D('',#3098,#3099,#3100);
#3098 = CARTESIAN_POINT('',(-8.89,-6.35,1.));
#3099 = DIRECTION('',(0.,0.,1.));
#3100 = DIRECTION('',(1.,0.,-0.));
#3101 = PLANE('',#3102);
#3102 = AXIS2_PLACEMENT_3D('',#3103,#3104,#3105);
#3103 = CARTESIAN_POINT('',(4.3E-16,1.14E-15,1.));
#3104 = DIRECTION('',(0.,0.,1.));
#3105 = DIRECTION('',(1.,0.,-0.));
#3106 = ADVANCED_FACE('',(#3107),#3132,.T.);
#3107 = FACE_BOUND('',#3108,.T.);
#3108 = EDGE_LOOP('',(#3109,#3119,#3125,#3126));
#3109 = ORIENTED_EDGE('',*,*,#3110,.F.);
#3110 = EDGE_CURVE('',#3111,#3113,#3115,.T.);
#3111 = VERTEX_POINT('',#3112);
#3112 = CARTESIAN_POINT('',(-10.5,-5.549999999999,3.E-15));
#3113 = VERTEX_POINT('',#3114);
#3114 = CARTESIAN_POINT('',(-10.5,-4.61,3.E-15));
#3115 = LINE('',#3116,#3117);
#3116 = CARTESIAN_POINT('',(-10.5,-25.,0.));
#3117 = VECTOR('',#3118,1.);
#3118 = DIRECTION('',(4.E-17,1.,0.));
#3119 = ORIENTED_EDGE('',*,*,#3120,.T.);
#3120 = EDGE_CURVE('',#3111,#1707,#3121,.T.);
#3121 = LINE('',#3122,#3123);
#3122 = CARTESIAN_POINT('',(-10.5,-5.549999999999,3.E-15));
#3123 = VECTOR('',#3124,1.);
#3124 = DIRECTION('',(0.,0.,1.));
#3125 = ORIENTED_EDGE('',*,*,#1706,.T.);
#3126 = ORIENTED_EDGE('',*,*,#3127,.F.);
#3127 = EDGE_CURVE('',#3113,#1699,#3128,.T.);
#3128 = LINE('',#3129,#3130);
#3129 = CARTESIAN_POINT('',(-10.5,-4.61,3.E-15));
#3130 = VECTOR('',#3131,1.);
#3131 = DIRECTION('',(0.,0.,1.));
#3132 = PLANE('',#3133);
#3133 = AXIS2_PLACEMENT_3D('',#3134,#3135,#3136);
#3134 = CARTESIAN_POINT('',(-10.5,-25.,0.));
#3135 = DIRECTION('',(-1.,4.E-17,0.));
#3136 = DIRECTION('',(4.E-17,1.,0.));
#3137 = ADVANCED_FACE('',(#3138,#3166),#3177,.T.);
#3138 = FACE_BOUND('',#3139,.T.);
#3139 = EDGE_LOOP('',(#3140,#3148,#3149,#3150,#3151,#3159));
#3140 = ORIENTED_EDGE('',*,*,#3141,.F.);
#3141 = EDGE_CURVE('',#1699,#3142,#3144,.T.);
#3142 = VERTEX_POINT('',#3143);
#3143 = CARTESIAN_POINT('',(-10.5,-4.309899989998,1.));
#3144 = LINE('',#3145,#3146);
#3145 = CARTESIAN_POINT('',(-10.5,-25.,1.));
#3146 = VECTOR('',#3147,1.);
#3147 = DIRECTION('',(4.E-17,1.,0.));
#3148 = ORIENTED_EDGE('',*,*,#1698,.F.);
#3149 = ORIENTED_EDGE('',*,*,#1689,.T.);
#3150 = ORIENTED_EDGE('',*,*,#1681,.T.);
#3151 = ORIENTED_EDGE('',*,*,#3152,.F.);
#3152 = EDGE_CURVE('',#3153,#1674,#3155,.T.);
#3153 = VERTEX_POINT('',#3154);
#3154 = CARTESIAN_POINT('',(-10.5,-3.310100010002,1.));
#3155 = LINE('',#3156,#3157);
#3156 = CARTESIAN_POINT('',(-10.5,-25.,1.));
#3157 = VECTOR('',#3158,1.);
#3158 = DIRECTION('',(4.E-17,1.,0.));
#3159 = ORIENTED_EDGE('',*,*,#3160,.F.);
#3160 = EDGE_CURVE('',#3142,#3153,#3161,.T.);
#3161 = CIRCLE('',#3162,0.5);
#3162 = AXIS2_PLACEMENT_3D('',#3163,#3164,#3165);
#3163 = CARTESIAN_POINT('',(-10.49,-3.81,1.));
#3164 = DIRECTION('',(0.,0.,1.));
#3165 = DIRECTION('',(1.,0.,-0.));
#3166 = FACE_BOUND('',#3167,.T.);
#3167 = EDGE_LOOP('',(#3168));
#3168 = ORIENTED_EDGE('',*,*,#3169,.F.);
#3169 = EDGE_CURVE('',#3170,#3170,#3172,.T.);
#3170 = VERTEX_POINT('',#3171);
#3171 = CARTESIAN_POINT('',(-9.39,-3.81,1.));
#3172 = CIRCLE('',#3173,0.5);
#3173 = AXIS2_PLACEMENT_3D('',#3174,#3175,#3176);
#3174 = CARTESIAN_POINT('',(-8.89,-3.81,1.));
#3175 = DIRECTION('',(0.,0.,1.));
#3176 = DIRECTION('',(1.,0.,-0.));
#3177 = PLANE('',#3178);
#3178 = AXIS2_PLACEMENT_3D('',#3179,#3180,#3181);
#3179 = CARTESIAN_POINT('',(4.3E-16,1.14E-15,1.));
#3180 = DIRECTION('',(0.,0.,1.));
#3181 = DIRECTION('',(1.,0.,-0.));
#3182 = ADVANCED_FACE('',(#3183),#3208,.T.);
#3183 = FACE_BOUND('',#3184,.T.);
#3184 = EDGE_LOOP('',(#3185,#3195,#3201,#3202));
#3185 = ORIENTED_EDGE('',*,*,#3186,.F.);
#3186 = EDGE_CURVE('',#3187,#3189,#3191,.T.);
#3187 = VERTEX_POINT('',#3188);
#3188 = CARTESIAN_POINT('',(-10.5,-3.01,3.E-15));
#3189 = VERTEX_POINT('',#3190);
#3190 = CARTESIAN_POINT('',(-10.5,-2.07,3.E-15));
#3191 = LINE('',#3192,#3193);
#3192 = CARTESIAN_POINT('',(-10.5,-25.,0.));
#3193 = VECTOR('',#3194,1.);
#3194 = DIRECTION('',(4.E-17,1.,0.));
#3195 = ORIENTED_EDGE('',*,*,#3196,.T.);
#3196 = EDGE_CURVE('',#3187,#1674,#3197,.T.);
#3197 = LINE('',#3198,#3199);
#3198 = CARTESIAN_POINT('',(-10.5,-3.01,3.E-15));
#3199 = VECTOR('',#3200,1.);
#3200 = DIRECTION('',(0.,0.,1.));
#3201 = ORIENTED_EDGE('',*,*,#1673,.T.);
#3202 = ORIENTED_EDGE('',*,*,#3203,.F.);
#3203 = EDGE_CURVE('',#3189,#1666,#3204,.T.);
#3204 = LINE('',#3205,#3206);
#3205 = CARTESIAN_POINT('',(-10.5,-2.07,3.E-15));
#3206 = VECTOR('',#3207,1.);
#3207 = DIRECTION('',(0.,0.,1.));
#3208 = PLANE('',#3209);
#3209 = AXIS2_PLACEMENT_3D('',#3210,#3211,#3212);
#3210 = CARTESIAN_POINT('',(-10.5,-25.,0.));
#3211 = DIRECTION('',(-1.,4.E-17,0.));
#3212 = DIRECTION('',(4.E-17,1.,0.));
#3213 = ADVANCED_FACE('',(#3214,#3242),#3253,.T.);
#3214 = FACE_BOUND('',#3215,.T.);
#3215 = EDGE_LOOP('',(#3216,#3224,#3225,#3226,#3227,#3235));
#3216 = ORIENTED_EDGE('',*,*,#3217,.F.);
#3217 = EDGE_CURVE('',#1666,#3218,#3220,.T.);
#3218 = VERTEX_POINT('',#3219);
#3219 = CARTESIAN_POINT('',(-10.5,-1.769899989998,1.));
#3220 = LINE('',#3221,#3222);
#3221 = CARTESIAN_POINT('',(-10.5,-25.,1.));
#3222 = VECTOR('',#3223,1.);
#3223 = DIRECTION('',(4.E-17,1.,0.));
#3224 = ORIENTED_EDGE('',*,*,#1665,.F.);
#3225 = ORIENTED_EDGE('',*,*,#1656,.T.);
#3226 = ORIENTED_EDGE('',*,*,#1648,.T.);
#3227 = ORIENTED_EDGE('',*,*,#3228,.F.);
#3228 = EDGE_CURVE('',#3229,#1641,#3231,.T.);
#3229 = VERTEX_POINT('',#3230);
#3230 = CARTESIAN_POINT('',(-10.5,-0.770100010002,1.));
#3231 = LINE('',#3232,#3233);
#3232 = CARTESIAN_POINT('',(-10.5,-25.,1.));
#3233 = VECTOR('',#3234,1.);
#3234 = DIRECTION('',(4.E-17,1.,0.));
#3235 = ORIENTED_EDGE('',*,*,#3236,.F.);
#3236 = EDGE_CURVE('',#3218,#3229,#3237,.T.);
#3237 = CIRCLE('',#3238,0.5);
#3238 = AXIS2_PLACEMENT_3D('',#3239,#3240,#3241);
#3239 = CARTESIAN_POINT('',(-10.49,-1.27,1.));
#3240 = DIRECTION('',(0.,0.,1.));
#3241 = DIRECTION('',(1.,0.,-0.));
#3242 = FACE_BOUND('',#3243,.T.);
#3243 = EDGE_LOOP('',(#3244));
#3244 = ORIENTED_EDGE('',*,*,#3245,.F.);
#3245 = EDGE_CURVE('',#3246,#3246,#3248,.T.);
#3246 = VERTEX_POINT('',#3247);
#3247 = CARTESIAN_POINT('',(-9.39,-1.27,1.));
#3248 = CIRCLE('',#3249,0.5);
#3249 = AXIS2_PLACEMENT_3D('',#3250,#3251,#3252);
#3250 = CARTESIAN_POINT('',(-8.89,-1.27,1.));
#3251 = DIRECTION('',(0.,0.,1.));
#3252 = DIRECTION('',(1.,0.,-0.));
#3253 = PLANE('',#3254);
#3254 = AXIS2_PLACEMENT_3D('',#3255,#3256,#3257);
#3255 = CARTESIAN_POINT('',(4.3E-16,1.14E-15,1.));
#3256 = DIRECTION('',(0.,0.,1.));
#3257 = DIRECTION('',(1.,0.,-0.));
#3258 = ADVANCED_FACE('',(#3259),#3284,.T.);
#3259 = FACE_BOUND('',#3260,.T.);
#3260 = EDGE_LOOP('',(#3261,#3271,#3277,#3278));
#3261 = ORIENTED_EDGE('',*,*,#3262,.F.);
#3262 = EDGE_CURVE('',#3263,#3265,#3267,.T.);
#3263 = VERTEX_POINT('',#3264);
#3264 = CARTESIAN_POINT('',(-10.5,-0.47,3.E-15));
#3265 = VERTEX_POINT('',#3266);
#3266 = CARTESIAN_POINT('',(-10.5,0.47,3.E-15));
#3267 = LINE('',#3268,#3269);
#3268 = CARTESIAN_POINT('',(-10.5,-25.,0.));
#3269 = VECTOR('',#3270,1.);
#3270 = DIRECTION('',(4.E-17,1.,0.));
#3271 = ORIENTED_EDGE('',*,*,#3272,.T.);
#3272 = EDGE_CURVE('',#3263,#1641,#3273,.T.);
#3273 = LINE('',#3274,#3275);
#3274 = CARTESIAN_POINT('',(-10.5,-0.47,3.E-15));
#3275 = VECTOR('',#3276,1.);
#3276 = DIRECTION('',(0.,0.,1.));
#3277 = ORIENTED_EDGE('',*,*,#1640,.T.);
#3278 = ORIENTED_EDGE('',*,*,#3279,.F.);
#3279 = EDGE_CURVE('',#3265,#1633,#3280,.T.);
#3280 = LINE('',#3281,#3282);
#3281 = CARTESIAN_POINT('',(-10.5,0.47,3.E-15));
#3282 = VECTOR('',#3283,1.);
#3283 = DIRECTION('',(0.,0.,1.));
#3284 = PLANE('',#3285);
#3285 = AXIS2_PLACEMENT_3D('',#3286,#3287,#3288);
#3286 = CARTESIAN_POINT('',(-10.5,-25.,0.));
#3287 = DIRECTION('',(-1.,4.E-17,0.));
#3288 = DIRECTION('',(4.E-17,1.,0.));
#3289 = ADVANCED_FACE('',(#3290,#3318),#3329,.T.);
#3290 = FACE_BOUND('',#3291,.T.);
#3291 = EDGE_LOOP('',(#3292,#3300,#3301,#3302,#3303,#3311));
#3292 = ORIENTED_EDGE('',*,*,#3293,.F.);
#3293 = EDGE_CURVE('',#1633,#3294,#3296,.T.);
#3294 = VERTEX_POINT('',#3295);
#3295 = CARTESIAN_POINT('',(-10.5,0.770100010002,1.));
#3296 = LINE('',#3297,#3298);
#3297 = CARTESIAN_POINT('',(-10.5,-25.,1.));
#3298 = VECTOR('',#3299,1.);
#3299 = DIRECTION('',(4.E-17,1.,0.));
#3300 = ORIENTED_EDGE('',*,*,#1632,.F.);
#3301 = ORIENTED_EDGE('',*,*,#1623,.T.);
#3302 = ORIENTED_EDGE('',*,*,#1615,.T.);
#3303 = ORIENTED_EDGE('',*,*,#3304,.F.);
#3304 = EDGE_CURVE('',#3305,#1608,#3307,.T.);
#3305 = VERTEX_POINT('',#3306);
#3306 = CARTESIAN_POINT('',(-10.5,1.769899989998,1.));
#3307 = LINE('',#3308,#3309);
#3308 = CARTESIAN_POINT('',(-10.5,-25.,1.));
#3309 = VECTOR('',#3310,1.);
#3310 = DIRECTION('',(4.E-17,1.,0.));
#3311 = ORIENTED_EDGE('',*,*,#3312,.F.);
#3312 = EDGE_CURVE('',#3294,#3305,#3313,.T.);
#3313 = CIRCLE('',#3314,0.5);
#3314 = AXIS2_PLACEMENT_3D('',#3315,#3316,#3317);
#3315 = CARTESIAN_POINT('',(-10.49,1.27,1.));
#3316 = DIRECTION('',(0.,0.,1.));
#3317 = DIRECTION('',(1.,0.,-0.));
#3318 = FACE_BOUND('',#3319,.T.);
#3319 = EDGE_LOOP('',(#3320));
#3320 = ORIENTED_EDGE('',*,*,#3321,.F.);
#3321 = EDGE_CURVE('',#3322,#3322,#3324,.T.);
#3322 = VERTEX_POINT('',#3323);
#3323 = CARTESIAN_POINT('',(-9.39,1.27,1.));
#3324 = CIRCLE('',#3325,0.5);
#3325 = AXIS2_PLACEMENT_3D('',#3326,#3327,#3328);
#3326 = CARTESIAN_POINT('',(-8.89,1.27,1.));
#3327 = DIRECTION('',(0.,0.,1.));
#3328 = DIRECTION('',(1.,0.,-0.));
#3329 = PLANE('',#3330);
#3330 = AXIS2_PLACEMENT_3D('',#3331,#3332,#3333);
#3331 = CARTESIAN_POINT('',(4.3E-16,1.14E-15,1.));
#3332 = DIRECTION('',(0.,0.,1.));
#3333 = DIRECTION('',(1.,0.,-0.));
#3334 = ADVANCED_FACE('',(#3335),#3360,.T.);
#3335 = FACE_BOUND('',#3336,.T.);
#3336 = EDGE_LOOP('',(#3337,#3347,#3353,#3354));
#3337 = ORIENTED_EDGE('',*,*,#3338,.F.);
#3338 = EDGE_CURVE('',#3339,#3341,#3343,.T.);
#3339 = VERTEX_POINT('',#3340);
#3340 = CARTESIAN_POINT('',(-10.5,2.07,3.E-15));
#3341 = VERTEX_POINT('',#3342);
#3342 = CARTESIAN_POINT('',(-10.5,3.01,2.E-15));
#3343 = LINE('',#3344,#3345);
#3344 = CARTESIAN_POINT('',(-10.5,-25.,0.));
#3345 = VECTOR('',#3346,1.);
#3346 = DIRECTION('',(4.E-17,1.,0.));
#3347 = ORIENTED_EDGE('',*,*,#3348,.T.);
#3348 = EDGE_CURVE('',#3339,#1608,#3349,.T.);
#3349 = LINE('',#3350,#3351);
#3350 = CARTESIAN_POINT('',(-10.5,2.07,3.E-15));
#3351 = VECTOR('',#3352,1.);
#3352 = DIRECTION('',(0.,0.,1.));
#3353 = ORIENTED_EDGE('',*,*,#1607,.T.);
#3354 = ORIENTED_EDGE('',*,*,#3355,.F.);
#3355 = EDGE_CURVE('',#3341,#1600,#3356,.T.);
#3356 = LINE('',#3357,#3358);
#3357 = CARTESIAN_POINT('',(-10.5,3.01,2.E-15));
#3358 = VECTOR('',#3359,1.);
#3359 = DIRECTION('',(0.,0.,1.));
#3360 = PLANE('',#3361);
#3361 = AXIS2_PLACEMENT_3D('',#3362,#3363,#3364);
#3362 = CARTESIAN_POINT('',(-10.5,-25.,0.));
#3363 = DIRECTION('',(-1.,4.E-17,0.));
#3364 = DIRECTION('',(4.E-17,1.,0.));
#3365 = ADVANCED_FACE('',(#3366,#3394),#3405,.T.);
#3366 = FACE_BOUND('',#3367,.T.);
#3367 = EDGE_LOOP('',(#3368,#3376,#3377,#3378,#3379,#3387));
#3368 = ORIENTED_EDGE('',*,*,#3369,.F.);
#3369 = EDGE_CURVE('',#1600,#3370,#3372,.T.);
#3370 = VERTEX_POINT('',#3371);
#3371 = CARTESIAN_POINT('',(-10.5,3.310100010002,1.));
#3372 = LINE('',#3373,#3374);
#3373 = CARTESIAN_POINT('',(-10.5,-25.,1.));
#3374 = VECTOR('',#3375,1.);
#3375 = DIRECTION('',(4.E-17,1.,0.));
#3376 = ORIENTED_EDGE('',*,*,#1599,.F.);
#3377 = ORIENTED_EDGE('',*,*,#1590,.T.);
#3378 = ORIENTED_EDGE('',*,*,#1582,.T.);
#3379 = ORIENTED_EDGE('',*,*,#3380,.F.);
#3380 = EDGE_CURVE('',#3381,#1575,#3383,.T.);
#3381 = VERTEX_POINT('',#3382);
#3382 = CARTESIAN_POINT('',(-10.5,4.309899989998,1.));
#3383 = LINE('',#3384,#3385);
#3384 = CARTESIAN_POINT('',(-10.5,-25.,1.));
#3385 = VECTOR('',#3386,1.);
#3386 = DIRECTION('',(4.E-17,1.,0.));
#3387 = ORIENTED_EDGE('',*,*,#3388,.F.);
#3388 = EDGE_CURVE('',#3370,#3381,#3389,.T.);
#3389 = CIRCLE('',#3390,0.5);
#3390 = AXIS2_PLACEMENT_3D('',#3391,#3392,#3393);
#3391 = CARTESIAN_POINT('',(-10.49,3.81,1.));
#3392 = DIRECTION('',(0.,0.,1.));
#3393 = DIRECTION('',(1.,0.,-0.));
#3394 = FACE_BOUND('',#3395,.T.);
#3395 = EDGE_LOOP('',(#3396));
#3396 = ORIENTED_EDGE('',*,*,#3397,.F.);
#3397 = EDGE_CURVE('',#3398,#3398,#3400,.T.);
#3398 = VERTEX_POINT('',#3399);
#3399 = CARTESIAN_POINT('',(-9.39,3.81,1.));
#3400 = CIRCLE('',#3401,0.5);
#3401 = AXIS2_PLACEMENT_3D('',#3402,#3403,#3404);
#3402 = CARTESIAN_POINT('',(-8.89,3.81,1.));
#3403 = DIRECTION('',(0.,0.,1.));
#3404 = DIRECTION('',(1.,0.,-0.));
#3405 = PLANE('',#3406);
#3406 = AXIS2_PLACEMENT_3D('',#3407,#3408,#3409);
#3407 = CARTESIAN_POINT('',(4.3E-16,1.14E-15,1.));
#3408 = DIRECTION('',(0.,0.,1.));
#3409 = DIRECTION('',(1.,0.,-0.));
#3410 = ADVANCED_FACE('',(#3411),#3436,.T.);
#3411 = FACE_BOUND('',#3412,.T.);
#3412 = EDGE_LOOP('',(#3413,#3423,#3429,#3430));
#3413 = ORIENTED_EDGE('',*,*,#3414,.F.);
#3414 = EDGE_CURVE('',#3415,#3417,#3419,.T.);
#3415 = VERTEX_POINT('',#3416);
#3416 = CARTESIAN_POINT('',(-10.5,4.61,2.E-15));
#3417 = VERTEX_POINT('',#3418);
#3418 = CARTESIAN_POINT('',(-10.5,5.549999999999,1.E-15));
#3419 = LINE('',#3420,#3421);
#3420 = CARTESIAN_POINT('',(-10.5,-25.,0.));
#3421 = VECTOR('',#3422,1.);
#3422 = DIRECTION('',(4.E-17,1.,0.));
#3423 = ORIENTED_EDGE('',*,*,#3424,.T.);
#3424 = EDGE_CURVE('',#3415,#1575,#3425,.T.);
#3425 = LINE('',#3426,#3427);
#3426 = CARTESIAN_POINT('',(-10.5,4.61,2.E-15));
#3427 = VECTOR('',#3428,1.);
#3428 = DIRECTION('',(0.,0.,1.));
#3429 = ORIENTED_EDGE('',*,*,#1574,.T.);
#3430 = ORIENTED_EDGE('',*,*,#3431,.F.);
#3431 = EDGE_CURVE('',#3417,#1567,#3432,.T.);
#3432 = LINE('',#3433,#3434);
#3433 = CARTESIAN_POINT('',(-10.5,5.549999999999,1.E-15));
#3434 = VECTOR('',#3435,1.);
#3435 = DIRECTION('',(0.,0.,1.));
#3436 = PLANE('',#3437);
#3437 = AXIS2_PLACEMENT_3D('',#3438,#3439,#3440);
#3438 = CARTESIAN_POINT('',(-10.5,-25.,0.));
#3439 = DIRECTION('',(-1.,4.E-17,0.));
#3440 = DIRECTION('',(4.E-17,1.,0.));
#3441 = ADVANCED_FACE('',(#3442,#3472),#3483,.T.);
#3442 = FACE_BOUND('',#3443,.T.);
#3443 = EDGE_LOOP('',(#3444,#3452,#3453,#3454,#3455,#3456,#3457,#3465));
#3444 = ORIENTED_EDGE('',*,*,#3445,.F.);
#3445 = EDGE_CURVE('',#1567,#3446,#3448,.T.);
#3446 = VERTEX_POINT('',#3447);
#3447 = CARTESIAN_POINT('',(-10.5,5.850100010002,1.));
#3448 = LINE('',#3449,#3450);
#3449 = CARTESIAN_POINT('',(-10.5,-25.,1.));
#3450 = VECTOR('',#3451,1.);
#3451 = DIRECTION('',(4.E-17,1.,0.));
#3452 = ORIENTED_EDGE('',*,*,#1566,.F.);
#3453 = ORIENTED_EDGE('',*,*,#1557,.T.);
#3454 = ORIENTED_EDGE('',*,*,#1549,.F.);
#3455 = ORIENTED_EDGE('',*,*,#1540,.T.);
#3456 = ORIENTED_EDGE('',*,*,#1532,.T.);
#3457 = ORIENTED_EDGE('',*,*,#3458,.F.);
#3458 = EDGE_CURVE('',#3459,#1525,#3461,.T.);
#3459 = VERTEX_POINT('',#3460);
#3460 = CARTESIAN_POINT('',(-10.5,6.849899989998,1.));
#3461 = LINE('',#3462,#3463);
#3462 = CARTESIAN_POINT('',(-10.5,-25.,1.));
#3463 = VECTOR('',#3464,1.);
#3464 = DIRECTION('',(4.E-17,1.,0.));
#3465 = ORIENTED_EDGE('',*,*,#3466,.F.);
#3466 = EDGE_CURVE('',#3446,#3459,#3467,.T.);
#3467 = CIRCLE('',#3468,0.5);
#3468 = AXIS2_PLACEMENT_3D('',#3469,#3470,#3471);
#3469 = CARTESIAN_POINT('',(-10.49,6.35,1.));
#3470 = DIRECTION('',(0.,0.,1.));
#3471 = DIRECTION('',(1.,0.,-0.));
#3472 = FACE_BOUND('',#3473,.T.);
#3473 = EDGE_LOOP('',(#3474));
#3474 = ORIENTED_EDGE('',*,*,#3475,.F.);
#3475 = EDGE_CURVE('',#3476,#3476,#3478,.T.);
#3476 = VERTEX_POINT('',#3477);
#3477 = CARTESIAN_POINT('',(-9.39,6.35,1.));
#3478 = CIRCLE('',#3479,0.5);
#3479 = AXIS2_PLACEMENT_3D('',#3480,#3481,#3482);
#3480 = CARTESIAN_POINT('',(-8.89,6.35,1.));
#3481 = DIRECTION('',(0.,0.,1.));
#3482 = DIRECTION('',(1.,0.,-0.));
#3483 = PLANE('',#3484);
#3484 = AXIS2_PLACEMENT_3D('',#3485,#3486,#3487);
#3485 = CARTESIAN_POINT('',(4.3E-16,1.14E-15,1.));
#3486 = DIRECTION('',(0.,0.,1.));
#3487 = DIRECTION('',(1.,0.,-0.));
#3488 = ADVANCED_FACE('',(#3489),#3514,.T.);
#3489 = FACE_BOUND('',#3490,.T.);
#3490 = EDGE_LOOP('',(#3491,#3501,#3507,#3508));
#3491 = ORIENTED_EDGE('',*,*,#3492,.F.);
#3492 = EDGE_CURVE('',#3493,#3495,#3497,.T.);
#3493 = VERTEX_POINT('',#3494);
#3494 = CARTESIAN_POINT('',(-10.5,7.150000000001,1.E-15));
#3495 = VERTEX_POINT('',#3496);
#3496 = CARTESIAN_POINT('',(-10.5,8.09,2.E-15));
#3497 = LINE('',#3498,#3499);
#3498 = CARTESIAN_POINT('',(-10.5,-25.,0.));
#3499 = VECTOR('',#3500,1.);
#3500 = DIRECTION('',(4.E-17,1.,0.));
#3501 = ORIENTED_EDGE('',*,*,#3502,.T.);
#3502 = EDGE_CURVE('',#3493,#1525,#3503,.T.);
#3503 = LINE('',#3504,#3505);
#3504 = CARTESIAN_POINT('',(-10.5,7.150000000001,1.E-15));
#3505 = VECTOR('',#3506,1.);
#3506 = DIRECTION('',(0.,0.,1.));
#3507 = ORIENTED_EDGE('',*,*,#1524,.T.);
#3508 = ORIENTED_EDGE('',*,*,#3509,.F.);
#3509 = EDGE_CURVE('',#3495,#1517,#3510,.T.);
#3510 = LINE('',#3511,#3512);
#3511 = CARTESIAN_POINT('',(-10.5,8.09,2.E-15));
#3512 = VECTOR('',#3513,1.);
#3513 = DIRECTION('',(0.,0.,1.));
#3514 = PLANE('',#3515);
#3515 = AXIS2_PLACEMENT_3D('',#3516,#3517,#3518);
#3516 = CARTESIAN_POINT('',(-10.5,-25.,0.));
#3517 = DIRECTION('',(-1.,4.E-17,0.));
#3518 = DIRECTION('',(4.E-17,1.,0.));
#3519 = ADVANCED_FACE('',(#3520,#3548),#3559,.T.);
#3520 = FACE_BOUND('',#3521,.T.);
#3521 = EDGE_LOOP('',(#3522,#3530,#3531,#3532,#3533,#3541));
#3522 = ORIENTED_EDGE('',*,*,#3523,.F.);
#3523 = EDGE_CURVE('',#1517,#3524,#3526,.T.);
#3524 = VERTEX_POINT('',#3525);
#3525 = CARTESIAN_POINT('',(-10.5,8.390100010002,1.));
#3526 = LINE('',#3527,#3528);
#3527 = CARTESIAN_POINT('',(-10.5,-25.,1.));
#3528 = VECTOR('',#3529,1.);
#3529 = DIRECTION('',(4.E-17,1.,0.));
#3530 = ORIENTED_EDGE('',*,*,#1516,.F.);
#3531 = ORIENTED_EDGE('',*,*,#1507,.T.);
#3532 = ORIENTED_EDGE('',*,*,#1499,.T.);
#3533 = ORIENTED_EDGE('',*,*,#3534,.F.);
#3534 = EDGE_CURVE('',#3535,#1492,#3537,.T.);
#3535 = VERTEX_POINT('',#3536);
#3536 = CARTESIAN_POINT('',(-10.5,9.389899989998,1.));
#3537 = LINE('',#3538,#3539);
#3538 = CARTESIAN_POINT('',(-10.5,-25.,1.));
#3539 = VECTOR('',#3540,1.);
#3540 = DIRECTION('',(4.E-17,1.,0.));
#3541 = ORIENTED_EDGE('',*,*,#3542,.F.);
#3542 = EDGE_CURVE('',#3524,#3535,#3543,.T.);
#3543 = CIRCLE('',#3544,0.5);
#3544 = AXIS2_PLACEMENT_3D('',#3545,#3546,#3547);
#3545 = CARTESIAN_POINT('',(-10.49,8.89,1.));
#3546 = DIRECTION('',(0.,0.,1.));
#3547 = DIRECTION('',(1.,0.,-0.));
#3548 = FACE_BOUND('',#3549,.T.);
#3549 = EDGE_LOOP('',(#3550));
#3550 = ORIENTED_EDGE('',*,*,#3551,.F.);
#3551 = EDGE_CURVE('',#3552,#3552,#3554,.T.);
#3552 = VERTEX_POINT('',#3553);
#3553 = CARTESIAN_POINT('',(-9.39,8.89,1.));
#3554 = CIRCLE('',#3555,0.5);
#3555 = AXIS2_PLACEMENT_3D('',#3556,#3557,#3558);
#3556 = CARTESIAN_POINT('',(-8.89,8.89,1.));
#3557 = DIRECTION('',(0.,0.,1.));
#3558 = DIRECTION('',(1.,0.,-0.));
#3559 = PLANE('',#3560);
#3560 = AXIS2_PLACEMENT_3D('',#3561,#3562,#3563);
#3561 = CARTESIAN_POINT('',(4.3E-16,1.14E-15,1.));
#3562 = DIRECTION('',(0.,0.,1.));
#3563 = DIRECTION('',(1.,0.,-0.));
#3564 = ADVANCED_FACE('',(#3565),#3590,.T.);
#3565 = FACE_BOUND('',#3566,.T.);
#3566 = EDGE_LOOP('',(#3567,#3577,#3583,#3584));
#3567 = ORIENTED_EDGE('',*,*,#3568,.F.);
#3568 = EDGE_CURVE('',#3569,#3571,#3573,.T.);
#3569 = VERTEX_POINT('',#3570);
#3570 = CARTESIAN_POINT('',(-10.5,9.69,2.E-15));
#3571 = VERTEX_POINT('',#3572);
#3572 = CARTESIAN_POINT('',(-10.5,10.63,1.E-15));
#3573 = LINE('',#3574,#3575);
#3574 = CARTESIAN_POINT('',(-10.5,-25.,0.));
#3575 = VECTOR('',#3576,1.);
#3576 = DIRECTION('',(4.E-17,1.,0.));
#3577 = ORIENTED_EDGE('',*,*,#3578,.T.);
#3578 = EDGE_CURVE('',#3569,#1492,#3579,.T.);
#3579 = LINE('',#3580,#3581);
#3580 = CARTESIAN_POINT('',(-10.5,9.69,2.E-15));
#3581 = VECTOR('',#3582,1.);
#3582 = DIRECTION('',(0.,0.,1.));
#3583 = ORIENTED_EDGE('',*,*,#1491,.T.);
#3584 = ORIENTED_EDGE('',*,*,#3585,.F.);
#3585 = EDGE_CURVE('',#3571,#1484,#3586,.T.);
#3586 = LINE('',#3587,#3588);
#3587 = CARTESIAN_POINT('',(-10.5,10.63,1.E-15));
#3588 = VECTOR('',#3589,1.);
#3589 = DIRECTION('',(0.,0.,1.));
#3590 = PLANE('',#3591);
#3591 = AXIS2_PLACEMENT_3D('',#3592,#3593,#3594);
#3592 = CARTESIAN_POINT('',(-10.5,-25.,0.));
#3593 = DIRECTION('',(-1.,4.E-17,0.));
#3594 = DIRECTION('',(4.E-17,1.,0.));
#3595 = ADVANCED_FACE('',(#3596,#3624),#3635,.T.);
#3596 = FACE_BOUND('',#3597,.T.);
#3597 = EDGE_LOOP('',(#3598,#3606,#3607,#3608,#3609,#3617));
#3598 = ORIENTED_EDGE('',*,*,#3599,.F.);
#3599 = EDGE_CURVE('',#1484,#3600,#3602,.T.);
#3600 = VERTEX_POINT('',#3601);
#3601 = CARTESIAN_POINT('',(-10.5,10.930100010002,1.));
#3602 = LINE('',#3603,#3604);
#3603 = CARTESIAN_POINT('',(-10.5,-25.,1.));
#3604 = VECTOR('',#3605,1.);
#3605 = DIRECTION('',(4.E-17,1.,0.));
#3606 = ORIENTED_EDGE('',*,*,#1483,.F.);
#3607 = ORIENTED_EDGE('',*,*,#1474,.T.);
#3608 = ORIENTED_EDGE('',*,*,#1466,.T.);
#3609 = ORIENTED_EDGE('',*,*,#3610,.F.);
#3610 = EDGE_CURVE('',#3611,#1459,#3613,.T.);
#3611 = VERTEX_POINT('',#3612);
#3612 = CARTESIAN_POINT('',(-10.5,11.929899989998,1.));
#3613 = LINE('',#3614,#3615);
#3614 = CARTESIAN_POINT('',(-10.5,-25.,1.));
#3615 = VECTOR('',#3616,1.);
#3616 = DIRECTION('',(4.E-17,1.,0.));
#3617 = ORIENTED_EDGE('',*,*,#3618,.F.);
#3618 = EDGE_CURVE('',#3600,#3611,#3619,.T.);
#3619 = CIRCLE('',#3620,0.5);
#3620 = AXIS2_PLACEMENT_3D('',#3621,#3622,#3623);
#3621 = CARTESIAN_POINT('',(-10.49,11.43,1.));
#3622 = DIRECTION('',(0.,0.,1.));
#3623 = DIRECTION('',(1.,0.,-0.));
#3624 = FACE_BOUND('',#3625,.T.);
#3625 = EDGE_LOOP('',(#3626));
#3626 = ORIENTED_EDGE('',*,*,#3627,.F.);
#3627 = EDGE_CURVE('',#3628,#3628,#3630,.T.);
#3628 = VERTEX_POINT('',#3629);
#3629 = CARTESIAN_POINT('',(-9.39,11.43,1.));
#3630 = CIRCLE('',#3631,0.5);
#3631 = AXIS2_PLACEMENT_3D('',#3632,#3633,#3634);
#3632 = CARTESIAN_POINT('',(-8.89,11.43,1.));
#3633 = DIRECTION('',(0.,0.,1.));
#3634 = DIRECTION('',(1.,0.,-0.));
#3635 = PLANE('',#3636);
#3636 = AXIS2_PLACEMENT_3D('',#3637,#3638,#3639);
#3637 = CARTESIAN_POINT('',(4.3E-16,1.14E-15,1.));
#3638 = DIRECTION('',(0.,0.,1.));
#3639 = DIRECTION('',(1.,0.,-0.));
#3640 = ADVANCED_FACE('',(#3641),#3666,.T.);
#3641 = FACE_BOUND('',#3642,.T.);
#3642 = EDGE_LOOP('',(#3643,#3653,#3659,#3660));
#3643 = ORIENTED_EDGE('',*,*,#3644,.F.);
#3644 = EDGE_CURVE('',#3645,#3647,#3649,.T.);
#3645 = VERTEX_POINT('',#3646);
#3646 = CARTESIAN_POINT('',(-10.5,12.23,1.E-15));
#3647 = VERTEX_POINT('',#3648);
#3648 = CARTESIAN_POINT('',(-10.5,13.17,1.E-15));
#3649 = LINE('',#3650,#3651);
#3650 = CARTESIAN_POINT('',(-10.5,-25.,0.));
#3651 = VECTOR('',#3652,1.);
#3652 = DIRECTION('',(4.E-17,1.,0.));
#3653 = ORIENTED_EDGE('',*,*,#3654,.T.);
#3654 = EDGE_CURVE('',#3645,#1459,#3655,.T.);
#3655 = LINE('',#3656,#3657);
#3656 = CARTESIAN_POINT('',(-10.5,12.23,1.E-15));
#3657 = VECTOR('',#3658,1.);
#3658 = DIRECTION('',(0.,0.,1.));
#3659 = ORIENTED_EDGE('',*,*,#1458,.T.);
#3660 = ORIENTED_EDGE('',*,*,#3661,.F.);
#3661 = EDGE_CURVE('',#3647,#1451,#3662,.T.);
#3662 = LINE('',#3663,#3664);
#3663 = CARTESIAN_POINT('',(-10.5,13.17,1.E-15));
#3664 = VECTOR('',#3665,1.);
#3665 = DIRECTION('',(0.,0.,1.));
#3666 = PLANE('',#3667);
#3667 = AXIS2_PLACEMENT_3D('',#3668,#3669,#3670);
#3668 = CARTESIAN_POINT('',(-10.5,-25.,0.));
#3669 = DIRECTION('',(-1.,4.E-17,0.));
#3670 = DIRECTION('',(4.E-17,1.,0.));
#3671 = ADVANCED_FACE('',(#3672,#3700),#3711,.T.);
#3672 = FACE_BOUND('',#3673,.T.);
#3673 = EDGE_LOOP('',(#3674,#3682,#3683,#3684,#3685,#3693));
#3674 = ORIENTED_EDGE('',*,*,#3675,.F.);
#3675 = EDGE_CURVE('',#1451,#3676,#3678,.T.);
#3676 = VERTEX_POINT('',#3677);
#3677 = CARTESIAN_POINT('',(-10.5,13.470100010002,1.));
#3678 = LINE('',#3679,#3680);
#3679 = CARTESIAN_POINT('',(-10.5,-25.,1.));
#3680 = VECTOR('',#3681,1.);
#3681 = DIRECTION('',(4.E-17,1.,0.));
#3682 = ORIENTED_EDGE('',*,*,#1450,.F.);
#3683 = ORIENTED_EDGE('',*,*,#1441,.T.);
#3684 = ORIENTED_EDGE('',*,*,#1433,.T.);
#3685 = ORIENTED_EDGE('',*,*,#3686,.F.);
#3686 = EDGE_CURVE('',#3687,#1426,#3689,.T.);
#3687 = VERTEX_POINT('',#3688);
#3688 = CARTESIAN_POINT('',(-10.5,14.469899989998,1.));
#3689 = LINE('',#3690,#3691);
#3690 = CARTESIAN_POINT('',(-10.5,-25.,1.));
#3691 = VECTOR('',#3692,1.);
#3692 = DIRECTION('',(4.E-17,1.,0.));
#3693 = ORIENTED_EDGE('',*,*,#3694,.F.);
#3694 = EDGE_CURVE('',#3676,#3687,#3695,.T.);
#3695 = CIRCLE('',#3696,0.5);
#3696 = AXIS2_PLACEMENT_3D('',#3697,#3698,#3699);
#3697 = CARTESIAN_POINT('',(-10.49,13.97,1.));
#3698 = DIRECTION('',(0.,0.,1.));
#3699 = DIRECTION('',(1.,0.,-0.));
#3700 = FACE_BOUND('',#3701,.T.);
#3701 = EDGE_LOOP('',(#3702));
#3702 = ORIENTED_EDGE('',*,*,#3703,.F.);
#3703 = EDGE_CURVE('',#3704,#3704,#3706,.T.);
#3704 = VERTEX_POINT('',#3705);
#3705 = CARTESIAN_POINT('',(-9.39,13.97,1.));
#3706 = CIRCLE('',#3707,0.5);
#3707 = AXIS2_PLACEMENT_3D('',#3708,#3709,#3710);
#3708 = CARTESIAN_POINT('',(-8.89,13.97,1.));
#3709 = DIRECTION('',(0.,0.,1.));
#3710 = DIRECTION('',(1.,0.,-0.));
#3711 = PLANE('',#3712);
#3712 = AXIS2_PLACEMENT_3D('',#3713,#3714,#3715);
#3713 = CARTESIAN_POINT('',(4.3E-16,1.14E-15,1.));
#3714 = DIRECTION('',(0.,0.,1.));
#3715 = DIRECTION('',(1.,0.,-0.));
#3716 = ADVANCED_FACE('',(#3717),#3742,.T.);
#3717 = FACE_BOUND('',#3718,.T.);
#3718 = EDGE_LOOP('',(#3719,#3729,#3735,#3736));
#3719 = ORIENTED_EDGE('',*,*,#3720,.F.);
#3720 = EDGE_CURVE('',#3721,#3723,#3725,.T.);
#3721 = VERTEX_POINT('',#3722);
#3722 = CARTESIAN_POINT('',(-10.5,14.77,1.E-15));
#3723 = VERTEX_POINT('',#3724);
#3724 = CARTESIAN_POINT('',(-10.5,15.71,1.E-15));
#3725 = LINE('',#3726,#3727);
#3726 = CARTESIAN_POINT('',(-10.5,-25.,0.));
#3727 = VECTOR('',#3728,1.);
#3728 = DIRECTION('',(4.E-17,1.,0.));
#3729 = ORIENTED_EDGE('',*,*,#3730,.T.);
#3730 = EDGE_CURVE('',#3721,#1426,#3731,.T.);
#3731 = LINE('',#3732,#3733);
#3732 = CARTESIAN_POINT('',(-10.5,14.77,1.E-15));
#3733 = VECTOR('',#3734,1.);
#3734 = DIRECTION('',(0.,0.,1.));
#3735 = ORIENTED_EDGE('',*,*,#1425,.T.);
#3736 = ORIENTED_EDGE('',*,*,#3737,.F.);
#3737 = EDGE_CURVE('',#3723,#1418,#3738,.T.);
#3738 = LINE('',#3739,#3740);
#3739 = CARTESIAN_POINT('',(-10.5,15.71,1.E-15));
#3740 = VECTOR('',#3741,1.);
#3741 = DIRECTION('',(0.,0.,1.));
#3742 = PLANE('',#3743);
#3743 = AXIS2_PLACEMENT_3D('',#3744,#3745,#3746);
#3744 = CARTESIAN_POINT('',(-10.5,-25.,0.));
#3745 = DIRECTION('',(-1.,4.E-17,0.));
#3746 = DIRECTION('',(4.E-17,1.,0.));
#3747 = ADVANCED_FACE('',(#3748,#3776),#3787,.T.);
#3748 = FACE_BOUND('',#3749,.T.);
#3749 = EDGE_LOOP('',(#3750,#3758,#3759,#3760,#3761,#3769));
#3750 = ORIENTED_EDGE('',*,*,#3751,.F.);
#3751 = EDGE_CURVE('',#1418,#3752,#3754,.T.);
#3752 = VERTEX_POINT('',#3753);
#3753 = CARTESIAN_POINT('',(-10.5,16.010100010002,1.));
#3754 = LINE('',#3755,#3756);
#3755 = CARTESIAN_POINT('',(-10.5,-25.,1.));
#3756 = VECTOR('',#3757,1.);
#3757 = DIRECTION('',(4.E-17,1.,0.));
#3758 = ORIENTED_EDGE('',*,*,#1417,.F.);
#3759 = ORIENTED_EDGE('',*,*,#1408,.T.);
#3760 = ORIENTED_EDGE('',*,*,#1400,.T.);
#3761 = ORIENTED_EDGE('',*,*,#3762,.F.);
#3762 = EDGE_CURVE('',#3763,#1393,#3765,.T.);
#3763 = VERTEX_POINT('',#3764);
#3764 = CARTESIAN_POINT('',(-10.5,17.009899989998,1.));
#3765 = LINE('',#3766,#3767);
#3766 = CARTESIAN_POINT('',(-10.5,-25.,1.));
#3767 = VECTOR('',#3768,1.);
#3768 = DIRECTION('',(4.E-17,1.,0.));
#3769 = ORIENTED_EDGE('',*,*,#3770,.F.);
#3770 = EDGE_CURVE('',#3752,#3763,#3771,.T.);
#3771 = CIRCLE('',#3772,0.5);
#3772 = AXIS2_PLACEMENT_3D('',#3773,#3774,#3775);
#3773 = CARTESIAN_POINT('',(-10.49,16.51,1.));
#3774 = DIRECTION('',(0.,0.,1.));
#3775 = DIRECTION('',(1.,0.,-0.));
#3776 = FACE_BOUND('',#3777,.T.);
#3777 = EDGE_LOOP('',(#3778));
#3778 = ORIENTED_EDGE('',*,*,#3779,.F.);
#3779 = EDGE_CURVE('',#3780,#3780,#3782,.T.);
#3780 = VERTEX_POINT('',#3781);
#3781 = CARTESIAN_POINT('',(-9.39,16.51,1.));
#3782 = CIRCLE('',#3783,0.5);
#3783 = AXIS2_PLACEMENT_3D('',#3784,#3785,#3786);
#3784 = CARTESIAN_POINT('',(-8.89,16.51,1.));
#3785 = DIRECTION('',(0.,0.,1.));
#3786 = DIRECTION('',(1.,0.,-0.));
#3787 = PLANE('',#3788);
#3788 = AXIS2_PLACEMENT_3D('',#3789,#3790,#3791);
#3789 = CARTESIAN_POINT('',(4.3E-16,1.14E-15,1.));
#3790 = DIRECTION('',(0.,0.,1.));
#3791 = DIRECTION('',(1.,0.,-0.));
#3792 = ADVANCED_FACE('',(#3793),#3818,.T.);
#3793 = FACE_BOUND('',#3794,.T.);
#3794 = EDGE_LOOP('',(#3795,#3805,#3811,#3812));
#3795 = ORIENTED_EDGE('',*,*,#3796,.F.);
#3796 = EDGE_CURVE('',#3797,#3799,#3801,.T.);
#3797 = VERTEX_POINT('',#3798);
#3798 = CARTESIAN_POINT('',(-10.5,17.31,1.E-15));
#3799 = VERTEX_POINT('',#3800);
#3800 = CARTESIAN_POINT('',(-10.5,18.249999999999,0.));
#3801 = LINE('',#3802,#3803);
#3802 = CARTESIAN_POINT('',(-10.5,-25.,0.));
#3803 = VECTOR('',#3804,1.);
#3804 = DIRECTION('',(4.E-17,1.,0.));
#3805 = ORIENTED_EDGE('',*,*,#3806,.T.);
#3806 = EDGE_CURVE('',#3797,#1393,#3807,.T.);
#3807 = LINE('',#3808,#3809);
#3808 = CARTESIAN_POINT('',(-10.5,17.31,1.E-15));
#3809 = VECTOR('',#3810,1.);
#3810 = DIRECTION('',(0.,0.,1.));
#3811 = ORIENTED_EDGE('',*,*,#1392,.T.);
#3812 = ORIENTED_EDGE('',*,*,#3813,.F.);
#3813 = EDGE_CURVE('',#3799,#1385,#3814,.T.);
#3814 = LINE('',#3815,#3816);
#3815 = CARTESIAN_POINT('',(-10.5,18.249999999999,0.));
#3816 = VECTOR('',#3817,1.);
#3817 = DIRECTION('',(0.,0.,1.));
#3818 = PLANE('',#3819);
#3819 = AXIS2_PLACEMENT_3D('',#3820,#3821,#3822);
#3820 = CARTESIAN_POINT('',(-10.5,-25.,0.));
#3821 = DIRECTION('',(-1.,4.E-17,0.));
#3822 = DIRECTION('',(4.E-17,1.,0.));
#3823 = ADVANCED_FACE('',(#3824,#3854),#3865,.T.);
#3824 = FACE_BOUND('',#3825,.T.);
#3825 = EDGE_LOOP('',(#3826,#3834,#3835,#3836,#3837,#3838,#3839,#3847));
#3826 = ORIENTED_EDGE('',*,*,#3827,.F.);
#3827 = EDGE_CURVE('',#1385,#3828,#3830,.T.);
#3828 = VERTEX_POINT('',#3829);
#3829 = CARTESIAN_POINT('',(-10.5,18.550100010002,1.));
#3830 = LINE('',#3831,#3832);
#3831 = CARTESIAN_POINT('',(-10.5,-25.,1.));
#3832 = VECTOR('',#3833,1.);
#3833 = DIRECTION('',(4.E-17,1.,0.));
#3834 = ORIENTED_EDGE('',*,*,#1384,.F.);
#3835 = ORIENTED_EDGE('',*,*,#1375,.T.);
#3836 = ORIENTED_EDGE('',*,*,#1367,.F.);
#3837 = ORIENTED_EDGE('',*,*,#1358,.T.);
#3838 = ORIENTED_EDGE('',*,*,#1350,.T.);
#3839 = ORIENTED_EDGE('',*,*,#3840,.F.);
#3840 = EDGE_CURVE('',#3841,#1343,#3843,.T.);
#3841 = VERTEX_POINT('',#3842);
#3842 = CARTESIAN_POINT('',(-10.5,19.549899989998,1.));
#3843 = LINE('',#3844,#3845);
#3844 = CARTESIAN_POINT('',(-10.5,-25.,1.));
#3845 = VECTOR('',#3846,1.);
#3846 = DIRECTION('',(4.E-17,1.,0.));
#3847 = ORIENTED_EDGE('',*,*,#3848,.F.);
#3848 = EDGE_CURVE('',#3828,#3841,#3849,.T.);
#3849 = CIRCLE('',#3850,0.5);
#3850 = AXIS2_PLACEMENT_3D('',#3851,#3852,#3853);
#3851 = CARTESIAN_POINT('',(-10.49,19.05,1.));
#3852 = DIRECTION('',(0.,0.,1.));
#3853 = DIRECTION('',(1.,0.,-0.));
#3854 = FACE_BOUND('',#3855,.T.);
#3855 = EDGE_LOOP('',(#3856));
#3856 = ORIENTED_EDGE('',*,*,#3857,.F.);
#3857 = EDGE_CURVE('',#3858,#3858,#3860,.T.);
#3858 = VERTEX_POINT('',#3859);
#3859 = CARTESIAN_POINT('',(-9.39,19.05,1.));
#3860 = CIRCLE('',#3861,0.5);
#3861 = AXIS2_PLACEMENT_3D('',#3862,#3863,#3864);
#3862 = CARTESIAN_POINT('',(-8.89,19.05,1.));
#3863 = DIRECTION('',(0.,0.,1.));
#3864 = DIRECTION('',(1.,0.,-0.));
#3865 = PLANE('',#3866);
#3866 = AXIS2_PLACEMENT_3D('',#3867,#3868,#3869);
#3867 = CARTESIAN_POINT('',(4.3E-16,1.14E-15,1.));
#3868 = DIRECTION('',(0.,0.,1.));
#3869 = DIRECTION('',(1.,0.,-0.));
#3870 = ADVANCED_FACE('',(#3871),#3896,.T.);
#3871 = FACE_BOUND('',#3872,.T.);
#3872 = EDGE_LOOP('',(#3873,#3883,#3889,#3890));
#3873 = ORIENTED_EDGE('',*,*,#3874,.F.);
#3874 = EDGE_CURVE('',#3875,#3877,#3879,.T.);
#3875 = VERTEX_POINT('',#3876);
#3876 = CARTESIAN_POINT('',(-10.5,19.850000000001,0.));
#3877 = VERTEX_POINT('',#3878);
#3878 = CARTESIAN_POINT('',(-10.5,20.79,0.));
#3879 = LINE('',#3880,#3881);
#3880 = CARTESIAN_POINT('',(-10.5,-25.,0.));
#3881 = VECTOR('',#3882,1.);
#3882 = DIRECTION('',(4.E-17,1.,0.));
#3883 = ORIENTED_EDGE('',*,*,#3884,.T.);
#3884 = EDGE_CURVE('',#3875,#1343,#3885,.T.);
#3885 = LINE('',#3886,#3887);
#3886 = CARTESIAN_POINT('',(-10.5,19.850000000001,0.));
#3887 = VECTOR('',#3888,1.);
#3888 = DIRECTION('',(0.,0.,1.));
#3889 = ORIENTED_EDGE('',*,*,#1342,.T.);
#3890 = ORIENTED_EDGE('',*,*,#3891,.F.);
#3891 = EDGE_CURVE('',#3877,#1335,#3892,.T.);
#3892 = LINE('',#3893,#3894);
#3893 = CARTESIAN_POINT('',(-10.5,20.79,0.));
#3894 = VECTOR('',#3895,1.);
#3895 = DIRECTION('',(0.,0.,1.));
#3896 = PLANE('',#3897);
#3897 = AXIS2_PLACEMENT_3D('',#3898,#3899,#3900);
#3898 = CARTESIAN_POINT('',(-10.5,-25.,0.));
#3899 = DIRECTION('',(-1.,4.E-17,0.));
#3900 = DIRECTION('',(4.E-17,1.,0.));
#3901 = ADVANCED_FACE('',(#3902,#3930),#3941,.T.);
#3902 = FACE_BOUND('',#3903,.T.);
#3903 = EDGE_LOOP('',(#3904,#3912,#3913,#3914,#3915,#3923));
#3904 = ORIENTED_EDGE('',*,*,#3905,.F.);
#3905 = EDGE_CURVE('',#1335,#3906,#3908,.T.);
#3906 = VERTEX_POINT('',#3907);
#3907 = CARTESIAN_POINT('',(-10.5,21.090100010002,1.));
#3908 = LINE('',#3909,#3910);
#3909 = CARTESIAN_POINT('',(-10.5,-25.,1.));
#3910 = VECTOR('',#3911,1.);
#3911 = DIRECTION('',(4.E-17,1.,0.));
#3912 = ORIENTED_EDGE('',*,*,#1334,.F.);
#3913 = ORIENTED_EDGE('',*,*,#1325,.T.);
#3914 = ORIENTED_EDGE('',*,*,#1317,.T.);
#3915 = ORIENTED_EDGE('',*,*,#3916,.F.);
#3916 = EDGE_CURVE('',#3917,#1310,#3919,.T.);
#3917 = VERTEX_POINT('',#3918);
#3918 = CARTESIAN_POINT('',(-10.5,22.089899989998,1.));
#3919 = LINE('',#3920,#3921);
#3920 = CARTESIAN_POINT('',(-10.5,-25.,1.));
#3921 = VECTOR('',#3922,1.);
#3922 = DIRECTION('',(4.E-17,1.,0.));
#3923 = ORIENTED_EDGE('',*,*,#3924,.F.);
#3924 = EDGE_CURVE('',#3906,#3917,#3925,.T.);
#3925 = CIRCLE('',#3926,0.5);
#3926 = AXIS2_PLACEMENT_3D('',#3927,#3928,#3929);
#3927 = CARTESIAN_POINT('',(-10.49,21.59,1.));
#3928 = DIRECTION('',(0.,0.,1.));
#3929 = DIRECTION('',(1.,0.,-0.));
#3930 = FACE_BOUND('',#3931,.T.);
#3931 = EDGE_LOOP('',(#3932));
#3932 = ORIENTED_EDGE('',*,*,#3933,.F.);
#3933 = EDGE_CURVE('',#3934,#3934,#3936,.T.);
#3934 = VERTEX_POINT('',#3935);
#3935 = CARTESIAN_POINT('',(-9.39,21.59,1.));
#3936 = CIRCLE('',#3937,0.5);
#3937 = AXIS2_PLACEMENT_3D('',#3938,#3939,#3940);
#3938 = CARTESIAN_POINT('',(-8.89,21.59,1.));
#3939 = DIRECTION('',(0.,0.,1.));
#3940 = DIRECTION('',(1.,0.,-0.));
#3941 = PLANE('',#3942);
#3942 = AXIS2_PLACEMENT_3D('',#3943,#3944,#3945);
#3943 = CARTESIAN_POINT('',(4.3E-16,1.14E-15,1.));
#3944 = DIRECTION('',(0.,0.,1.));
#3945 = DIRECTION('',(1.,0.,-0.));
#3946 = ADVANCED_FACE('',(#3947),#3972,.T.);
#3947 = FACE_BOUND('',#3948,.T.);
#3948 = EDGE_LOOP('',(#3949,#3959,#3965,#3966));
#3949 = ORIENTED_EDGE('',*,*,#3950,.F.);
#3950 = EDGE_CURVE('',#3951,#3953,#3955,.T.);
#3951 = VERTEX_POINT('',#3952);
#3952 = CARTESIAN_POINT('',(-10.5,22.39,0.));
#3953 = VERTEX_POINT('',#3954);
#3954 = CARTESIAN_POINT('',(-10.5,23.33,0.));
#3955 = LINE('',#3956,#3957);
#3956 = CARTESIAN_POINT('',(-10.5,-25.,0.));
#3957 = VECTOR('',#3958,1.);
#3958 = DIRECTION('',(4.E-17,1.,0.));
#3959 = ORIENTED_EDGE('',*,*,#3960,.T.);
#3960 = EDGE_CURVE('',#3951,#1310,#3961,.T.);
#3961 = LINE('',#3962,#3963);
#3962 = CARTESIAN_POINT('',(-10.5,22.39,0.));
#3963 = VECTOR('',#3964,1.);
#3964 = DIRECTION('',(0.,0.,1.));
#3965 = ORIENTED_EDGE('',*,*,#1309,.T.);
#3966 = ORIENTED_EDGE('',*,*,#3967,.F.);
#3967 = EDGE_CURVE('',#3953,#1302,#3968,.T.);
#3968 = LINE('',#3969,#3970);
#3969 = CARTESIAN_POINT('',(-10.5,23.33,0.));
#3970 = VECTOR('',#3971,1.);
#3971 = DIRECTION('',(0.,0.,1.));
#3972 = PLANE('',#3973);
#3973 = AXIS2_PLACEMENT_3D('',#3974,#3975,#3976);
#3974 = CARTESIAN_POINT('',(-10.5,-25.,0.));
#3975 = DIRECTION('',(-1.,4.E-17,0.));
#3976 = DIRECTION('',(4.E-17,1.,0.));
#3977 = ADVANCED_FACE('',(#3978,#4006),#4017,.T.);
#3978 = FACE_BOUND('',#3979,.T.);
#3979 = EDGE_LOOP('',(#3980,#3988,#3989,#3990,#3991,#3999));
#3980 = ORIENTED_EDGE('',*,*,#3981,.F.);
#3981 = EDGE_CURVE('',#1302,#3982,#3984,.T.);
#3982 = VERTEX_POINT('',#3983);
#3983 = CARTESIAN_POINT('',(-10.5,23.630100010003,1.));
#3984 = LINE('',#3985,#3986);
#3985 = CARTESIAN_POINT('',(-10.5,-25.,1.));
#3986 = VECTOR('',#3987,1.);
#3987 = DIRECTION('',(4.E-17,1.,0.));
#3988 = ORIENTED_EDGE('',*,*,#1301,.F.);
#3989 = ORIENTED_EDGE('',*,*,#1292,.T.);
#3990 = ORIENTED_EDGE('',*,*,#1284,.T.);
#3991 = ORIENTED_EDGE('',*,*,#3992,.F.);
#3992 = EDGE_CURVE('',#3993,#1277,#3995,.T.);
#3993 = VERTEX_POINT('',#3994);
#3994 = CARTESIAN_POINT('',(-10.5,24.629899989997,1.));
#3995 = LINE('',#3996,#3997);
#3996 = CARTESIAN_POINT('',(-10.5,-25.,1.));
#3997 = VECTOR('',#3998,1.);
#3998 = DIRECTION('',(4.E-17,1.,0.));
#3999 = ORIENTED_EDGE('',*,*,#4000,.F.);
#4000 = EDGE_CURVE('',#3982,#3993,#4001,.T.);
#4001 = CIRCLE('',#4002,0.5);
#4002 = AXIS2_PLACEMENT_3D('',#4003,#4004,#4005);
#4003 = CARTESIAN_POINT('',(-10.49,24.13,1.));
#4004 = DIRECTION('',(0.,0.,1.));
#4005 = DIRECTION('',(1.,0.,-0.));
#4006 = FACE_BOUND('',#4007,.T.);
#4007 = EDGE_LOOP('',(#4008));
#4008 = ORIENTED_EDGE('',*,*,#4009,.F.);
#4009 = EDGE_CURVE('',#4010,#4010,#4012,.T.);
#4010 = VERTEX_POINT('',#4011);
#4011 = CARTESIAN_POINT('',(-9.39,24.13,1.));
#4012 = CIRCLE('',#4013,0.5);
#4013 = AXIS2_PLACEMENT_3D('',#4014,#4015,#4016);
#4014 = CARTESIAN_POINT('',(-8.89,24.13,1.));
#4015 = DIRECTION('',(0.,0.,1.));
#4016 = DIRECTION('',(1.,0.,-0.));
#4017 = PLANE('',#4018);
#4018 = AXIS2_PLACEMENT_3D('',#4019,#4020,#4021);
#4019 = CARTESIAN_POINT('',(4.3E-16,1.14E-15,1.));
#4020 = DIRECTION('',(0.,0.,1.));
#4021 = DIRECTION('',(1.,0.,-0.));
#4022 = ADVANCED_FACE('',(#4023),#4048,.T.);
#4023 = FACE_BOUND('',#4024,.T.);
#4024 = EDGE_LOOP('',(#4025,#4035,#4041,#4042));
#4025 = ORIENTED_EDGE('',*,*,#4026,.F.);
#4026 = EDGE_CURVE('',#4027,#4029,#4031,.T.);
#4027 = VERTEX_POINT('',#4028);
#4028 = CARTESIAN_POINT('',(-10.5,24.93,0.));
#4029 = VERTEX_POINT('',#4030);
#4030 = CARTESIAN_POINT('',(-10.5,25.,0.));
#4031 = LINE('',#4032,#4033);
#4032 = CARTESIAN_POINT('',(-10.5,-25.,0.));
#4033 = VECTOR('',#4034,1.);
#4034 = DIRECTION('',(4.E-17,1.,0.));
#4035 = ORIENTED_EDGE('',*,*,#4036,.T.);
#4036 = EDGE_CURVE('',#4027,#1277,#4037,.T.);
#4037 = LINE('',#4038,#4039);
#4038 = CARTESIAN_POINT('',(-10.5,24.93,0.));
#4039 = VECTOR('',#4040,1.);
#4040 = DIRECTION('',(0.,0.,1.));
#4041 = ORIENTED_EDGE('',*,*,#1276,.T.);
#4042 = ORIENTED_EDGE('',*,*,#4043,.F.);
#4043 = EDGE_CURVE('',#4029,#1268,#4044,.T.);
#4044 = LINE('',#4045,#4046);
#4045 = CARTESIAN_POINT('',(-10.5,25.,0.));
#4046 = VECTOR('',#4047,1.);
#4047 = DIRECTION('',(0.,0.,1.));
#4048 = PLANE('',#4049);
#4049 = AXIS2_PLACEMENT_3D('',#4050,#4051,#4052);
#4050 = CARTESIAN_POINT('',(-10.5,-25.,0.));
#4051 = DIRECTION('',(-1.,4.E-17,0.));
#4052 = DIRECTION('',(4.E-17,1.,0.));
#4053 = ADVANCED_FACE('',(#4054),#4073,.T.);
#4054 = FACE_BOUND('',#4055,.T.);
#4055 = EDGE_LOOP('',(#4056,#4065,#4066,#4067));
#4056 = ORIENTED_EDGE('',*,*,#4057,.T.);
#4057 = EDGE_CURVE('',#4058,#4029,#4060,.T.);
#4058 = VERTEX_POINT('',#4059);
#4059 = CARTESIAN_POINT('',(-10.,25.5,0.));
#4060 = CIRCLE('',#4061,0.5);
#4061 = AXIS2_PLACEMENT_3D('',#4062,#4063,#4064);
#4062 = CARTESIAN_POINT('',(-10.,25.,0.));
#4063 = DIRECTION('',(0.,0.,1.));
#4064 = DIRECTION('',(1.,0.,-0.));
#4065 = ORIENTED_EDGE('',*,*,#4043,.T.);
#4066 = ORIENTED_EDGE('',*,*,#1267,.F.);
#4067 = ORIENTED_EDGE('',*,*,#4068,.F.);
#4068 = EDGE_CURVE('',#4058,#1260,#4069,.T.);
#4069 = LINE('',#4070,#4071);
#4070 = CARTESIAN_POINT('',(-10.,25.5,0.));
#4071 = VECTOR('',#4072,1.);
#4072 = DIRECTION('',(0.,0.,1.));
#4073 = CYLINDRICAL_SURFACE('',#4074,0.5);
#4074 = AXIS2_PLACEMENT_3D('',#4075,#4076,#4077);
#4075 = CARTESIAN_POINT('',(-10.,25.,0.));
#4076 = DIRECTION('',(-0.,-0.,-1.));
#4077 = DIRECTION('',(1.,0.,0.));
#4078 = ADVANCED_FACE('',(#4079),#4104,.T.);
#4079 = FACE_BOUND('',#4080,.T.);
#4080 = EDGE_LOOP('',(#4081,#4082,#4083,#4089,#4090,#4098));
#4081 = ORIENTED_EDGE('',*,*,#4068,.T.);
#4082 = ORIENTED_EDGE('',*,*,#1259,.T.);
#4083 = ORIENTED_EDGE('',*,*,#4084,.T.);
#4084 = EDGE_CURVE('',#1252,#1228,#4085,.T.);
#4085 = LINE('',#4086,#4087);
#4086 = CARTESIAN_POINT('',(-10.,25.5,1.));
#4087 = VECTOR('',#4088,1.);
#4088 = DIRECTION('',(1.,0.,0.));
#4089 = ORIENTED_EDGE('',*,*,#1227,.T.);
#4090 = ORIENTED_EDGE('',*,*,#4091,.F.);
#4091 = EDGE_CURVE('',#4092,#1219,#4094,.T.);
#4092 = VERTEX_POINT('',#4093);
#4093 = CARTESIAN_POINT('',(10.,25.5,0.));
#4094 = LINE('',#4095,#4096);
#4095 = CARTESIAN_POINT('',(10.,25.5,0.));
#4096 = VECTOR('',#4097,1.);
#4097 = DIRECTION('',(0.,0.,1.));
#4098 = ORIENTED_EDGE('',*,*,#4099,.F.);
#4099 = EDGE_CURVE('',#4058,#4092,#4100,.T.);
#4100 = LINE('',#4101,#4102);
#4101 = CARTESIAN_POINT('',(-10.,25.5,0.));
#4102 = VECTOR('',#4103,1.);
#4103 = DIRECTION('',(1.,0.,0.));
#4104 = PLANE('',#4105);
#4105 = AXIS2_PLACEMENT_3D('',#4106,#4107,#4108);
#4106 = CARTESIAN_POINT('',(-10.,25.5,0.));
#4107 = DIRECTION('',(0.,1.,0.));
#4108 = DIRECTION('',(1.,0.,0.));
#4109 = ADVANCED_FACE('',(#4110),#4145,.T.);
#4110 = FACE_BOUND('',#4111,.T.);
#4111 = EDGE_LOOP('',(#4112,#4120,#4121,#4130,#4138));
#4112 = ORIENTED_EDGE('',*,*,#4113,.T.);
#4113 = EDGE_CURVE('',#4114,#1252,#4116,.T.);
#4114 = VERTEX_POINT('',#4115);
#4115 = CARTESIAN_POINT('',(-2.660723304703,26.2,1.));
#4116 = LINE('',#4117,#4118);
#4117 = CARTESIAN_POINT('',(-2.660723304703,26.2,1.));
#4118 = VECTOR('',#4119,1.);
#4119 = DIRECTION('',(0.,-1.,0.));
#4120 = ORIENTED_EDGE('',*,*,#1251,.T.);
#4121 = ORIENTED_EDGE('',*,*,#4122,.T.);
#4122 = EDGE_CURVE('',#1244,#4123,#4125,.T.);
#4123 = VERTEX_POINT('',#4124);
#4124 = CARTESIAN_POINT('',(-2.961243686708,21.2,1.124479617996));
#4125 = CIRCLE('',#4126,0.425);
#4126 = AXIS2_PLACEMENT_3D('',#4127,#4128,#4129);
#4127 = CARTESIAN_POINT('',(-2.660723304703,21.2,1.425));
#4128 = DIRECTION('',(0.,1.,0.));
#4129 = DIRECTION('',(0.,0.,-1.));
#4130 = ORIENTED_EDGE('',*,*,#4131,.F.);
#4131 = EDGE_CURVE('',#4132,#4123,#4134,.T.);
#4132 = VERTEX_POINT('',#4133);
#4133 = CARTESIAN_POINT('',(-2.961243686708,26.2,1.124479617996));
#4134 = LINE('',#4135,#4136);
#4135 = CARTESIAN_POINT('',(-2.961243686708,26.2,1.124479617996));
#4136 = VECTOR('',#4137,1.);
#4137 = DIRECTION('',(0.,-1.,0.));
#4138 = ORIENTED_EDGE('',*,*,#4139,.F.);
#4139 = EDGE_CURVE('',#4114,#4132,#4140,.T.);
#4140 = CIRCLE('',#4141,0.425);
#4141 = AXIS2_PLACEMENT_3D('',#4142,#4143,#4144);
#4142 = CARTESIAN_POINT('',(-2.660723304703,26.2,1.425));
#4143 = DIRECTION('',(0.,1.,0.));
#4144 = DIRECTION('',(0.,0.,-1.));
#4145 = CYLINDRICAL_SURFACE('',#4146,0.425);
#4146 = AXIS2_PLACEMENT_3D('',#4147,#4148,#4149);
#4147 = CARTESIAN_POINT('',(-2.660723304703,26.2,1.425));
#4148 = DIRECTION('',(0.,-1.,0.));
#4149 = DIRECTION('',(0.,0.,-1.));
#4150 = ADVANCED_FACE('',(#4151),#4238,.F.);
#4151 = FACE_BOUND('',#4152,.F.);
#4152 = EDGE_LOOP('',(#4153,#4154,#4155,#4163,#4172,#4180,#4189,#4197,
    #4206,#4214,#4223,#4231));
#4153 = ORIENTED_EDGE('',*,*,#1243,.F.);
#4154 = ORIENTED_EDGE('',*,*,#4122,.T.);
#4155 = ORIENTED_EDGE('',*,*,#4156,.T.);
#4156 = EDGE_CURVE('',#4123,#4157,#4159,.T.);
#4157 = VERTEX_POINT('',#4158);
#4158 = CARTESIAN_POINT('',(-3.625520382004,21.2,1.788756313292));
#4159 = LINE('',#4160,#4161);
#4160 = CARTESIAN_POINT('',(-2.836764068712,21.2,1.));
#4161 = VECTOR('',#4162,1.);
#4162 = DIRECTION('',(-0.707106781187,0.,0.707106781187));
#4163 = ORIENTED_EDGE('',*,*,#4164,.F.);
#4164 = EDGE_CURVE('',#4165,#4157,#4167,.T.);
#4165 = VERTEX_POINT('',#4166);
#4166 = CARTESIAN_POINT('',(-3.75,21.2,2.089276695297));
#4167 = CIRCLE('',#4168,0.425);
#4168 = AXIS2_PLACEMENT_3D('',#4169,#4170,#4171);
#4169 = CARTESIAN_POINT('',(-3.325,21.2,2.089276695297));
#4170 = DIRECTION('',(0.,-1.,0.));
#4171 = DIRECTION('',(0.,0.,-1.));
#4172 = ORIENTED_EDGE('',*,*,#4173,.T.);
#4173 = EDGE_CURVE('',#4165,#4174,#4176,.T.);
#4174 = VERTEX_POINT('',#4175);
#4175 = CARTESIAN_POINT('',(-3.75,21.2,3.025));
#4176 = LINE('',#4177,#4178);
#4177 = CARTESIAN_POINT('',(-3.75,21.2,1.913235931288));
#4178 = VECTOR('',#4179,1.);
#4179 = DIRECTION('',(0.,0.,1.));
#4180 = ORIENTED_EDGE('',*,*,#4181,.F.);
#4181 = EDGE_CURVE('',#4182,#4174,#4184,.T.);
#4182 = VERTEX_POINT('',#4183);
#4183 = CARTESIAN_POINT('',(-3.325,21.2,3.45));
#4184 = CIRCLE('',#4185,0.425);
#4185 = AXIS2_PLACEMENT_3D('',#4186,#4187,#4188);
#4186 = CARTESIAN_POINT('',(-3.325,21.2,3.025));
#4187 = DIRECTION('',(0.,-1.,0.));
#4188 = DIRECTION('',(0.,0.,-1.));
#4189 = ORIENTED_EDGE('',*,*,#4190,.T.);
#4190 = EDGE_CURVE('',#4182,#4191,#4193,.T.);
#4191 = VERTEX_POINT('',#4192);
#4192 = CARTESIAN_POINT('',(3.325,21.2,3.45));
#4193 = LINE('',#4194,#4195);
#4194 = CARTESIAN_POINT('',(-3.75,21.2,3.45));
#4195 = VECTOR('',#4196,1.);
#4196 = DIRECTION('',(1.,0.,0.));
#4197 = ORIENTED_EDGE('',*,*,#4198,.F.);
#4198 = EDGE_CURVE('',#4199,#4191,#4201,.T.);
#4199 = VERTEX_POINT('',#4200);
#4200 = CARTESIAN_POINT('',(3.75,21.2,3.025));
#4201 = CIRCLE('',#4202,0.425);
#4202 = AXIS2_PLACEMENT_3D('',#4203,#4204,#4205);
#4203 = CARTESIAN_POINT('',(3.325,21.2,3.025));
#4204 = DIRECTION('',(0.,-1.,0.));
#4205 = DIRECTION('',(0.,0.,-1.));
#4206 = ORIENTED_EDGE('',*,*,#4207,.T.);
#4207 = EDGE_CURVE('',#4199,#4208,#4210,.T.);
#4208 = VERTEX_POINT('',#4209);
#4209 = CARTESIAN_POINT('',(3.75,21.2,2.089276695297));
#4210 = LINE('',#4211,#4212);
#4211 = CARTESIAN_POINT('',(3.75,21.2,3.45));
#4212 = VECTOR('',#4213,1.);
#4213 = DIRECTION('',(0.,0.,-1.));
#4214 = ORIENTED_EDGE('',*,*,#4215,.F.);
#4215 = EDGE_CURVE('',#4216,#4208,#4218,.T.);
#4216 = VERTEX_POINT('',#4217);
#4217 = CARTESIAN_POINT('',(3.625520382004,21.2,1.788756313292));
#4218 = CIRCLE('',#4219,0.425);
#4219 = AXIS2_PLACEMENT_3D('',#4220,#4221,#4222);
#4220 = CARTESIAN_POINT('',(3.325,21.2,2.089276695297));
#4221 = DIRECTION('',(0.,-1.,0.));
#4222 = DIRECTION('',(0.,0.,-1.));
#4223 = ORIENTED_EDGE('',*,*,#4224,.T.);
#4224 = EDGE_CURVE('',#4216,#4225,#4227,.T.);
#4225 = VERTEX_POINT('',#4226);
#4226 = CARTESIAN_POINT('',(2.961243686708,21.2,1.124479617996));
#4227 = LINE('',#4228,#4229);
#4228 = CARTESIAN_POINT('',(3.75,21.2,1.913235931288));
#4229 = VECTOR('',#4230,1.);
#4230 = DIRECTION('',(-0.707106781187,-0.,-0.707106781187));
#4231 = ORIENTED_EDGE('',*,*,#4232,.F.);
#4232 = EDGE_CURVE('',#1236,#4225,#4233,.T.);
#4233 = CIRCLE('',#4234,0.425);
#4234 = AXIS2_PLACEMENT_3D('',#4235,#4236,#4237);
#4235 = CARTESIAN_POINT('',(2.660723304703,21.2,1.425));
#4236 = DIRECTION('',(0.,-1.,0.));
#4237 = DIRECTION('',(0.,0.,-1.));
#4238 = PLANE('',#4239);
#4239 = AXIS2_PLACEMENT_3D('',#4240,#4241,#4242);
#4240 = CARTESIAN_POINT('',(0.,21.2,2.312950198131));
#4241 = DIRECTION('',(0.,1.,2.2E-16));
#4242 = DIRECTION('',(0.,-2.2E-16,1.));
#4243 = ADVANCED_FACE('',(#4244),#4271,.T.);
#4244 = FACE_BOUND('',#4245,.T.);
#4245 = EDGE_LOOP('',(#4246,#4257,#4263,#4264,#4265));
#4246 = ORIENTED_EDGE('',*,*,#4247,.T.);
#4247 = EDGE_CURVE('',#4248,#4250,#4252,.T.);
#4248 = VERTEX_POINT('',#4249);
#4249 = CARTESIAN_POINT('',(2.660723304703,26.2,1.));
#4250 = VERTEX_POINT('',#4251);
#4251 = CARTESIAN_POINT('',(2.961243686708,26.2,1.124479617996));
#4252 = CIRCLE('',#4253,0.425);
#4253 = AXIS2_PLACEMENT_3D('',#4254,#4255,#4256);
#4254 = CARTESIAN_POINT('',(2.660723304703,26.2,1.425));
#4255 = DIRECTION('',(0.,-1.,0.));
#4256 = DIRECTION('',(0.,0.,-1.));
#4257 = ORIENTED_EDGE('',*,*,#4258,.T.);
#4258 = EDGE_CURVE('',#4250,#4225,#4259,.T.);
#4259 = LINE('',#4260,#4261);
#4260 = CARTESIAN_POINT('',(2.961243686708,26.2,1.124479617996));
#4261 = VECTOR('',#4262,1.);
#4262 = DIRECTION('',(0.,-1.,0.));
#4263 = ORIENTED_EDGE('',*,*,#4232,.F.);
#4264 = ORIENTED_EDGE('',*,*,#1235,.F.);
#4265 = ORIENTED_EDGE('',*,*,#4266,.F.);
#4266 = EDGE_CURVE('',#4248,#1228,#4267,.T.);
#4267 = LINE('',#4268,#4269);
#4268 = CARTESIAN_POINT('',(2.660723304703,26.2,1.));
#4269 = VECTOR('',#4270,1.);
#4270 = DIRECTION('',(0.,-1.,0.));
#4271 = CYLINDRICAL_SURFACE('',#4272,0.425);
#4272 = AXIS2_PLACEMENT_3D('',#4273,#4274,#4275);
#4273 = CARTESIAN_POINT('',(2.660723304703,26.2,1.425));
#4274 = DIRECTION('',(0.,-1.,0.));
#4275 = DIRECTION('',(0.,0.,-1.));
#4276 = ADVANCED_FACE('',(#4277),#4296,.T.);
#4277 = FACE_BOUND('',#4278,.T.);
#4278 = EDGE_LOOP('',(#4279,#4288,#4289,#4290));
#4279 = ORIENTED_EDGE('',*,*,#4280,.T.);
#4280 = EDGE_CURVE('',#4281,#4092,#4283,.T.);
#4281 = VERTEX_POINT('',#4282);
#4282 = CARTESIAN_POINT('',(10.5,25.,0.));
#4283 = CIRCLE('',#4284,0.5);
#4284 = AXIS2_PLACEMENT_3D('',#4285,#4286,#4287);
#4285 = CARTESIAN_POINT('',(10.,25.,0.));
#4286 = DIRECTION('',(0.,0.,1.));
#4287 = DIRECTION('',(1.,0.,-0.));
#4288 = ORIENTED_EDGE('',*,*,#4091,.T.);
#4289 = ORIENTED_EDGE('',*,*,#1218,.F.);
#4290 = ORIENTED_EDGE('',*,*,#4291,.F.);
#4291 = EDGE_CURVE('',#4281,#1211,#4292,.T.);
#4292 = LINE('',#4293,#4294);
#4293 = CARTESIAN_POINT('',(10.5,25.,0.));
#4294 = VECTOR('',#4295,1.);
#4295 = DIRECTION('',(0.,0.,1.));
#4296 = CYLINDRICAL_SURFACE('',#4297,0.5);
#4297 = AXIS2_PLACEMENT_3D('',#4298,#4299,#4300);
#4298 = CARTESIAN_POINT('',(10.,25.,0.));
#4299 = DIRECTION('',(-0.,-0.,-1.));
#4300 = DIRECTION('',(1.,0.,0.));
#4301 = ADVANCED_FACE('',(#4302),#4320,.T.);
#4302 = FACE_BOUND('',#4303,.T.);
#4303 = EDGE_LOOP('',(#4304,#4312,#4313,#4314));
#4304 = ORIENTED_EDGE('',*,*,#4305,.F.);
#4305 = EDGE_CURVE('',#4281,#4306,#4308,.T.);
#4306 = VERTEX_POINT('',#4307);
#4307 = CARTESIAN_POINT('',(10.5,24.93,2.E-15));
#4308 = LINE('',#4309,#4310);
#4309 = CARTESIAN_POINT('',(10.5,25.,0.));
#4310 = VECTOR('',#4311,1.);
#4311 = DIRECTION('',(-4.E-17,-1.,0.));
#4312 = ORIENTED_EDGE('',*,*,#4291,.T.);
#4313 = ORIENTED_EDGE('',*,*,#1210,.T.);
#4314 = ORIENTED_EDGE('',*,*,#4315,.F.);
#4315 = EDGE_CURVE('',#4306,#1203,#4316,.T.);
#4316 = LINE('',#4317,#4318);
#4317 = CARTESIAN_POINT('',(10.5,24.93,2.33E-15));
#4318 = VECTOR('',#4319,1.);
#4319 = DIRECTION('',(-2.2E-16,0.,1.));
#4320 = PLANE('',#4321);
#4321 = AXIS2_PLACEMENT_3D('',#4322,#4323,#4324);
#4322 = CARTESIAN_POINT('',(10.5,25.,0.));
#4323 = DIRECTION('',(1.,-4.E-17,0.));
#4324 = DIRECTION('',(-4.E-17,-1.,0.));
#4325 = ADVANCED_FACE('',(#4326,#4354),#4365,.T.);
#4326 = FACE_BOUND('',#4327,.T.);
#4327 = EDGE_LOOP('',(#4328,#4336,#4337,#4338,#4339,#4347));
#4328 = ORIENTED_EDGE('',*,*,#4329,.F.);
#4329 = EDGE_CURVE('',#1203,#4330,#4332,.T.);
#4330 = VERTEX_POINT('',#4331);
#4331 = CARTESIAN_POINT('',(10.5,24.629899989998,1.));
#4332 = LINE('',#4333,#4334);
#4333 = CARTESIAN_POINT('',(10.5,25.,1.));
#4334 = VECTOR('',#4335,1.);
#4335 = DIRECTION('',(-4.E-17,-1.,0.));
#4336 = ORIENTED_EDGE('',*,*,#1202,.F.);
#4337 = ORIENTED_EDGE('',*,*,#1193,.F.);
#4338 = ORIENTED_EDGE('',*,*,#1185,.T.);
#4339 = ORIENTED_EDGE('',*,*,#4340,.F.);
#4340 = EDGE_CURVE('',#4341,#1178,#4343,.T.);
#4341 = VERTEX_POINT('',#4342);
#4342 = CARTESIAN_POINT('',(10.5,23.630100010002,1.));
#4343 = LINE('',#4344,#4345);
#4344 = CARTESIAN_POINT('',(10.5,25.,1.));
#4345 = VECTOR('',#4346,1.);
#4346 = DIRECTION('',(-4.E-17,-1.,0.));
#4347 = ORIENTED_EDGE('',*,*,#4348,.F.);
#4348 = EDGE_CURVE('',#4330,#4341,#4349,.T.);
#4349 = CIRCLE('',#4350,0.5);
#4350 = AXIS2_PLACEMENT_3D('',#4351,#4352,#4353);
#4351 = CARTESIAN_POINT('',(10.49,24.13,1.));
#4352 = DIRECTION('',(-2.2E-16,0.,1.));
#4353 = DIRECTION('',(-1.,2.2E-16,-2.2E-16));
#4354 = FACE_BOUND('',#4355,.T.);
#4355 = EDGE_LOOP('',(#4356));
#4356 = ORIENTED_EDGE('',*,*,#4357,.F.);
#4357 = EDGE_CURVE('',#4358,#4358,#4360,.T.);
#4358 = VERTEX_POINT('',#4359);
#4359 = CARTESIAN_POINT('',(9.39,24.13,1.));
#4360 = CIRCLE('',#4361,0.5);
#4361 = AXIS2_PLACEMENT_3D('',#4362,#4363,#4364);
#4362 = CARTESIAN_POINT('',(8.89,24.13,1.));
#4363 = DIRECTION('',(-2.2E-16,0.,1.));
#4364 = DIRECTION('',(-1.,2.2E-16,-2.2E-16));
#4365 = PLANE('',#4366);
#4366 = AXIS2_PLACEMENT_3D('',#4367,#4368,#4369);
#4367 = CARTESIAN_POINT('',(4.3E-16,1.14E-15,1.));
#4368 = DIRECTION('',(0.,0.,1.));
#4369 = DIRECTION('',(1.,0.,-0.));
#4370 = ADVANCED_FACE('',(#4371),#4396,.T.);
#4371 = FACE_BOUND('',#4372,.T.);
#4372 = EDGE_LOOP('',(#4373,#4383,#4389,#4390));
#4373 = ORIENTED_EDGE('',*,*,#4374,.F.);
#4374 = EDGE_CURVE('',#4375,#4377,#4379,.T.);
#4375 = VERTEX_POINT('',#4376);
#4376 = CARTESIAN_POINT('',(10.5,23.33,2.E-15));
#4377 = VERTEX_POINT('',#4378);
#4378 = CARTESIAN_POINT('',(10.5,22.39,3.E-15));
#4379 = LINE('',#4380,#4381);
#4380 = CARTESIAN_POINT('',(10.5,25.,0.));
#4381 = VECTOR('',#4382,1.);
#4382 = DIRECTION('',(-4.E-17,-1.,0.));
#4383 = ORIENTED_EDGE('',*,*,#4384,.T.);
#4384 = EDGE_CURVE('',#4375,#1178,#4385,.T.);
#4385 = LINE('',#4386,#4387);
#4386 = CARTESIAN_POINT('',(10.5,23.33,2.33E-15));
#4387 = VECTOR('',#4388,1.);
#4388 = DIRECTION('',(-2.2E-16,0.,1.));
#4389 = ORIENTED_EDGE('',*,*,#1177,.T.);
#4390 = ORIENTED_EDGE('',*,*,#4391,.F.);
#4391 = EDGE_CURVE('',#4377,#1170,#4392,.T.);
#4392 = LINE('',#4393,#4394);
#4393 = CARTESIAN_POINT('',(10.5,22.39,2.61E-15));
#4394 = VECTOR('',#4395,1.);
#4395 = DIRECTION('',(-2.2E-16,0.,1.));
#4396 = PLANE('',#4397);
#4397 = AXIS2_PLACEMENT_3D('',#4398,#4399,#4400);
#4398 = CARTESIAN_POINT('',(10.5,25.,0.));
#4399 = DIRECTION('',(1.,-4.E-17,0.));
#4400 = DIRECTION('',(-4.E-17,-1.,0.));
#4401 = ADVANCED_FACE('',(#4402,#4430),#4441,.T.);
#4402 = FACE_BOUND('',#4403,.T.);
#4403 = EDGE_LOOP('',(#4404,#4405,#4413,#4422,#4428,#4429));
#4404 = ORIENTED_EDGE('',*,*,#1152,.T.);
#4405 = ORIENTED_EDGE('',*,*,#4406,.F.);
#4406 = EDGE_CURVE('',#4407,#1145,#4409,.T.);
#4407 = VERTEX_POINT('',#4408);
#4408 = CARTESIAN_POINT('',(10.5,21.090100010002,1.));
#4409 = LINE('',#4410,#4411);
#4410 = CARTESIAN_POINT('',(10.5,25.,1.));
#4411 = VECTOR('',#4412,1.);
#4412 = DIRECTION('',(-4.E-17,-1.,0.));
#4413 = ORIENTED_EDGE('',*,*,#4414,.F.);
#4414 = EDGE_CURVE('',#4415,#4407,#4417,.T.);
#4415 = VERTEX_POINT('',#4416);
#4416 = CARTESIAN_POINT('',(10.5,22.089899989998,1.));
#4417 = CIRCLE('',#4418,0.5);
#4418 = AXIS2_PLACEMENT_3D('',#4419,#4420,#4421);
#4419 = CARTESIAN_POINT('',(10.49,21.59,1.));
#4420 = DIRECTION('',(-2.2E-16,0.,1.));
#4421 = DIRECTION('',(-1.,2.2E-16,-2.2E-16));
#4422 = ORIENTED_EDGE('',*,*,#4423,.F.);
#4423 = EDGE_CURVE('',#1170,#4415,#4424,.T.);
#4424 = LINE('',#4425,#4426);
#4425 = CARTESIAN_POINT('',(10.5,25.,1.));
#4426 = VECTOR('',#4427,1.);
#4427 = DIRECTION('',(-4.E-17,-1.,0.));
#4428 = ORIENTED_EDGE('',*,*,#1169,.F.);
#4429 = ORIENTED_EDGE('',*,*,#1160,.F.);
#4430 = FACE_BOUND('',#4431,.T.);
#4431 = EDGE_LOOP('',(#4432));
#4432 = ORIENTED_EDGE('',*,*,#4433,.F.);
#4433 = EDGE_CURVE('',#4434,#4434,#4436,.T.);
#4434 = VERTEX_POINT('',#4435);
#4435 = CARTESIAN_POINT('',(9.39,21.59,1.));
#4436 = CIRCLE('',#4437,0.5);
#4437 = AXIS2_PLACEMENT_3D('',#4438,#4439,#4440);
#4438 = CARTESIAN_POINT('',(8.89,21.59,1.));
#4439 = DIRECTION('',(-2.2E-16,0.,1.));
#4440 = DIRECTION('',(-1.,2.2E-16,-2.2E-16));
#4441 = PLANE('',#4442);
#4442 = AXIS2_PLACEMENT_3D('',#4443,#4444,#4445);
#4443 = CARTESIAN_POINT('',(4.3E-16,1.14E-15,1.));
#4444 = DIRECTION('',(0.,0.,1.));
#4445 = DIRECTION('',(1.,0.,-0.));
#4446 = ADVANCED_FACE('',(#4447),#4472,.T.);
#4447 = FACE_BOUND('',#4448,.T.);
#4448 = EDGE_LOOP('',(#4449,#4459,#4465,#4466));
#4449 = ORIENTED_EDGE('',*,*,#4450,.F.);
#4450 = EDGE_CURVE('',#4451,#4453,#4455,.T.);
#4451 = VERTEX_POINT('',#4452);
#4452 = CARTESIAN_POINT('',(10.5,20.79,3.E-15));
#4453 = VERTEX_POINT('',#4454);
#4454 = CARTESIAN_POINT('',(10.5,19.850000000001,2.E-15));
#4455 = LINE('',#4456,#4457);
#4456 = CARTESIAN_POINT('',(10.5,25.,0.));
#4457 = VECTOR('',#4458,1.);
#4458 = DIRECTION('',(-4.E-17,-1.,0.));
#4459 = ORIENTED_EDGE('',*,*,#4460,.T.);
#4460 = EDGE_CURVE('',#4451,#1145,#4461,.T.);
#4461 = LINE('',#4462,#4463);
#4462 = CARTESIAN_POINT('',(10.5,20.79,2.61E-15));
#4463 = VECTOR('',#4464,1.);
#4464 = DIRECTION('',(-2.2E-16,0.,1.));
#4465 = ORIENTED_EDGE('',*,*,#1144,.T.);
#4466 = ORIENTED_EDGE('',*,*,#4467,.F.);
#4467 = EDGE_CURVE('',#4453,#1137,#4468,.T.);
#4468 = LINE('',#4469,#4470);
#4469 = CARTESIAN_POINT('',(10.5,19.850000000001,2.33E-15));
#4470 = VECTOR('',#4471,1.);
#4471 = DIRECTION('',(-2.2E-16,0.,1.));
#4472 = PLANE('',#4473);
#4473 = AXIS2_PLACEMENT_3D('',#4474,#4475,#4476);
#4474 = CARTESIAN_POINT('',(10.5,25.,0.));
#4475 = DIRECTION('',(1.,-4.E-17,0.));
#4476 = DIRECTION('',(-4.E-17,-1.,0.));
#4477 = ADVANCED_FACE('',(#4478,#4508),#4519,.T.);
#4478 = FACE_BOUND('',#4479,.T.);
#4479 = EDGE_LOOP('',(#4480,#4481,#4489,#4498,#4504,#4505,#4506,#4507));
#4480 = ORIENTED_EDGE('',*,*,#1102,.T.);
#4481 = ORIENTED_EDGE('',*,*,#4482,.F.);
#4482 = EDGE_CURVE('',#4483,#1095,#4485,.T.);
#4483 = VERTEX_POINT('',#4484);
#4484 = CARTESIAN_POINT('',(10.5,18.550100010002,1.));
#4485 = LINE('',#4486,#4487);
#4486 = CARTESIAN_POINT('',(10.5,25.,1.));
#4487 = VECTOR('',#4488,1.);
#4488 = DIRECTION('',(-4.E-17,-1.,0.));
#4489 = ORIENTED_EDGE('',*,*,#4490,.F.);
#4490 = EDGE_CURVE('',#4491,#4483,#4493,.T.);
#4491 = VERTEX_POINT('',#4492);
#4492 = CARTESIAN_POINT('',(10.5,19.549899989998,1.));
#4493 = CIRCLE('',#4494,0.5);
#4494 = AXIS2_PLACEMENT_3D('',#4495,#4496,#4497);
#4495 = CARTESIAN_POINT('',(10.49,19.05,1.));
#4496 = DIRECTION('',(-2.2E-16,0.,1.));
#4497 = DIRECTION('',(-1.,2.2E-16,-2.2E-16));
#4498 = ORIENTED_EDGE('',*,*,#4499,.F.);
#4499 = EDGE_CURVE('',#1137,#4491,#4500,.T.);
#4500 = LINE('',#4501,#4502);
#4501 = CARTESIAN_POINT('',(10.5,25.,1.));
#4502 = VECTOR('',#4503,1.);
#4503 = DIRECTION('',(-4.E-17,-1.,0.));
#4504 = ORIENTED_EDGE('',*,*,#1136,.F.);
#4505 = ORIENTED_EDGE('',*,*,#1127,.F.);
#4506 = ORIENTED_EDGE('',*,*,#1119,.T.);
#4507 = ORIENTED_EDGE('',*,*,#1110,.F.);
#4508 = FACE_BOUND('',#4509,.T.);
#4509 = EDGE_LOOP('',(#4510));
#4510 = ORIENTED_EDGE('',*,*,#4511,.F.);
#4511 = EDGE_CURVE('',#4512,#4512,#4514,.T.);
#4512 = VERTEX_POINT('',#4513);
#4513 = CARTESIAN_POINT('',(9.39,19.05,1.));
#4514 = CIRCLE('',#4515,0.5);
#4515 = AXIS2_PLACEMENT_3D('',#4516,#4517,#4518);
#4516 = CARTESIAN_POINT('',(8.89,19.05,1.));
#4517 = DIRECTION('',(-2.2E-16,0.,1.));
#4518 = DIRECTION('',(-1.,2.2E-16,-2.2E-16));
#4519 = PLANE('',#4520);
#4520 = AXIS2_PLACEMENT_3D('',#4521,#4522,#4523);
#4521 = CARTESIAN_POINT('',(4.3E-16,1.14E-15,1.));
#4522 = DIRECTION('',(0.,0.,1.));
#4523 = DIRECTION('',(1.,0.,-0.));
#4524 = ADVANCED_FACE('',(#4525),#4550,.T.);
#4525 = FACE_BOUND('',#4526,.T.);
#4526 = EDGE_LOOP('',(#4527,#4537,#4543,#4544));
#4527 = ORIENTED_EDGE('',*,*,#4528,.F.);
#4528 = EDGE_CURVE('',#4529,#4531,#4533,.T.);
#4529 = VERTEX_POINT('',#4530);
#4530 = CARTESIAN_POINT('',(10.5,18.249999999999,2.E-15));
#4531 = VERTEX_POINT('',#4532);
#4532 = CARTESIAN_POINT('',(10.5,17.31,3.E-15));
#4533 = LINE('',#4534,#4535);
#4534 = CARTESIAN_POINT('',(10.5,25.,0.));
#4535 = VECTOR('',#4536,1.);
#4536 = DIRECTION('',(-4.E-17,-1.,0.));
#4537 = ORIENTED_EDGE('',*,*,#4538,.T.);
#4538 = EDGE_CURVE('',#4529,#1095,#4539,.T.);
#4539 = LINE('',#4540,#4541);
#4540 = CARTESIAN_POINT('',(10.5,18.249999999999,2.33E-15));
#4541 = VECTOR('',#4542,1.);
#4542 = DIRECTION('',(-2.2E-16,0.,1.));
#4543 = ORIENTED_EDGE('',*,*,#1094,.T.);
#4544 = ORIENTED_EDGE('',*,*,#4545,.F.);
#4545 = EDGE_CURVE('',#4531,#1087,#4546,.T.);
#4546 = LINE('',#4547,#4548);
#4547 = CARTESIAN_POINT('',(10.5,17.31,3.18E-15));
#4548 = VECTOR('',#4549,1.);
#4549 = DIRECTION('',(-2.2E-16,0.,1.));
#4550 = PLANE('',#4551);
#4551 = AXIS2_PLACEMENT_3D('',#4552,#4553,#4554);
#4552 = CARTESIAN_POINT('',(10.5,25.,0.));
#4553 = DIRECTION('',(1.,-4.E-17,0.));
#4554 = DIRECTION('',(-4.E-17,-1.,0.));
#4555 = ADVANCED_FACE('',(#4556,#4584),#4595,.T.);
#4556 = FACE_BOUND('',#4557,.T.);
#4557 = EDGE_LOOP('',(#4558,#4559,#4567,#4576,#4582,#4583));
#4558 = ORIENTED_EDGE('',*,*,#1069,.T.);
#4559 = ORIENTED_EDGE('',*,*,#4560,.F.);
#4560 = EDGE_CURVE('',#4561,#1062,#4563,.T.);
#4561 = VERTEX_POINT('',#4562);
#4562 = CARTESIAN_POINT('',(10.5,16.010100010002,1.));
#4563 = LINE('',#4564,#4565);
#4564 = CARTESIAN_POINT('',(10.5,25.,1.));
#4565 = VECTOR('',#4566,1.);
#4566 = DIRECTION('',(-4.E-17,-1.,0.));
#4567 = ORIENTED_EDGE('',*,*,#4568,.F.);
#4568 = EDGE_CURVE('',#4569,#4561,#4571,.T.);
#4569 = VERTEX_POINT('',#4570);
#4570 = CARTESIAN_POINT('',(10.5,17.009899989998,1.));
#4571 = CIRCLE('',#4572,0.5);
#4572 = AXIS2_PLACEMENT_3D('',#4573,#4574,#4575);
#4573 = CARTESIAN_POINT('',(10.49,16.51,1.));
#4574 = DIRECTION('',(-2.2E-16,0.,1.));
#4575 = DIRECTION('',(-1.,2.2E-16,-2.2E-16));
#4576 = ORIENTED_EDGE('',*,*,#4577,.F.);
#4577 = EDGE_CURVE('',#1087,#4569,#4578,.T.);
#4578 = LINE('',#4579,#4580);
#4579 = CARTESIAN_POINT('',(10.5,25.,1.));
#4580 = VECTOR('',#4581,1.);
#4581 = DIRECTION('',(-4.E-17,-1.,0.));
#4582 = ORIENTED_EDGE('',*,*,#1086,.F.);
#4583 = ORIENTED_EDGE('',*,*,#1077,.F.);
#4584 = FACE_BOUND('',#4585,.T.);
#4585 = EDGE_LOOP('',(#4586));
#4586 = ORIENTED_EDGE('',*,*,#4587,.F.);
#4587 = EDGE_CURVE('',#4588,#4588,#4590,.T.);
#4588 = VERTEX_POINT('',#4589);
#4589 = CARTESIAN_POINT('',(9.39,16.51,1.));
#4590 = CIRCLE('',#4591,0.5);
#4591 = AXIS2_PLACEMENT_3D('',#4592,#4593,#4594);
#4592 = CARTESIAN_POINT('',(8.89,16.51,1.));
#4593 = DIRECTION('',(-2.2E-16,0.,1.));
#4594 = DIRECTION('',(-1.,2.2E-16,-2.2E-16));
#4595 = PLANE('',#4596);
#4596 = AXIS2_PLACEMENT_3D('',#4597,#4598,#4599);
#4597 = CARTESIAN_POINT('',(4.3E-16,1.14E-15,1.));
#4598 = DIRECTION('',(0.,0.,1.));
#4599 = DIRECTION('',(1.,0.,-0.));
#4600 = ADVANCED_FACE('',(#4601),#4626,.T.);
#4601 = FACE_BOUND('',#4602,.T.);
#4602 = EDGE_LOOP('',(#4603,#4613,#4619,#4620));
#4603 = ORIENTED_EDGE('',*,*,#4604,.F.);
#4604 = EDGE_CURVE('',#4605,#4607,#4609,.T.);
#4605 = VERTEX_POINT('',#4606);
#4606 = CARTESIAN_POINT('',(10.5,15.71,3.E-15));
#4607 = VERTEX_POINT('',#4608);
#4608 = CARTESIAN_POINT('',(10.5,14.77,3.E-15));
#4609 = LINE('',#4610,#4611);
#4610 = CARTESIAN_POINT('',(10.5,25.,0.));
#4611 = VECTOR('',#4612,1.);
#4612 = DIRECTION('',(-4.E-17,-1.,0.));
#4613 = ORIENTED_EDGE('',*,*,#4614,.T.);
#4614 = EDGE_CURVE('',#4605,#1062,#4615,.T.);
#4615 = LINE('',#4616,#4617);
#4616 = CARTESIAN_POINT('',(10.5,15.71,3.18E-15));
#4617 = VECTOR('',#4618,1.);
#4618 = DIRECTION('',(-2.2E-16,0.,1.));
#4619 = ORIENTED_EDGE('',*,*,#1061,.T.);
#4620 = ORIENTED_EDGE('',*,*,#4621,.F.);
#4621 = EDGE_CURVE('',#4607,#1054,#4622,.T.);
#4622 = LINE('',#4623,#4624);
#4623 = CARTESIAN_POINT('',(10.5,14.77,3.46E-15));
#4624 = VECTOR('',#4625,1.);
#4625 = DIRECTION('',(-2.2E-16,0.,1.));
#4626 = PLANE('',#4627);
#4627 = AXIS2_PLACEMENT_3D('',#4628,#4629,#4630);
#4628 = CARTESIAN_POINT('',(10.5,25.,0.));
#4629 = DIRECTION('',(1.,-4.E-17,0.));
#4630 = DIRECTION('',(-4.E-17,-1.,0.));
#4631 = ADVANCED_FACE('',(#4632,#4660),#4671,.T.);
#4632 = FACE_BOUND('',#4633,.T.);
#4633 = EDGE_LOOP('',(#4634,#4635,#4643,#4652,#4658,#4659));
#4634 = ORIENTED_EDGE('',*,*,#1036,.T.);
#4635 = ORIENTED_EDGE('',*,*,#4636,.F.);
#4636 = EDGE_CURVE('',#4637,#1029,#4639,.T.);
#4637 = VERTEX_POINT('',#4638);
#4638 = CARTESIAN_POINT('',(10.5,13.470100010002,1.));
#4639 = LINE('',#4640,#4641);
#4640 = CARTESIAN_POINT('',(10.5,25.,1.));
#4641 = VECTOR('',#4642,1.);
#4642 = DIRECTION('',(-4.E-17,-1.,0.));
#4643 = ORIENTED_EDGE('',*,*,#4644,.F.);
#4644 = EDGE_CURVE('',#4645,#4637,#4647,.T.);
#4645 = VERTEX_POINT('',#4646);
#4646 = CARTESIAN_POINT('',(10.5,14.469899989998,1.));
#4647 = CIRCLE('',#4648,0.5);
#4648 = AXIS2_PLACEMENT_3D('',#4649,#4650,#4651);
#4649 = CARTESIAN_POINT('',(10.49,13.97,1.));
#4650 = DIRECTION('',(-2.2E-16,0.,1.));
#4651 = DIRECTION('',(-1.,2.2E-16,-2.2E-16));
#4652 = ORIENTED_EDGE('',*,*,#4653,.F.);
#4653 = EDGE_CURVE('',#1054,#4645,#4654,.T.);
#4654 = LINE('',#4655,#4656);
#4655 = CARTESIAN_POINT('',(10.5,25.,1.));
#4656 = VECTOR('',#4657,1.);
#4657 = DIRECTION('',(-4.E-17,-1.,0.));
#4658 = ORIENTED_EDGE('',*,*,#1053,.F.);
#4659 = ORIENTED_EDGE('',*,*,#1044,.F.);
#4660 = FACE_BOUND('',#4661,.T.);
#4661 = EDGE_LOOP('',(#4662));
#4662 = ORIENTED_EDGE('',*,*,#4663,.F.);
#4663 = EDGE_CURVE('',#4664,#4664,#4666,.T.);
#4664 = VERTEX_POINT('',#4665);
#4665 = CARTESIAN_POINT('',(9.39,13.97,1.));
#4666 = CIRCLE('',#4667,0.5);
#4667 = AXIS2_PLACEMENT_3D('',#4668,#4669,#4670);
#4668 = CARTESIAN_POINT('',(8.89,13.97,1.));
#4669 = DIRECTION('',(-2.2E-16,0.,1.));
#4670 = DIRECTION('',(-1.,2.2E-16,-2.2E-16));
#4671 = PLANE('',#4672);
#4672 = AXIS2_PLACEMENT_3D('',#4673,#4674,#4675);
#4673 = CARTESIAN_POINT('',(4.3E-16,1.14E-15,1.));
#4674 = DIRECTION('',(0.,0.,1.));
#4675 = DIRECTION('',(1.,0.,-0.));
#4676 = ADVANCED_FACE('',(#4677),#4702,.T.);
#4677 = FACE_BOUND('',#4678,.T.);
#4678 = EDGE_LOOP('',(#4679,#4689,#4695,#4696));
#4679 = ORIENTED_EDGE('',*,*,#4680,.F.);
#4680 = EDGE_CURVE('',#4681,#4683,#4685,.T.);
#4681 = VERTEX_POINT('',#4682);
#4682 = CARTESIAN_POINT('',(10.5,13.17,3.E-15));
#4683 = VERTEX_POINT('',#4684);
#4684 = CARTESIAN_POINT('',(10.5,12.23,4.E-15));
#4685 = LINE('',#4686,#4687);
#4686 = CARTESIAN_POINT('',(10.5,25.,0.));
#4687 = VECTOR('',#4688,1.);
#4688 = DIRECTION('',(-4.E-17,-1.,0.));
#4689 = ORIENTED_EDGE('',*,*,#4690,.T.);
#4690 = EDGE_CURVE('',#4681,#1029,#4691,.T.);
#4691 = LINE('',#4692,#4693);
#4692 = CARTESIAN_POINT('',(10.5,13.17,3.46E-15));
#4693 = VECTOR('',#4694,1.);
#4694 = DIRECTION('',(-2.2E-16,0.,1.));
#4695 = ORIENTED_EDGE('',*,*,#1028,.T.);
#4696 = ORIENTED_EDGE('',*,*,#4697,.F.);
#4697 = EDGE_CURVE('',#4683,#1021,#4698,.T.);
#4698 = LINE('',#4699,#4700);
#4699 = CARTESIAN_POINT('',(10.5,12.23,3.74E-15));
#4700 = VECTOR('',#4701,1.);
#4701 = DIRECTION('',(-2.2E-16,0.,1.));
#4702 = PLANE('',#4703);
#4703 = AXIS2_PLACEMENT_3D('',#4704,#4705,#4706);
#4704 = CARTESIAN_POINT('',(10.5,25.,0.));
#4705 = DIRECTION('',(1.,-4.E-17,0.));
#4706 = DIRECTION('',(-4.E-17,-1.,0.));
#4707 = ADVANCED_FACE('',(#4708,#4736),#4747,.T.);
#4708 = FACE_BOUND('',#4709,.T.);
#4709 = EDGE_LOOP('',(#4710,#4711,#4719,#4728,#4734,#4735));
#4710 = ORIENTED_EDGE('',*,*,#1003,.T.);
#4711 = ORIENTED_EDGE('',*,*,#4712,.F.);
#4712 = EDGE_CURVE('',#4713,#996,#4715,.T.);
#4713 = VERTEX_POINT('',#4714);
#4714 = CARTESIAN_POINT('',(10.5,10.930100010002,1.));
#4715 = LINE('',#4716,#4717);
#4716 = CARTESIAN_POINT('',(10.5,25.,1.));
#4717 = VECTOR('',#4718,1.);
#4718 = DIRECTION('',(-4.E-17,-1.,0.));
#4719 = ORIENTED_EDGE('',*,*,#4720,.F.);
#4720 = EDGE_CURVE('',#4721,#4713,#4723,.T.);
#4721 = VERTEX_POINT('',#4722);
#4722 = CARTESIAN_POINT('',(10.5,11.929899989998,1.));
#4723 = CIRCLE('',#4724,0.5);
#4724 = AXIS2_PLACEMENT_3D('',#4725,#4726,#4727);
#4725 = CARTESIAN_POINT('',(10.49,11.43,1.));
#4726 = DIRECTION('',(-2.2E-16,0.,1.));
#4727 = DIRECTION('',(-1.,2.2E-16,-2.2E-16));
#4728 = ORIENTED_EDGE('',*,*,#4729,.F.);
#4729 = EDGE_CURVE('',#1021,#4721,#4730,.T.);
#4730 = LINE('',#4731,#4732);
#4731 = CARTESIAN_POINT('',(10.5,25.,1.));
#4732 = VECTOR('',#4733,1.);
#4733 = DIRECTION('',(-4.E-17,-1.,0.));
#4734 = ORIENTED_EDGE('',*,*,#1020,.F.);
#4735 = ORIENTED_EDGE('',*,*,#1011,.F.);
#4736 = FACE_BOUND('',#4737,.T.);
#4737 = EDGE_LOOP('',(#4738));
#4738 = ORIENTED_EDGE('',*,*,#4739,.F.);
#4739 = EDGE_CURVE('',#4740,#4740,#4742,.T.);
#4740 = VERTEX_POINT('',#4741);
#4741 = CARTESIAN_POINT('',(9.39,11.43,1.));
#4742 = CIRCLE('',#4743,0.5);
#4743 = AXIS2_PLACEMENT_3D('',#4744,#4745,#4746);
#4744 = CARTESIAN_POINT('',(8.89,11.43,1.));
#4745 = DIRECTION('',(-2.2E-16,0.,1.));
#4746 = DIRECTION('',(-1.,2.2E-16,-2.2E-16));
#4747 = PLANE('',#4748);
#4748 = AXIS2_PLACEMENT_3D('',#4749,#4750,#4751);
#4749 = CARTESIAN_POINT('',(4.3E-16,1.14E-15,1.));
#4750 = DIRECTION('',(0.,0.,1.));
#4751 = DIRECTION('',(1.,0.,-0.));
#4752 = ADVANCED_FACE('',(#4753),#4778,.T.);
#4753 = FACE_BOUND('',#4754,.T.);
#4754 = EDGE_LOOP('',(#4755,#4765,#4771,#4772));
#4755 = ORIENTED_EDGE('',*,*,#4756,.F.);
#4756 = EDGE_CURVE('',#4757,#4759,#4761,.T.);
#4757 = VERTEX_POINT('',#4758);
#4758 = CARTESIAN_POINT('',(10.5,10.63,4.E-15));
#4759 = VERTEX_POINT('',#4760);
#4760 = CARTESIAN_POINT('',(10.5,9.69,4.E-15));
#4761 = LINE('',#4762,#4763);
#4762 = CARTESIAN_POINT('',(10.5,25.,0.));
#4763 = VECTOR('',#4764,1.);
#4764 = DIRECTION('',(-4.E-17,-1.,0.));
#4765 = ORIENTED_EDGE('',*,*,#4766,.T.);
#4766 = EDGE_CURVE('',#4757,#996,#4767,.T.);
#4767 = LINE('',#4768,#4769);
#4768 = CARTESIAN_POINT('',(10.5,10.63,3.74E-15));
#4769 = VECTOR('',#4770,1.);
#4770 = DIRECTION('',(-2.2E-16,0.,1.));
#4771 = ORIENTED_EDGE('',*,*,#995,.T.);
#4772 = ORIENTED_EDGE('',*,*,#4773,.F.);
#4773 = EDGE_CURVE('',#4759,#988,#4774,.T.);
#4774 = LINE('',#4775,#4776);
#4775 = CARTESIAN_POINT('',(10.5,9.69,4.02E-15));
#4776 = VECTOR('',#4777,1.);
#4777 = DIRECTION('',(-2.2E-16,0.,1.));
#4778 = PLANE('',#4779);
#4779 = AXIS2_PLACEMENT_3D('',#4780,#4781,#4782);
#4780 = CARTESIAN_POINT('',(10.5,25.,0.));
#4781 = DIRECTION('',(1.,-4.E-17,0.));
#4782 = DIRECTION('',(-4.E-17,-1.,0.));
#4783 = ADVANCED_FACE('',(#4784,#4812),#4823,.T.);
#4784 = FACE_BOUND('',#4785,.T.);
#4785 = EDGE_LOOP('',(#4786,#4787,#4795,#4804,#4810,#4811));
#4786 = ORIENTED_EDGE('',*,*,#970,.T.);
#4787 = ORIENTED_EDGE('',*,*,#4788,.F.);
#4788 = EDGE_CURVE('',#4789,#963,#4791,.T.);
#4789 = VERTEX_POINT('',#4790);
#4790 = CARTESIAN_POINT('',(10.5,8.390100010002,1.));
#4791 = LINE('',#4792,#4793);
#4792 = CARTESIAN_POINT('',(10.5,25.,1.));
#4793 = VECTOR('',#4794,1.);
#4794 = DIRECTION('',(-4.E-17,-1.,0.));
#4795 = ORIENTED_EDGE('',*,*,#4796,.F.);
#4796 = EDGE_CURVE('',#4797,#4789,#4799,.T.);
#4797 = VERTEX_POINT('',#4798);
#4798 = CARTESIAN_POINT('',(10.5,9.389899989998,1.));
#4799 = CIRCLE('',#4800,0.5);
#4800 = AXIS2_PLACEMENT_3D('',#4801,#4802,#4803);
#4801 = CARTESIAN_POINT('',(10.49,8.89,1.));
#4802 = DIRECTION('',(-2.2E-16,0.,1.));
#4803 = DIRECTION('',(-1.,2.2E-16,-2.2E-16));
#4804 = ORIENTED_EDGE('',*,*,#4805,.F.);
#4805 = EDGE_CURVE('',#988,#4797,#4806,.T.);
#4806 = LINE('',#4807,#4808);
#4807 = CARTESIAN_POINT('',(10.5,25.,1.));
#4808 = VECTOR('',#4809,1.);
#4809 = DIRECTION('',(-4.E-17,-1.,0.));
#4810 = ORIENTED_EDGE('',*,*,#987,.F.);
#4811 = ORIENTED_EDGE('',*,*,#978,.F.);
#4812 = FACE_BOUND('',#4813,.T.);
#4813 = EDGE_LOOP('',(#4814));
#4814 = ORIENTED_EDGE('',*,*,#4815,.F.);
#4815 = EDGE_CURVE('',#4816,#4816,#4818,.T.);
#4816 = VERTEX_POINT('',#4817);
#4817 = CARTESIAN_POINT('',(9.39,8.89,1.));
#4818 = CIRCLE('',#4819,0.5);
#4819 = AXIS2_PLACEMENT_3D('',#4820,#4821,#4822);
#4820 = CARTESIAN_POINT('',(8.89,8.89,1.));
#4821 = DIRECTION('',(-2.2E-16,0.,1.));
#4822 = DIRECTION('',(-1.,2.2E-16,-2.2E-16));
#4823 = PLANE('',#4824);
#4824 = AXIS2_PLACEMENT_3D('',#4825,#4826,#4827);
#4825 = CARTESIAN_POINT('',(4.3E-16,1.14E-15,1.));
#4826 = DIRECTION('',(0.,0.,1.));
#4827 = DIRECTION('',(1.,0.,-0.));
#4828 = ADVANCED_FACE('',(#4829),#4854,.T.);
#4829 = FACE_BOUND('',#4830,.T.);
#4830 = EDGE_LOOP('',(#4831,#4841,#4847,#4848));
#4831 = ORIENTED_EDGE('',*,*,#4832,.F.);
#4832 = EDGE_CURVE('',#4833,#4835,#4837,.T.);
#4833 = VERTEX_POINT('',#4834);
#4834 = CARTESIAN_POINT('',(10.5,8.09,4.E-15));
#4835 = VERTEX_POINT('',#4836);
#4836 = CARTESIAN_POINT('',(10.5,7.150000000001,4.E-15));
#4837 = LINE('',#4838,#4839);
#4838 = CARTESIAN_POINT('',(10.5,25.,0.));
#4839 = VECTOR('',#4840,1.);
#4840 = DIRECTION('',(-4.E-17,-1.,0.));
#4841 = ORIENTED_EDGE('',*,*,#4842,.T.);
#4842 = EDGE_CURVE('',#4833,#963,#4843,.T.);
#4843 = LINE('',#4844,#4845);
#4844 = CARTESIAN_POINT('',(10.5,8.09,4.02E-15));
#4845 = VECTOR('',#4846,1.);
#4846 = DIRECTION('',(-2.2E-16,0.,1.));
#4847 = ORIENTED_EDGE('',*,*,#962,.T.);
#4848 = ORIENTED_EDGE('',*,*,#4849,.F.);
#4849 = EDGE_CURVE('',#4835,#955,#4850,.T.);
#4850 = LINE('',#4851,#4852);
#4851 = CARTESIAN_POINT('',(10.5,7.150000000001,3.74E-15));
#4852 = VECTOR('',#4853,1.);
#4853 = DIRECTION('',(-2.2E-16,0.,1.));
#4854 = PLANE('',#4855);
#4855 = AXIS2_PLACEMENT_3D('',#4856,#4857,#4858);
#4856 = CARTESIAN_POINT('',(10.5,25.,0.));
#4857 = DIRECTION('',(1.,-4.E-17,0.));
#4858 = DIRECTION('',(-4.E-17,-1.,0.));
#4859 = ADVANCED_FACE('',(#4860,#4890),#4901,.T.);
#4860 = FACE_BOUND('',#4861,.T.);
#4861 = EDGE_LOOP('',(#4862,#4863,#4871,#4880,#4886,#4887,#4888,#4889));
#4862 = ORIENTED_EDGE('',*,*,#920,.T.);
#4863 = ORIENTED_EDGE('',*,*,#4864,.F.);
#4864 = EDGE_CURVE('',#4865,#913,#4867,.T.);
#4865 = VERTEX_POINT('',#4866);
#4866 = CARTESIAN_POINT('',(10.5,5.850100010002,1.));
#4867 = LINE('',#4868,#4869);
#4868 = CARTESIAN_POINT('',(10.5,25.,1.));
#4869 = VECTOR('',#4870,1.);
#4870 = DIRECTION('',(-4.E-17,-1.,0.));
#4871 = ORIENTED_EDGE('',*,*,#4872,.F.);
#4872 = EDGE_CURVE('',#4873,#4865,#4875,.T.);
#4873 = VERTEX_POINT('',#4874);
#4874 = CARTESIAN_POINT('',(10.5,6.849899989998,1.));
#4875 = CIRCLE('',#4876,0.5);
#4876 = AXIS2_PLACEMENT_3D('',#4877,#4878,#4879);
#4877 = CARTESIAN_POINT('',(10.49,6.35,1.));
#4878 = DIRECTION('',(-2.2E-16,0.,1.));
#4879 = DIRECTION('',(-1.,2.2E-16,-2.2E-16));
#4880 = ORIENTED_EDGE('',*,*,#4881,.F.);
#4881 = EDGE_CURVE('',#955,#4873,#4882,.T.);
#4882 = LINE('',#4883,#4884);
#4883 = CARTESIAN_POINT('',(10.5,25.,1.));
#4884 = VECTOR('',#4885,1.);
#4885 = DIRECTION('',(-4.E-17,-1.,0.));
#4886 = ORIENTED_EDGE('',*,*,#954,.F.);
#4887 = ORIENTED_EDGE('',*,*,#945,.F.);
#4888 = ORIENTED_EDGE('',*,*,#937,.T.);
#4889 = ORIENTED_EDGE('',*,*,#928,.F.);
#4890 = FACE_BOUND('',#4891,.T.);
#4891 = EDGE_LOOP('',(#4892));
#4892 = ORIENTED_EDGE('',*,*,#4893,.F.);
#4893 = EDGE_CURVE('',#4894,#4894,#4896,.T.);
#4894 = VERTEX_POINT('',#4895);
#4895 = CARTESIAN_POINT('',(9.39,6.35,1.));
#4896 = CIRCLE('',#4897,0.5);
#4897 = AXIS2_PLACEMENT_3D('',#4898,#4899,#4900);
#4898 = CARTESIAN_POINT('',(8.89,6.35,1.));
#4899 = DIRECTION('',(-2.2E-16,0.,1.));
#4900 = DIRECTION('',(-1.,2.2E-16,-2.2E-16));
#4901 = PLANE('',#4902);
#4902 = AXIS2_PLACEMENT_3D('',#4903,#4904,#4905);
#4903 = CARTESIAN_POINT('',(4.3E-16,1.14E-15,1.));
#4904 = DIRECTION('',(0.,0.,1.));
#4905 = DIRECTION('',(1.,0.,-0.));
#4906 = ADVANCED_FACE('',(#4907),#4932,.T.);
#4907 = FACE_BOUND('',#4908,.T.);
#4908 = EDGE_LOOP('',(#4909,#4919,#4925,#4926));
#4909 = ORIENTED_EDGE('',*,*,#4910,.F.);
#4910 = EDGE_CURVE('',#4911,#4913,#4915,.T.);
#4911 = VERTEX_POINT('',#4912);
#4912 = CARTESIAN_POINT('',(10.5,5.549999999999,4.E-15));
#4913 = VERTEX_POINT('',#4914);
#4914 = CARTESIAN_POINT('',(10.5,4.61,5.E-15));
#4915 = LINE('',#4916,#4917);
#4916 = CARTESIAN_POINT('',(10.5,25.,0.));
#4917 = VECTOR('',#4918,1.);
#4918 = DIRECTION('',(-4.E-17,-1.,0.));
#4919 = ORIENTED_EDGE('',*,*,#4920,.T.);
#4920 = EDGE_CURVE('',#4911,#913,#4921,.T.);
#4921 = LINE('',#4922,#4923);
#4922 = CARTESIAN_POINT('',(10.5,5.549999999999,3.74E-15));
#4923 = VECTOR('',#4924,1.);
#4924 = DIRECTION('',(-2.2E-16,0.,1.));
#4925 = ORIENTED_EDGE('',*,*,#912,.T.);
#4926 = ORIENTED_EDGE('',*,*,#4927,.F.);
#4927 = EDGE_CURVE('',#4913,#905,#4928,.T.);
#4928 = LINE('',#4929,#4930);
#4929 = CARTESIAN_POINT('',(10.5,4.61,4.59E-15));
#4930 = VECTOR('',#4931,1.);
#4931 = DIRECTION('',(-2.2E-16,0.,1.));
#4932 = PLANE('',#4933);
#4933 = AXIS2_PLACEMENT_3D('',#4934,#4935,#4936);
#4934 = CARTESIAN_POINT('',(10.5,25.,0.));
#4935 = DIRECTION('',(1.,-4.E-17,0.));
#4936 = DIRECTION('',(-4.E-17,-1.,0.));
#4937 = ADVANCED_FACE('',(#4938,#4966),#4977,.T.);
#4938 = FACE_BOUND('',#4939,.T.);
#4939 = EDGE_LOOP('',(#4940,#4941,#4949,#4958,#4964,#4965));
#4940 = ORIENTED_EDGE('',*,*,#887,.T.);
#4941 = ORIENTED_EDGE('',*,*,#4942,.F.);
#4942 = EDGE_CURVE('',#4943,#880,#4945,.T.);
#4943 = VERTEX_POINT('',#4944);
#4944 = CARTESIAN_POINT('',(10.5,3.310100010002,1.));
#4945 = LINE('',#4946,#4947);
#4946 = CARTESIAN_POINT('',(10.5,25.,1.));
#4947 = VECTOR('',#4948,1.);
#4948 = DIRECTION('',(-4.E-17,-1.,0.));
#4949 = ORIENTED_EDGE('',*,*,#4950,.F.);
#4950 = EDGE_CURVE('',#4951,#4943,#4953,.T.);
#4951 = VERTEX_POINT('',#4952);
#4952 = CARTESIAN_POINT('',(10.5,4.309899989998,1.));
#4953 = CIRCLE('',#4954,0.5);
#4954 = AXIS2_PLACEMENT_3D('',#4955,#4956,#4957);
#4955 = CARTESIAN_POINT('',(10.49,3.81,1.));
#4956 = DIRECTION('',(-2.2E-16,0.,1.));
#4957 = DIRECTION('',(-1.,2.2E-16,-2.2E-16));
#4958 = ORIENTED_EDGE('',*,*,#4959,.F.);
#4959 = EDGE_CURVE('',#905,#4951,#4960,.T.);
#4960 = LINE('',#4961,#4962);
#4961 = CARTESIAN_POINT('',(10.5,25.,1.));
#4962 = VECTOR('',#4963,1.);
#4963 = DIRECTION('',(-4.E-17,-1.,0.));
#4964 = ORIENTED_EDGE('',*,*,#904,.F.);
#4965 = ORIENTED_EDGE('',*,*,#895,.F.);
#4966 = FACE_BOUND('',#4967,.T.);
#4967 = EDGE_LOOP('',(#4968));
#4968 = ORIENTED_EDGE('',*,*,#4969,.F.);
#4969 = EDGE_CURVE('',#4970,#4970,#4972,.T.);
#4970 = VERTEX_POINT('',#4971);
#4971 = CARTESIAN_POINT('',(9.39,3.81,1.));
#4972 = CIRCLE('',#4973,0.5);
#4973 = AXIS2_PLACEMENT_3D('',#4974,#4975,#4976);
#4974 = CARTESIAN_POINT('',(8.89,3.81,1.));
#4975 = DIRECTION('',(-2.2E-16,0.,1.));
#4976 = DIRECTION('',(-1.,2.2E-16,-2.2E-16));
#4977 = PLANE('',#4978);
#4978 = AXIS2_PLACEMENT_3D('',#4979,#4980,#4981);
#4979 = CARTESIAN_POINT('',(4.3E-16,1.14E-15,1.));
#4980 = DIRECTION('',(0.,0.,1.));
#4981 = DIRECTION('',(1.,0.,-0.));
#4982 = ADVANCED_FACE('',(#4983),#5008,.T.);
#4983 = FACE_BOUND('',#4984,.T.);
#4984 = EDGE_LOOP('',(#4985,#4995,#5001,#5002));
#4985 = ORIENTED_EDGE('',*,*,#4986,.F.);
#4986 = EDGE_CURVE('',#4987,#4989,#4991,.T.);
#4987 = VERTEX_POINT('',#4988);
#4988 = CARTESIAN_POINT('',(10.5,3.01,5.E-15));
#4989 = VERTEX_POINT('',#4990);
#4990 = CARTESIAN_POINT('',(10.5,2.07,5.E-15));
#4991 = LINE('',#4992,#4993);
#4992 = CARTESIAN_POINT('',(10.5,25.,0.));
#4993 = VECTOR('',#4994,1.);
#4994 = DIRECTION('',(-4.E-17,-1.,0.));
#4995 = ORIENTED_EDGE('',*,*,#4996,.T.);
#4996 = EDGE_CURVE('',#4987,#880,#4997,.T.);
#4997 = LINE('',#4998,#4999);
#4998 = CARTESIAN_POINT('',(10.5,3.01,4.59E-15));
#4999 = VECTOR('',#5000,1.);
#5000 = DIRECTION('',(-2.2E-16,0.,1.));
#5001 = ORIENTED_EDGE('',*,*,#879,.T.);
#5002 = ORIENTED_EDGE('',*,*,#5003,.F.);
#5003 = EDGE_CURVE('',#4989,#872,#5004,.T.);
#5004 = LINE('',#5005,#5006);
#5005 = CARTESIAN_POINT('',(10.5,2.07,4.87E-15));
#5006 = VECTOR('',#5007,1.);
#5007 = DIRECTION('',(-2.2E-16,0.,1.));
#5008 = PLANE('',#5009);
#5009 = AXIS2_PLACEMENT_3D('',#5010,#5011,#5012);
#5010 = CARTESIAN_POINT('',(10.5,25.,0.));
#5011 = DIRECTION('',(1.,-4.E-17,0.));
#5012 = DIRECTION('',(-4.E-17,-1.,0.));
#5013 = ADVANCED_FACE('',(#5014,#5042),#5053,.T.);
#5014 = FACE_BOUND('',#5015,.T.);
#5015 = EDGE_LOOP('',(#5016,#5017,#5025,#5034,#5040,#5041));
#5016 = ORIENTED_EDGE('',*,*,#854,.T.);
#5017 = ORIENTED_EDGE('',*,*,#5018,.F.);
#5018 = EDGE_CURVE('',#5019,#847,#5021,.T.);
#5019 = VERTEX_POINT('',#5020);
#5020 = CARTESIAN_POINT('',(10.5,0.770100010002,1.));
#5021 = LINE('',#5022,#5023);
#5022 = CARTESIAN_POINT('',(10.5,25.,1.));
#5023 = VECTOR('',#5024,1.);
#5024 = DIRECTION('',(-4.E-17,-1.,0.));
#5025 = ORIENTED_EDGE('',*,*,#5026,.F.);
#5026 = EDGE_CURVE('',#5027,#5019,#5029,.T.);
#5027 = VERTEX_POINT('',#5028);
#5028 = CARTESIAN_POINT('',(10.5,1.769899989998,1.));
#5029 = CIRCLE('',#5030,0.5);
#5030 = AXIS2_PLACEMENT_3D('',#5031,#5032,#5033);
#5031 = CARTESIAN_POINT('',(10.49,1.27,1.));
#5032 = DIRECTION('',(-2.2E-16,0.,1.));
#5033 = DIRECTION('',(-1.,2.2E-16,-2.2E-16));
#5034 = ORIENTED_EDGE('',*,*,#5035,.F.);
#5035 = EDGE_CURVE('',#872,#5027,#5036,.T.);
#5036 = LINE('',#5037,#5038);
#5037 = CARTESIAN_POINT('',(10.5,25.,1.));
#5038 = VECTOR('',#5039,1.);
#5039 = DIRECTION('',(-4.E-17,-1.,0.));
#5040 = ORIENTED_EDGE('',*,*,#871,.F.);
#5041 = ORIENTED_EDGE('',*,*,#862,.F.);
#5042 = FACE_BOUND('',#5043,.T.);
#5043 = EDGE_LOOP('',(#5044));
#5044 = ORIENTED_EDGE('',*,*,#5045,.F.);
#5045 = EDGE_CURVE('',#5046,#5046,#5048,.T.);
#5046 = VERTEX_POINT('',#5047);
#5047 = CARTESIAN_POINT('',(9.39,1.27,1.));
#5048 = CIRCLE('',#5049,0.5);
#5049 = AXIS2_PLACEMENT_3D('',#5050,#5051,#5052);
#5050 = CARTESIAN_POINT('',(8.89,1.27,1.));
#5051 = DIRECTION('',(-2.2E-16,0.,1.));
#5052 = DIRECTION('',(-1.,2.2E-16,-2.2E-16));
#5053 = PLANE('',#5054);
#5054 = AXIS2_PLACEMENT_3D('',#5055,#5056,#5057);
#5055 = CARTESIAN_POINT('',(4.3E-16,1.14E-15,1.));
#5056 = DIRECTION('',(0.,0.,1.));
#5057 = DIRECTION('',(1.,0.,-0.));
#5058 = ADVANCED_FACE('',(#5059),#5084,.T.);
#5059 = FACE_BOUND('',#5060,.T.);
#5060 = EDGE_LOOP('',(#5061,#5071,#5077,#5078));
#5061 = ORIENTED_EDGE('',*,*,#5062,.F.);
#5062 = EDGE_CURVE('',#5063,#5065,#5067,.T.);
#5063 = VERTEX_POINT('',#5064);
#5064 = CARTESIAN_POINT('',(10.5,0.47,5.E-15));
#5065 = VERTEX_POINT('',#5066);
#5066 = CARTESIAN_POINT('',(10.5,-0.47,5.E-15));
#5067 = LINE('',#5068,#5069);
#5068 = CARTESIAN_POINT('',(10.5,25.,0.));
#5069 = VECTOR('',#5070,1.);
#5070 = DIRECTION('',(-4.E-17,-1.,0.));
#5071 = ORIENTED_EDGE('',*,*,#5072,.T.);
#5072 = EDGE_CURVE('',#5063,#847,#5073,.T.);
#5073 = LINE('',#5074,#5075);
#5074 = CARTESIAN_POINT('',(10.5,0.47,4.87E-15));
#5075 = VECTOR('',#5076,1.);
#5076 = DIRECTION('',(-2.2E-16,0.,1.));
#5077 = ORIENTED_EDGE('',*,*,#846,.T.);
#5078 = ORIENTED_EDGE('',*,*,#5079,.F.);
#5079 = EDGE_CURVE('',#5065,#839,#5080,.T.);
#5080 = LINE('',#5081,#5082);
#5081 = CARTESIAN_POINT('',(10.5,-0.47,5.15E-15));
#5082 = VECTOR('',#5083,1.);
#5083 = DIRECTION('',(-2.2E-16,0.,1.));
#5084 = PLANE('',#5085);
#5085 = AXIS2_PLACEMENT_3D('',#5086,#5087,#5088);
#5086 = CARTESIAN_POINT('',(10.5,25.,0.));
#5087 = DIRECTION('',(1.,-4.E-17,0.));
#5088 = DIRECTION('',(-4.E-17,-1.,0.));
#5089 = ADVANCED_FACE('',(#5090,#5118),#5129,.T.);
#5090 = FACE_BOUND('',#5091,.T.);
#5091 = EDGE_LOOP('',(#5092,#5093,#5101,#5110,#5116,#5117));
#5092 = ORIENTED_EDGE('',*,*,#821,.T.);
#5093 = ORIENTED_EDGE('',*,*,#5094,.F.);
#5094 = EDGE_CURVE('',#5095,#814,#5097,.T.);
#5095 = VERTEX_POINT('',#5096);
#5096 = CARTESIAN_POINT('',(10.5,-1.769899989998,1.));
#5097 = LINE('',#5098,#5099);
#5098 = CARTESIAN_POINT('',(10.5,25.,1.));
#5099 = VECTOR('',#5100,1.);
#5100 = DIRECTION('',(-4.E-17,-1.,0.));
#5101 = ORIENTED_EDGE('',*,*,#5102,.F.);
#5102 = EDGE_CURVE('',#5103,#5095,#5105,.T.);
#5103 = VERTEX_POINT('',#5104);
#5104 = CARTESIAN_POINT('',(10.5,-0.770100010002,1.));
#5105 = CIRCLE('',#5106,0.5);
#5106 = AXIS2_PLACEMENT_3D('',#5107,#5108,#5109);
#5107 = CARTESIAN_POINT('',(10.49,-1.27,1.));
#5108 = DIRECTION('',(-2.2E-16,0.,1.));
#5109 = DIRECTION('',(-1.,2.2E-16,-2.2E-16));
#5110 = ORIENTED_EDGE('',*,*,#5111,.F.);
#5111 = EDGE_CURVE('',#839,#5103,#5112,.T.);
#5112 = LINE('',#5113,#5114);
#5113 = CARTESIAN_POINT('',(10.5,25.,1.));
#5114 = VECTOR('',#5115,1.);
#5115 = DIRECTION('',(-4.E-17,-1.,0.));
#5116 = ORIENTED_EDGE('',*,*,#838,.F.);
#5117 = ORIENTED_EDGE('',*,*,#829,.F.);
#5118 = FACE_BOUND('',#5119,.T.);
#5119 = EDGE_LOOP('',(#5120));
#5120 = ORIENTED_EDGE('',*,*,#5121,.F.);
#5121 = EDGE_CURVE('',#5122,#5122,#5124,.T.);
#5122 = VERTEX_POINT('',#5123);
#5123 = CARTESIAN_POINT('',(9.39,-1.27,1.));
#5124 = CIRCLE('',#5125,0.5);
#5125 = AXIS2_PLACEMENT_3D('',#5126,#5127,#5128);
#5126 = CARTESIAN_POINT('',(8.89,-1.27,1.));
#5127 = DIRECTION('',(-2.2E-16,0.,1.));
#5128 = DIRECTION('',(-1.,2.2E-16,-2.2E-16));
#5129 = PLANE('',#5130);
#5130 = AXIS2_PLACEMENT_3D('',#5131,#5132,#5133);
#5131 = CARTESIAN_POINT('',(4.3E-16,1.14E-15,1.));
#5132 = DIRECTION('',(0.,0.,1.));
#5133 = DIRECTION('',(1.,0.,-0.));
#5134 = ADVANCED_FACE('',(#5135),#5160,.T.);
#5135 = FACE_BOUND('',#5136,.T.);
#5136 = EDGE_LOOP('',(#5137,#5147,#5153,#5154));
#5137 = ORIENTED_EDGE('',*,*,#5138,.F.);
#5138 = EDGE_CURVE('',#5139,#5141,#5143,.T.);
#5139 = VERTEX_POINT('',#5140);
#5140 = CARTESIAN_POINT('',(10.5,-2.07,5.E-15));
#5141 = VERTEX_POINT('',#5142);
#5142 = CARTESIAN_POINT('',(10.5,-3.01,5.E-15));
#5143 = LINE('',#5144,#5145);
#5144 = CARTESIAN_POINT('',(10.5,25.,0.));
#5145 = VECTOR('',#5146,1.);
#5146 = DIRECTION('',(-4.E-17,-1.,0.));
#5147 = ORIENTED_EDGE('',*,*,#5148,.T.);
#5148 = EDGE_CURVE('',#5139,#814,#5149,.T.);
#5149 = LINE('',#5150,#5151);
#5150 = CARTESIAN_POINT('',(10.5,-2.07,5.15E-15));
#5151 = VECTOR('',#5152,1.);
#5152 = DIRECTION('',(-2.2E-16,0.,1.));
#5153 = ORIENTED_EDGE('',*,*,#813,.T.);
#5154 = ORIENTED_EDGE('',*,*,#5155,.F.);
#5155 = EDGE_CURVE('',#5141,#806,#5156,.T.);
#5156 = LINE('',#5157,#5158);
#5157 = CARTESIAN_POINT('',(10.5,-3.01,5.43E-15));
#5158 = VECTOR('',#5159,1.);
#5159 = DIRECTION('',(-2.2E-16,0.,1.));
#5160 = PLANE('',#5161);
#5161 = AXIS2_PLACEMENT_3D('',#5162,#5163,#5164);
#5162 = CARTESIAN_POINT('',(10.5,25.,0.));
#5163 = DIRECTION('',(1.,-4.E-17,0.));
#5164 = DIRECTION('',(-4.E-17,-1.,0.));
#5165 = ADVANCED_FACE('',(#5166,#5194),#5205,.T.);
#5166 = FACE_BOUND('',#5167,.T.);
#5167 = EDGE_LOOP('',(#5168,#5169,#5177,#5186,#5192,#5193));
#5168 = ORIENTED_EDGE('',*,*,#788,.T.);
#5169 = ORIENTED_EDGE('',*,*,#5170,.F.);
#5170 = EDGE_CURVE('',#5171,#781,#5173,.T.);
#5171 = VERTEX_POINT('',#5172);
#5172 = CARTESIAN_POINT('',(10.5,-4.309899989998,1.));
#5173 = LINE('',#5174,#5175);
#5174 = CARTESIAN_POINT('',(10.5,25.,1.));
#5175 = VECTOR('',#5176,1.);
#5176 = DIRECTION('',(-4.E-17,-1.,0.));
#5177 = ORIENTED_EDGE('',*,*,#5178,.F.);
#5178 = EDGE_CURVE('',#5179,#5171,#5181,.T.);
#5179 = VERTEX_POINT('',#5180);
#5180 = CARTESIAN_POINT('',(10.5,-3.310100010002,1.));
#5181 = CIRCLE('',#5182,0.5);
#5182 = AXIS2_PLACEMENT_3D('',#5183,#5184,#5185);
#5183 = CARTESIAN_POINT('',(10.49,-3.81,1.));
#5184 = DIRECTION('',(-2.2E-16,0.,1.));
#5185 = DIRECTION('',(-1.,2.2E-16,-2.2E-16));
#5186 = ORIENTED_EDGE('',*,*,#5187,.F.);
#5187 = EDGE_CURVE('',#806,#5179,#5188,.T.);
#5188 = LINE('',#5189,#5190);
#5189 = CARTESIAN_POINT('',(10.5,25.,1.));
#5190 = VECTOR('',#5191,1.);
#5191 = DIRECTION('',(-4.E-17,-1.,0.));
#5192 = ORIENTED_EDGE('',*,*,#805,.F.);
#5193 = ORIENTED_EDGE('',*,*,#796,.F.);
#5194 = FACE_BOUND('',#5195,.T.);
#5195 = EDGE_LOOP('',(#5196));
#5196 = ORIENTED_EDGE('',*,*,#5197,.F.);
#5197 = EDGE_CURVE('',#5198,#5198,#5200,.T.);
#5198 = VERTEX_POINT('',#5199);
#5199 = CARTESIAN_POINT('',(9.39,-3.81,1.));
#5200 = CIRCLE('',#5201,0.5);
#5201 = AXIS2_PLACEMENT_3D('',#5202,#5203,#5204);
#5202 = CARTESIAN_POINT('',(8.89,-3.81,1.));
#5203 = DIRECTION('',(-2.2E-16,0.,1.));
#5204 = DIRECTION('',(-1.,2.2E-16,-2.2E-16));
#5205 = PLANE('',#5206);
#5206 = AXIS2_PLACEMENT_3D('',#5207,#5208,#5209);
#5207 = CARTESIAN_POINT('',(4.3E-16,1.14E-15,1.));
#5208 = DIRECTION('',(0.,0.,1.));
#5209 = DIRECTION('',(1.,0.,-0.));
#5210 = ADVANCED_FACE('',(#5211),#5236,.T.);
#5211 = FACE_BOUND('',#5212,.T.);
#5212 = EDGE_LOOP('',(#5213,#5223,#5229,#5230));
#5213 = ORIENTED_EDGE('',*,*,#5214,.F.);
#5214 = EDGE_CURVE('',#5215,#5217,#5219,.T.);
#5215 = VERTEX_POINT('',#5216);
#5216 = CARTESIAN_POINT('',(10.5,-4.61,5.E-15));
#5217 = VERTEX_POINT('',#5218);
#5218 = CARTESIAN_POINT('',(10.5,-5.549999999999,5.E-15));
#5219 = LINE('',#5220,#5221);
#5220 = CARTESIAN_POINT('',(10.5,25.,0.));
#5221 = VECTOR('',#5222,1.);
#5222 = DIRECTION('',(-4.E-17,-1.,0.));
#5223 = ORIENTED_EDGE('',*,*,#5224,.T.);
#5224 = EDGE_CURVE('',#5215,#781,#5225,.T.);
#5225 = LINE('',#5226,#5227);
#5226 = CARTESIAN_POINT('',(10.5,-4.61,5.43E-15));
#5227 = VECTOR('',#5228,1.);
#5228 = DIRECTION('',(-2.2E-16,0.,1.));
#5229 = ORIENTED_EDGE('',*,*,#780,.T.);
#5230 = ORIENTED_EDGE('',*,*,#5231,.F.);
#5231 = EDGE_CURVE('',#5217,#773,#5232,.T.);
#5232 = LINE('',#5233,#5234);
#5233 = CARTESIAN_POINT('',(10.5,-5.549999999999,5.15E-15));
#5234 = VECTOR('',#5235,1.);
#5235 = DIRECTION('',(-2.2E-16,0.,1.));
#5236 = PLANE('',#5237);
#5237 = AXIS2_PLACEMENT_3D('',#5238,#5239,#5240);
#5238 = CARTESIAN_POINT('',(10.5,25.,0.));
#5239 = DIRECTION('',(1.,-4.E-17,0.));
#5240 = DIRECTION('',(-4.E-17,-1.,0.));
#5241 = ADVANCED_FACE('',(#5242,#5272),#5283,.T.);
#5242 = FACE_BOUND('',#5243,.T.);
#5243 = EDGE_LOOP('',(#5244,#5245,#5253,#5262,#5268,#5269,#5270,#5271));
#5244 = ORIENTED_EDGE('',*,*,#738,.T.);
#5245 = ORIENTED_EDGE('',*,*,#5246,.F.);
#5246 = EDGE_CURVE('',#5247,#731,#5249,.T.);
#5247 = VERTEX_POINT('',#5248);
#5248 = CARTESIAN_POINT('',(10.5,-6.849899989998,1.));
#5249 = LINE('',#5250,#5251);
#5250 = CARTESIAN_POINT('',(10.5,25.,1.));
#5251 = VECTOR('',#5252,1.);
#5252 = DIRECTION('',(-4.E-17,-1.,0.));
#5253 = ORIENTED_EDGE('',*,*,#5254,.F.);
#5254 = EDGE_CURVE('',#5255,#5247,#5257,.T.);
#5255 = VERTEX_POINT('',#5256);
#5256 = CARTESIAN_POINT('',(10.5,-5.850100010002,1.));
#5257 = CIRCLE('',#5258,0.5);
#5258 = AXIS2_PLACEMENT_3D('',#5259,#5260,#5261);
#5259 = CARTESIAN_POINT('',(10.49,-6.35,1.));
#5260 = DIRECTION('',(-2.2E-16,0.,1.));
#5261 = DIRECTION('',(-1.,2.2E-16,-2.2E-16));
#5262 = ORIENTED_EDGE('',*,*,#5263,.F.);
#5263 = EDGE_CURVE('',#773,#5255,#5264,.T.);
#5264 = LINE('',#5265,#5266);
#5265 = CARTESIAN_POINT('',(10.5,25.,1.));
#5266 = VECTOR('',#5267,1.);
#5267 = DIRECTION('',(-4.E-17,-1.,0.));
#5268 = ORIENTED_EDGE('',*,*,#772,.F.);
#5269 = ORIENTED_EDGE('',*,*,#763,.F.);
#5270 = ORIENTED_EDGE('',*,*,#755,.T.);
#5271 = ORIENTED_EDGE('',*,*,#746,.F.);
#5272 = FACE_BOUND('',#5273,.T.);
#5273 = EDGE_LOOP('',(#5274));
#5274 = ORIENTED_EDGE('',*,*,#5275,.F.);
#5275 = EDGE_CURVE('',#5276,#5276,#5278,.T.);
#5276 = VERTEX_POINT('',#5277);
#5277 = CARTESIAN_POINT('',(9.39,-6.35,1.));
#5278 = CIRCLE('',#5279,0.5);
#5279 = AXIS2_PLACEMENT_3D('',#5280,#5281,#5282);
#5280 = CARTESIAN_POINT('',(8.89,-6.35,1.));
#5281 = DIRECTION('',(-2.2E-16,0.,1.));
#5282 = DIRECTION('',(-1.,2.2E-16,-2.2E-16));
#5283 = PLANE('',#5284);
#5284 = AXIS2_PLACEMENT_3D('',#5285,#5286,#5287);
#5285 = CARTESIAN_POINT('',(4.3E-16,1.14E-15,1.));
#5286 = DIRECTION('',(0.,0.,1.));
#5287 = DIRECTION('',(1.,0.,-0.));
#5288 = ADVANCED_FACE('',(#5289),#5314,.T.);
#5289 = FACE_BOUND('',#5290,.T.);
#5290 = EDGE_LOOP('',(#5291,#5301,#5307,#5308));
#5291 = ORIENTED_EDGE('',*,*,#5292,.F.);
#5292 = EDGE_CURVE('',#5293,#5295,#5297,.T.);
#5293 = VERTEX_POINT('',#5294);
#5294 = CARTESIAN_POINT('',(10.5,-7.150000000001,5.E-15));
#5295 = VERTEX_POINT('',#5296);
#5296 = CARTESIAN_POINT('',(10.5,-8.09,6.E-15));
#5297 = LINE('',#5298,#5299);
#5298 = CARTESIAN_POINT('',(10.5,25.,0.));
#5299 = VECTOR('',#5300,1.);
#5300 = DIRECTION('',(-4.E-17,-1.,0.));
#5301 = ORIENTED_EDGE('',*,*,#5302,.T.);
#5302 = EDGE_CURVE('',#5293,#731,#5303,.T.);
#5303 = LINE('',#5304,#5305);
#5304 = CARTESIAN_POINT('',(10.5,-7.150000000001,5.15E-15));
#5305 = VECTOR('',#5306,1.);
#5306 = DIRECTION('',(-2.2E-16,0.,1.));
#5307 = ORIENTED_EDGE('',*,*,#730,.T.);
#5308 = ORIENTED_EDGE('',*,*,#5309,.F.);
#5309 = EDGE_CURVE('',#5295,#723,#5310,.T.);
#5310 = LINE('',#5311,#5312);
#5311 = CARTESIAN_POINT('',(10.5,-8.09,6.E-15));
#5312 = VECTOR('',#5313,1.);
#5313 = DIRECTION('',(-2.2E-16,0.,1.));
#5314 = PLANE('',#5315);
#5315 = AXIS2_PLACEMENT_3D('',#5316,#5317,#5318);
#5316 = CARTESIAN_POINT('',(10.5,25.,0.));
#5317 = DIRECTION('',(1.,-4.E-17,0.));
#5318 = DIRECTION('',(-4.E-17,-1.,0.));
#5319 = ADVANCED_FACE('',(#5320,#5348),#5359,.T.);
#5320 = FACE_BOUND('',#5321,.T.);
#5321 = EDGE_LOOP('',(#5322,#5323,#5331,#5340,#5346,#5347));
#5322 = ORIENTED_EDGE('',*,*,#705,.T.);
#5323 = ORIENTED_EDGE('',*,*,#5324,.F.);
#5324 = EDGE_CURVE('',#5325,#698,#5327,.T.);
#5325 = VERTEX_POINT('',#5326);
#5326 = CARTESIAN_POINT('',(10.5,-9.389899989998,1.));
#5327 = LINE('',#5328,#5329);
#5328 = CARTESIAN_POINT('',(10.5,25.,1.));
#5329 = VECTOR('',#5330,1.);
#5330 = DIRECTION('',(-4.E-17,-1.,0.));
#5331 = ORIENTED_EDGE('',*,*,#5332,.F.);
#5332 = EDGE_CURVE('',#5333,#5325,#5335,.T.);
#5333 = VERTEX_POINT('',#5334);
#5334 = CARTESIAN_POINT('',(10.5,-8.390100010002,1.));
#5335 = CIRCLE('',#5336,0.5);
#5336 = AXIS2_PLACEMENT_3D('',#5337,#5338,#5339);
#5337 = CARTESIAN_POINT('',(10.49,-8.89,1.));
#5338 = DIRECTION('',(-2.2E-16,0.,1.));
#5339 = DIRECTION('',(-1.,2.2E-16,-2.2E-16));
#5340 = ORIENTED_EDGE('',*,*,#5341,.F.);
#5341 = EDGE_CURVE('',#723,#5333,#5342,.T.);
#5342 = LINE('',#5343,#5344);
#5343 = CARTESIAN_POINT('',(10.5,25.,1.));
#5344 = VECTOR('',#5345,1.);
#5345 = DIRECTION('',(-4.E-17,-1.,0.));
#5346 = ORIENTED_EDGE('',*,*,#722,.F.);
#5347 = ORIENTED_EDGE('',*,*,#713,.F.);
#5348 = FACE_BOUND('',#5349,.T.);
#5349 = EDGE_LOOP('',(#5350));
#5350 = ORIENTED_EDGE('',*,*,#5351,.F.);
#5351 = EDGE_CURVE('',#5352,#5352,#5354,.T.);
#5352 = VERTEX_POINT('',#5353);
#5353 = CARTESIAN_POINT('',(9.39,-8.89,1.));
#5354 = CIRCLE('',#5355,0.5);
#5355 = AXIS2_PLACEMENT_3D('',#5356,#5357,#5358);
#5356 = CARTESIAN_POINT('',(8.89,-8.89,1.));
#5357 = DIRECTION('',(-2.2E-16,0.,1.));
#5358 = DIRECTION('',(-1.,2.2E-16,-2.2E-16));
#5359 = PLANE('',#5360);
#5360 = AXIS2_PLACEMENT_3D('',#5361,#5362,#5363);
#5361 = CARTESIAN_POINT('',(4.3E-16,1.14E-15,1.));
#5362 = DIRECTION('',(0.,0.,1.));
#5363 = DIRECTION('',(1.,0.,-0.));
#5364 = ADVANCED_FACE('',(#5365),#5390,.T.);
#5365 = FACE_BOUND('',#5366,.T.);
#5366 = EDGE_LOOP('',(#5367,#5377,#5383,#5384));
#5367 = ORIENTED_EDGE('',*,*,#5368,.F.);
#5368 = EDGE_CURVE('',#5369,#5371,#5373,.T.);
#5369 = VERTEX_POINT('',#5370);
#5370 = CARTESIAN_POINT('',(10.5,-9.69,6.E-15));
#5371 = VERTEX_POINT('',#5372);
#5372 = CARTESIAN_POINT('',(10.5,-10.63,6.E-15));
#5373 = LINE('',#5374,#5375);
#5374 = CARTESIAN_POINT('',(10.5,25.,0.));
#5375 = VECTOR('',#5376,1.);
#5376 = DIRECTION('',(-4.E-17,-1.,0.));
#5377 = ORIENTED_EDGE('',*,*,#5378,.T.);
#5378 = EDGE_CURVE('',#5369,#698,#5379,.T.);
#5379 = LINE('',#5380,#5381);
#5380 = CARTESIAN_POINT('',(10.5,-9.69,6.E-15));
#5381 = VECTOR('',#5382,1.);
#5382 = DIRECTION('',(-2.2E-16,0.,1.));
#5383 = ORIENTED_EDGE('',*,*,#697,.T.);
#5384 = ORIENTED_EDGE('',*,*,#5385,.F.);
#5385 = EDGE_CURVE('',#5371,#690,#5386,.T.);
#5386 = LINE('',#5387,#5388);
#5387 = CARTESIAN_POINT('',(10.5,-10.63,6.28E-15));
#5388 = VECTOR('',#5389,1.);
#5389 = DIRECTION('',(-2.2E-16,0.,1.));
#5390 = PLANE('',#5391);
#5391 = AXIS2_PLACEMENT_3D('',#5392,#5393,#5394);
#5392 = CARTESIAN_POINT('',(10.5,25.,0.));
#5393 = DIRECTION('',(1.,-4.E-17,0.));
#5394 = DIRECTION('',(-4.E-17,-1.,0.));
#5395 = ADVANCED_FACE('',(#5396,#5424),#5435,.T.);
#5396 = FACE_BOUND('',#5397,.T.);
#5397 = EDGE_LOOP('',(#5398,#5399,#5407,#5416,#5422,#5423));
#5398 = ORIENTED_EDGE('',*,*,#672,.T.);
#5399 = ORIENTED_EDGE('',*,*,#5400,.F.);
#5400 = EDGE_CURVE('',#5401,#665,#5403,.T.);
#5401 = VERTEX_POINT('',#5402);
#5402 = CARTESIAN_POINT('',(10.5,-11.92989998999,1.));
#5403 = LINE('',#5404,#5405);
#5404 = CARTESIAN_POINT('',(10.5,25.,1.));
#5405 = VECTOR('',#5406,1.);
#5406 = DIRECTION('',(-4.E-17,-1.,0.));
#5407 = ORIENTED_EDGE('',*,*,#5408,.F.);
#5408 = EDGE_CURVE('',#5409,#5401,#5411,.T.);
#5409 = VERTEX_POINT('',#5410);
#5410 = CARTESIAN_POINT('',(10.5,-10.93010001,1.));
#5411 = CIRCLE('',#5412,0.5);
#5412 = AXIS2_PLACEMENT_3D('',#5413,#5414,#5415);
#5413 = CARTESIAN_POINT('',(10.49,-11.43,1.));
#5414 = DIRECTION('',(-2.2E-16,0.,1.));
#5415 = DIRECTION('',(-1.,2.2E-16,-2.2E-16));
#5416 = ORIENTED_EDGE('',*,*,#5417,.F.);
#5417 = EDGE_CURVE('',#690,#5409,#5418,.T.);
#5418 = LINE('',#5419,#5420);
#5419 = CARTESIAN_POINT('',(10.5,25.,1.));
#5420 = VECTOR('',#5421,1.);
#5421 = DIRECTION('',(-4.E-17,-1.,0.));
#5422 = ORIENTED_EDGE('',*,*,#689,.F.);
#5423 = ORIENTED_EDGE('',*,*,#680,.F.);
#5424 = FACE_BOUND('',#5425,.T.);
#5425 = EDGE_LOOP('',(#5426));
#5426 = ORIENTED_EDGE('',*,*,#5427,.F.);
#5427 = EDGE_CURVE('',#5428,#5428,#5430,.T.);
#5428 = VERTEX_POINT('',#5429);
#5429 = CARTESIAN_POINT('',(9.39,-11.43,1.));
#5430 = CIRCLE('',#5431,0.5);
#5431 = AXIS2_PLACEMENT_3D('',#5432,#5433,#5434);
#5432 = CARTESIAN_POINT('',(8.89,-11.43,1.));
#5433 = DIRECTION('',(-2.2E-16,0.,1.));
#5434 = DIRECTION('',(-1.,2.2E-16,-2.2E-16));
#5435 = PLANE('',#5436);
#5436 = AXIS2_PLACEMENT_3D('',#5437,#5438,#5439);
#5437 = CARTESIAN_POINT('',(4.3E-16,1.14E-15,1.));
#5438 = DIRECTION('',(0.,0.,1.));
#5439 = DIRECTION('',(1.,0.,-0.));
#5440 = ADVANCED_FACE('',(#5441),#5466,.T.);
#5441 = FACE_BOUND('',#5442,.T.);
#5442 = EDGE_LOOP('',(#5443,#5453,#5459,#5460));
#5443 = ORIENTED_EDGE('',*,*,#5444,.F.);
#5444 = EDGE_CURVE('',#5445,#5447,#5449,.T.);
#5445 = VERTEX_POINT('',#5446);
#5446 = CARTESIAN_POINT('',(10.5,-12.23,6.E-15));
#5447 = VERTEX_POINT('',#5448);
#5448 = CARTESIAN_POINT('',(10.5,-13.17,7.E-15));
#5449 = LINE('',#5450,#5451);
#5450 = CARTESIAN_POINT('',(10.5,25.,0.));
#5451 = VECTOR('',#5452,1.);
#5452 = DIRECTION('',(-4.E-17,-1.,0.));
#5453 = ORIENTED_EDGE('',*,*,#5454,.T.);
#5454 = EDGE_CURVE('',#5445,#665,#5455,.T.);
#5455 = LINE('',#5456,#5457);
#5456 = CARTESIAN_POINT('',(10.5,-12.23,6.28E-15));
#5457 = VECTOR('',#5458,1.);
#5458 = DIRECTION('',(-2.2E-16,0.,1.));
#5459 = ORIENTED_EDGE('',*,*,#664,.T.);
#5460 = ORIENTED_EDGE('',*,*,#5461,.F.);
#5461 = EDGE_CURVE('',#5447,#657,#5462,.T.);
#5462 = LINE('',#5463,#5464);
#5463 = CARTESIAN_POINT('',(10.5,-13.17,6.56E-15));
#5464 = VECTOR('',#5465,1.);
#5465 = DIRECTION('',(-2.2E-16,0.,1.));
#5466 = PLANE('',#5467);
#5467 = AXIS2_PLACEMENT_3D('',#5468,#5469,#5470);
#5468 = CARTESIAN_POINT('',(10.5,25.,0.));
#5469 = DIRECTION('',(1.,-4.E-17,0.));
#5470 = DIRECTION('',(-4.E-17,-1.,0.));
#5471 = ADVANCED_FACE('',(#5472,#5500),#5511,.T.);
#5472 = FACE_BOUND('',#5473,.T.);
#5473 = EDGE_LOOP('',(#5474,#5475,#5483,#5492,#5498,#5499));
#5474 = ORIENTED_EDGE('',*,*,#639,.T.);
#5475 = ORIENTED_EDGE('',*,*,#5476,.F.);
#5476 = EDGE_CURVE('',#5477,#632,#5479,.T.);
#5477 = VERTEX_POINT('',#5478);
#5478 = CARTESIAN_POINT('',(10.5,-14.46989998999,1.));
#5479 = LINE('',#5480,#5481);
#5480 = CARTESIAN_POINT('',(10.5,25.,1.));
#5481 = VECTOR('',#5482,1.);
#5482 = DIRECTION('',(-4.E-17,-1.,0.));
#5483 = ORIENTED_EDGE('',*,*,#5484,.F.);
#5484 = EDGE_CURVE('',#5485,#5477,#5487,.T.);
#5485 = VERTEX_POINT('',#5486);
#5486 = CARTESIAN_POINT('',(10.5,-13.47010001,1.));
#5487 = CIRCLE('',#5488,0.5);
#5488 = AXIS2_PLACEMENT_3D('',#5489,#5490,#5491);
#5489 = CARTESIAN_POINT('',(10.49,-13.97,1.));
#5490 = DIRECTION('',(-2.2E-16,0.,1.));
#5491 = DIRECTION('',(-1.,2.2E-16,-2.2E-16));
#5492 = ORIENTED_EDGE('',*,*,#5493,.F.);
#5493 = EDGE_CURVE('',#657,#5485,#5494,.T.);
#5494 = LINE('',#5495,#5496);
#5495 = CARTESIAN_POINT('',(10.5,25.,1.));
#5496 = VECTOR('',#5497,1.);
#5497 = DIRECTION('',(-4.E-17,-1.,0.));
#5498 = ORIENTED_EDGE('',*,*,#656,.F.);
#5499 = ORIENTED_EDGE('',*,*,#647,.F.);
#5500 = FACE_BOUND('',#5501,.T.);
#5501 = EDGE_LOOP('',(#5502));
#5502 = ORIENTED_EDGE('',*,*,#5503,.F.);
#5503 = EDGE_CURVE('',#5504,#5504,#5506,.T.);
#5504 = VERTEX_POINT('',#5505);
#5505 = CARTESIAN_POINT('',(9.39,-13.97,1.));
#5506 = CIRCLE('',#5507,0.5);
#5507 = AXIS2_PLACEMENT_3D('',#5508,#5509,#5510);
#5508 = CARTESIAN_POINT('',(8.89,-13.97,1.));
#5509 = DIRECTION('',(-2.2E-16,0.,1.));
#5510 = DIRECTION('',(-1.,2.2E-16,-2.2E-16));
#5511 = PLANE('',#5512);
#5512 = AXIS2_PLACEMENT_3D('',#5513,#5514,#5515);
#5513 = CARTESIAN_POINT('',(4.3E-16,1.14E-15,1.));
#5514 = DIRECTION('',(0.,0.,1.));
#5515 = DIRECTION('',(1.,0.,-0.));
#5516 = ADVANCED_FACE('',(#5517),#5542,.T.);
#5517 = FACE_BOUND('',#5518,.T.);
#5518 = EDGE_LOOP('',(#5519,#5529,#5535,#5536));
#5519 = ORIENTED_EDGE('',*,*,#5520,.F.);
#5520 = EDGE_CURVE('',#5521,#5523,#5525,.T.);
#5521 = VERTEX_POINT('',#5522);
#5522 = CARTESIAN_POINT('',(10.5,-14.77,7.E-15));
#5523 = VERTEX_POINT('',#5524);
#5524 = CARTESIAN_POINT('',(10.5,-15.71,7.E-15));
#5525 = LINE('',#5526,#5527);
#5526 = CARTESIAN_POINT('',(10.5,25.,0.));
#5527 = VECTOR('',#5528,1.);
#5528 = DIRECTION('',(-4.E-17,-1.,0.));
#5529 = ORIENTED_EDGE('',*,*,#5530,.T.);
#5530 = EDGE_CURVE('',#5521,#632,#5531,.T.);
#5531 = LINE('',#5532,#5533);
#5532 = CARTESIAN_POINT('',(10.5,-14.77,6.56E-15));
#5533 = VECTOR('',#5534,1.);
#5534 = DIRECTION('',(-2.2E-16,0.,1.));
#5535 = ORIENTED_EDGE('',*,*,#631,.T.);
#5536 = ORIENTED_EDGE('',*,*,#5537,.F.);
#5537 = EDGE_CURVE('',#5523,#624,#5538,.T.);
#5538 = LINE('',#5539,#5540);
#5539 = CARTESIAN_POINT('',(10.5,-15.71,6.84E-15));
#5540 = VECTOR('',#5541,1.);
#5541 = DIRECTION('',(-2.2E-16,0.,1.));
#5542 = PLANE('',#5543);
#5543 = AXIS2_PLACEMENT_3D('',#5544,#5545,#5546);
#5544 = CARTESIAN_POINT('',(10.5,25.,0.));
#5545 = DIRECTION('',(1.,-4.E-17,0.));
#5546 = DIRECTION('',(-4.E-17,-1.,0.));
#5547 = ADVANCED_FACE('',(#5548,#5576),#5587,.T.);
#5548 = FACE_BOUND('',#5549,.T.);
#5549 = EDGE_LOOP('',(#5550,#5551,#5559,#5568,#5574,#5575));
#5550 = ORIENTED_EDGE('',*,*,#606,.T.);
#5551 = ORIENTED_EDGE('',*,*,#5552,.F.);
#5552 = EDGE_CURVE('',#5553,#599,#5555,.T.);
#5553 = VERTEX_POINT('',#5554);
#5554 = CARTESIAN_POINT('',(10.5,-17.00989998999,1.));
#5555 = LINE('',#5556,#5557);
#5556 = CARTESIAN_POINT('',(10.5,25.,1.));
#5557 = VECTOR('',#5558,1.);
#5558 = DIRECTION('',(-4.E-17,-1.,0.));
#5559 = ORIENTED_EDGE('',*,*,#5560,.F.);
#5560 = EDGE_CURVE('',#5561,#5553,#5563,.T.);
#5561 = VERTEX_POINT('',#5562);
#5562 = CARTESIAN_POINT('',(10.5,-16.01010001,1.));
#5563 = CIRCLE('',#5564,0.5);
#5564 = AXIS2_PLACEMENT_3D('',#5565,#5566,#5567);
#5565 = CARTESIAN_POINT('',(10.49,-16.51,1.));
#5566 = DIRECTION('',(-2.2E-16,0.,1.));
#5567 = DIRECTION('',(-1.,2.2E-16,-2.2E-16));
#5568 = ORIENTED_EDGE('',*,*,#5569,.F.);
#5569 = EDGE_CURVE('',#624,#5561,#5570,.T.);
#5570 = LINE('',#5571,#5572);
#5571 = CARTESIAN_POINT('',(10.5,25.,1.));
#5572 = VECTOR('',#5573,1.);
#5573 = DIRECTION('',(-4.E-17,-1.,0.));
#5574 = ORIENTED_EDGE('',*,*,#623,.F.);
#5575 = ORIENTED_EDGE('',*,*,#614,.F.);
#5576 = FACE_BOUND('',#5577,.T.);
#5577 = EDGE_LOOP('',(#5578));
#5578 = ORIENTED_EDGE('',*,*,#5579,.F.);
#5579 = EDGE_CURVE('',#5580,#5580,#5582,.T.);
#5580 = VERTEX_POINT('',#5581);
#5581 = CARTESIAN_POINT('',(9.39,-16.51,1.));
#5582 = CIRCLE('',#5583,0.5);
#5583 = AXIS2_PLACEMENT_3D('',#5584,#5585,#5586);
#5584 = CARTESIAN_POINT('',(8.89,-16.51,1.));
#5585 = DIRECTION('',(-2.2E-16,0.,1.));
#5586 = DIRECTION('',(-1.,2.2E-16,-2.2E-16));
#5587 = PLANE('',#5588);
#5588 = AXIS2_PLACEMENT_3D('',#5589,#5590,#5591);
#5589 = CARTESIAN_POINT('',(4.3E-16,1.14E-15,1.));
#5590 = DIRECTION('',(0.,0.,1.));
#5591 = DIRECTION('',(1.,0.,-0.));
#5592 = ADVANCED_FACE('',(#5593),#5618,.T.);
#5593 = FACE_BOUND('',#5594,.T.);
#5594 = EDGE_LOOP('',(#5595,#5605,#5611,#5612));
#5595 = ORIENTED_EDGE('',*,*,#5596,.F.);
#5596 = EDGE_CURVE('',#5597,#5599,#5601,.T.);
#5597 = VERTEX_POINT('',#5598);
#5598 = CARTESIAN_POINT('',(10.5,-17.31,7.E-15));
#5599 = VERTEX_POINT('',#5600);
#5600 = CARTESIAN_POINT('',(10.5,-18.24999999999,7.E-15));
#5601 = LINE('',#5602,#5603);
#5602 = CARTESIAN_POINT('',(10.5,25.,0.));
#5603 = VECTOR('',#5604,1.);
#5604 = DIRECTION('',(-4.E-17,-1.,0.));
#5605 = ORIENTED_EDGE('',*,*,#5606,.T.);
#5606 = EDGE_CURVE('',#5597,#599,#5607,.T.);
#5607 = LINE('',#5608,#5609);
#5608 = CARTESIAN_POINT('',(10.5,-17.31,6.84E-15));
#5609 = VECTOR('',#5610,1.);
#5610 = DIRECTION('',(-2.2E-16,0.,1.));
#5611 = ORIENTED_EDGE('',*,*,#598,.T.);
#5612 = ORIENTED_EDGE('',*,*,#5613,.F.);
#5613 = EDGE_CURVE('',#5599,#591,#5614,.T.);
#5614 = LINE('',#5615,#5616);
#5615 = CARTESIAN_POINT('',(10.5,-18.24999999999,6.56E-15));
#5616 = VECTOR('',#5617,1.);
#5617 = DIRECTION('',(-2.2E-16,0.,1.));
#5618 = PLANE('',#5619);
#5619 = AXIS2_PLACEMENT_3D('',#5620,#5621,#5622);
#5620 = CARTESIAN_POINT('',(10.5,25.,0.));
#5621 = DIRECTION('',(1.,-4.E-17,0.));
#5622 = DIRECTION('',(-4.E-17,-1.,0.));
#5623 = ADVANCED_FACE('',(#5624,#5654),#5665,.T.);
#5624 = FACE_BOUND('',#5625,.T.);
#5625 = EDGE_LOOP('',(#5626,#5627,#5635,#5644,#5650,#5651,#5652,#5653));
#5626 = ORIENTED_EDGE('',*,*,#556,.T.);
#5627 = ORIENTED_EDGE('',*,*,#5628,.F.);
#5628 = EDGE_CURVE('',#5629,#549,#5631,.T.);
#5629 = VERTEX_POINT('',#5630);
#5630 = CARTESIAN_POINT('',(10.5,-19.54989998999,1.));
#5631 = LINE('',#5632,#5633);
#5632 = CARTESIAN_POINT('',(10.5,25.,1.));
#5633 = VECTOR('',#5634,1.);
#5634 = DIRECTION('',(-4.E-17,-1.,0.));
#5635 = ORIENTED_EDGE('',*,*,#5636,.F.);
#5636 = EDGE_CURVE('',#5637,#5629,#5639,.T.);
#5637 = VERTEX_POINT('',#5638);
#5638 = CARTESIAN_POINT('',(10.5,-18.55010001,1.));
#5639 = CIRCLE('',#5640,0.5);
#5640 = AXIS2_PLACEMENT_3D('',#5641,#5642,#5643);
#5641 = CARTESIAN_POINT('',(10.49,-19.05,1.));
#5642 = DIRECTION('',(-2.2E-16,0.,1.));
#5643 = DIRECTION('',(-1.,2.2E-16,-2.2E-16));
#5644 = ORIENTED_EDGE('',*,*,#5645,.F.);
#5645 = EDGE_CURVE('',#591,#5637,#5646,.T.);
#5646 = LINE('',#5647,#5648);
#5647 = CARTESIAN_POINT('',(10.5,25.,1.));
#5648 = VECTOR('',#5649,1.);
#5649 = DIRECTION('',(-4.E-17,-1.,0.));
#5650 = ORIENTED_EDGE('',*,*,#590,.F.);
#5651 = ORIENTED_EDGE('',*,*,#581,.F.);
#5652 = ORIENTED_EDGE('',*,*,#573,.T.);
#5653 = ORIENTED_EDGE('',*,*,#564,.F.);
#5654 = FACE_BOUND('',#5655,.T.);
#5655 = EDGE_LOOP('',(#5656));
#5656 = ORIENTED_EDGE('',*,*,#5657,.F.);
#5657 = EDGE_CURVE('',#5658,#5658,#5660,.T.);
#5658 = VERTEX_POINT('',#5659);
#5659 = CARTESIAN_POINT('',(9.39,-19.05,1.));
#5660 = CIRCLE('',#5661,0.5);
#5661 = AXIS2_PLACEMENT_3D('',#5662,#5663,#5664);
#5662 = CARTESIAN_POINT('',(8.89,-19.05,1.));
#5663 = DIRECTION('',(-2.2E-16,0.,1.));
#5664 = DIRECTION('',(-1.,2.2E-16,-2.2E-16));
#5665 = PLANE('',#5666);
#5666 = AXIS2_PLACEMENT_3D('',#5667,#5668,#5669);
#5667 = CARTESIAN_POINT('',(4.3E-16,1.14E-15,1.));
#5668 = DIRECTION('',(0.,0.,1.));
#5669 = DIRECTION('',(1.,0.,-0.));
#5670 = ADVANCED_FACE('',(#5671),#5696,.T.);
#5671 = FACE_BOUND('',#5672,.T.);
#5672 = EDGE_LOOP('',(#5673,#5683,#5689,#5690));
#5673 = ORIENTED_EDGE('',*,*,#5674,.F.);
#5674 = EDGE_CURVE('',#5675,#5677,#5679,.T.);
#5675 = VERTEX_POINT('',#5676);
#5676 = CARTESIAN_POINT('',(10.5,-19.85,7.E-15));
#5677 = VERTEX_POINT('',#5678);
#5678 = CARTESIAN_POINT('',(10.5,-20.79,7.E-15));
#5679 = LINE('',#5680,#5681);
#5680 = CARTESIAN_POINT('',(10.5,25.,0.));
#5681 = VECTOR('',#5682,1.);
#5682 = DIRECTION('',(-4.E-17,-1.,0.));
#5683 = ORIENTED_EDGE('',*,*,#5684,.T.);
#5684 = EDGE_CURVE('',#5675,#549,#5685,.T.);
#5685 = LINE('',#5686,#5687);
#5686 = CARTESIAN_POINT('',(10.5,-19.85,6.56E-15));
#5687 = VECTOR('',#5688,1.);
#5688 = DIRECTION('',(-2.2E-16,0.,1.));
#5689 = ORIENTED_EDGE('',*,*,#548,.T.);
#5690 = ORIENTED_EDGE('',*,*,#5691,.F.);
#5691 = EDGE_CURVE('',#5677,#541,#5692,.T.);
#5692 = LINE('',#5693,#5694);
#5693 = CARTESIAN_POINT('',(10.5,-20.79,7.41E-15));
#5694 = VECTOR('',#5695,1.);
#5695 = DIRECTION('',(-2.2E-16,0.,1.));
#5696 = PLANE('',#5697);
#5697 = AXIS2_PLACEMENT_3D('',#5698,#5699,#5700);
#5698 = CARTESIAN_POINT('',(10.5,25.,0.));
#5699 = DIRECTION('',(1.,-4.E-17,0.));
#5700 = DIRECTION('',(-4.E-17,-1.,0.));
#5701 = ADVANCED_FACE('',(#5702,#5730),#5741,.T.);
#5702 = FACE_BOUND('',#5703,.T.);
#5703 = EDGE_LOOP('',(#5704,#5705,#5713,#5722,#5728,#5729));
#5704 = ORIENTED_EDGE('',*,*,#523,.T.);
#5705 = ORIENTED_EDGE('',*,*,#5706,.F.);
#5706 = EDGE_CURVE('',#5707,#516,#5709,.T.);
#5707 = VERTEX_POINT('',#5708);
#5708 = CARTESIAN_POINT('',(10.5,-22.08989998999,1.));
#5709 = LINE('',#5710,#5711);
#5710 = CARTESIAN_POINT('',(10.5,25.,1.));
#5711 = VECTOR('',#5712,1.);
#5712 = DIRECTION('',(-4.E-17,-1.,0.));
#5713 = ORIENTED_EDGE('',*,*,#5714,.F.);
#5714 = EDGE_CURVE('',#5715,#5707,#5717,.T.);
#5715 = VERTEX_POINT('',#5716);
#5716 = CARTESIAN_POINT('',(10.5,-21.09010001,1.));
#5717 = CIRCLE('',#5718,0.5);
#5718 = AXIS2_PLACEMENT_3D('',#5719,#5720,#5721);
#5719 = CARTESIAN_POINT('',(10.49,-21.59,1.));
#5720 = DIRECTION('',(-2.2E-16,0.,1.));
#5721 = DIRECTION('',(-1.,2.2E-16,-2.2E-16));
#5722 = ORIENTED_EDGE('',*,*,#5723,.F.);
#5723 = EDGE_CURVE('',#541,#5715,#5724,.T.);
#5724 = LINE('',#5725,#5726);
#5725 = CARTESIAN_POINT('',(10.5,25.,1.));
#5726 = VECTOR('',#5727,1.);
#5727 = DIRECTION('',(-4.E-17,-1.,0.));
#5728 = ORIENTED_EDGE('',*,*,#540,.F.);
#5729 = ORIENTED_EDGE('',*,*,#531,.F.);
#5730 = FACE_BOUND('',#5731,.T.);
#5731 = EDGE_LOOP('',(#5732));
#5732 = ORIENTED_EDGE('',*,*,#5733,.F.);
#5733 = EDGE_CURVE('',#5734,#5734,#5736,.T.);
#5734 = VERTEX_POINT('',#5735);
#5735 = CARTESIAN_POINT('',(9.39,-21.59,1.));
#5736 = CIRCLE('',#5737,0.5);
#5737 = AXIS2_PLACEMENT_3D('',#5738,#5739,#5740);
#5738 = CARTESIAN_POINT('',(8.89,-21.59,1.));
#5739 = DIRECTION('',(-2.2E-16,0.,1.));
#5740 = DIRECTION('',(-1.,2.2E-16,-2.2E-16));
#5741 = PLANE('',#5742);
#5742 = AXIS2_PLACEMENT_3D('',#5743,#5744,#5745);
#5743 = CARTESIAN_POINT('',(4.3E-16,1.14E-15,1.));
#5744 = DIRECTION('',(0.,0.,1.));
#5745 = DIRECTION('',(1.,0.,-0.));
#5746 = ADVANCED_FACE('',(#5747),#5772,.T.);
#5747 = FACE_BOUND('',#5748,.T.);
#5748 = EDGE_LOOP('',(#5749,#5759,#5765,#5766));
#5749 = ORIENTED_EDGE('',*,*,#5750,.F.);
#5750 = EDGE_CURVE('',#5751,#5753,#5755,.T.);
#5751 = VERTEX_POINT('',#5752);
#5752 = CARTESIAN_POINT('',(10.5,-22.39,7.E-15));
#5753 = VERTEX_POINT('',#5754);
#5754 = CARTESIAN_POINT('',(10.5,-23.33,8.E-15));
#5755 = LINE('',#5756,#5757);
#5756 = CARTESIAN_POINT('',(10.5,25.,0.));
#5757 = VECTOR('',#5758,1.);
#5758 = DIRECTION('',(-4.E-17,-1.,0.));
#5759 = ORIENTED_EDGE('',*,*,#5760,.T.);
#5760 = EDGE_CURVE('',#5751,#516,#5761,.T.);
#5761 = LINE('',#5762,#5763);
#5762 = CARTESIAN_POINT('',(10.5,-22.39,7.41E-15));
#5763 = VECTOR('',#5764,1.);
#5764 = DIRECTION('',(-2.2E-16,0.,1.));
#5765 = ORIENTED_EDGE('',*,*,#515,.T.);
#5766 = ORIENTED_EDGE('',*,*,#5767,.F.);
#5767 = EDGE_CURVE('',#5753,#508,#5768,.T.);
#5768 = LINE('',#5769,#5770);
#5769 = CARTESIAN_POINT('',(10.5,-23.33,7.69E-15));
#5770 = VECTOR('',#5771,1.);
#5771 = DIRECTION('',(-2.2E-16,0.,1.));
#5772 = PLANE('',#5773);
#5773 = AXIS2_PLACEMENT_3D('',#5774,#5775,#5776);
#5774 = CARTESIAN_POINT('',(10.5,25.,0.));
#5775 = DIRECTION('',(1.,-4.E-17,0.));
#5776 = DIRECTION('',(-4.E-17,-1.,0.));
#5777 = ADVANCED_FACE('',(#5778,#5806),#5817,.T.);
#5778 = FACE_BOUND('',#5779,.T.);
#5779 = EDGE_LOOP('',(#5780,#5781,#5789,#5798,#5804,#5805));
#5780 = ORIENTED_EDGE('',*,*,#490,.T.);
#5781 = ORIENTED_EDGE('',*,*,#5782,.F.);
#5782 = EDGE_CURVE('',#5783,#483,#5785,.T.);
#5783 = VERTEX_POINT('',#5784);
#5784 = CARTESIAN_POINT('',(10.5,-24.62989998999,1.));
#5785 = LINE('',#5786,#5787);
#5786 = CARTESIAN_POINT('',(10.5,25.,1.));
#5787 = VECTOR('',#5788,1.);
#5788 = DIRECTION('',(-4.E-17,-1.,0.));
#5789 = ORIENTED_EDGE('',*,*,#5790,.F.);
#5790 = EDGE_CURVE('',#5791,#5783,#5793,.T.);
#5791 = VERTEX_POINT('',#5792);
#5792 = CARTESIAN_POINT('',(10.5,-23.63010001,1.));
#5793 = CIRCLE('',#5794,0.5);
#5794 = AXIS2_PLACEMENT_3D('',#5795,#5796,#5797);
#5795 = CARTESIAN_POINT('',(10.49,-24.13,1.));
#5796 = DIRECTION('',(-2.2E-16,0.,1.));
#5797 = DIRECTION('',(-1.,2.2E-16,-2.2E-16));
#5798 = ORIENTED_EDGE('',*,*,#5799,.F.);
#5799 = EDGE_CURVE('',#508,#5791,#5800,.T.);
#5800 = LINE('',#5801,#5802);
#5801 = CARTESIAN_POINT('',(10.5,25.,1.));
#5802 = VECTOR('',#5803,1.);
#5803 = DIRECTION('',(-4.E-17,-1.,0.));
#5804 = ORIENTED_EDGE('',*,*,#507,.F.);
#5805 = ORIENTED_EDGE('',*,*,#498,.F.);
#5806 = FACE_BOUND('',#5807,.T.);
#5807 = EDGE_LOOP('',(#5808));
#5808 = ORIENTED_EDGE('',*,*,#5809,.F.);
#5809 = EDGE_CURVE('',#5810,#5810,#5812,.T.);
#5810 = VERTEX_POINT('',#5811);
#5811 = CARTESIAN_POINT('',(9.39,-24.13,1.));
#5812 = CIRCLE('',#5813,0.5);
#5813 = AXIS2_PLACEMENT_3D('',#5814,#5815,#5816);
#5814 = CARTESIAN_POINT('',(8.89,-24.13,1.));
#5815 = DIRECTION('',(-2.2E-16,0.,1.));
#5816 = DIRECTION('',(-1.,2.2E-16,-2.2E-16));
#5817 = PLANE('',#5818);
#5818 = AXIS2_PLACEMENT_3D('',#5819,#5820,#5821);
#5819 = CARTESIAN_POINT('',(4.3E-16,1.14E-15,1.));
#5820 = DIRECTION('',(0.,0.,1.));
#5821 = DIRECTION('',(1.,0.,-0.));
#5822 = ADVANCED_FACE('',(#5823),#5848,.T.);
#5823 = FACE_BOUND('',#5824,.T.);
#5824 = EDGE_LOOP('',(#5825,#5835,#5841,#5842));
#5825 = ORIENTED_EDGE('',*,*,#5826,.F.);
#5826 = EDGE_CURVE('',#5827,#5829,#5831,.T.);
#5827 = VERTEX_POINT('',#5828);
#5828 = CARTESIAN_POINT('',(10.5,-24.93,8.E-15));
#5829 = VERTEX_POINT('',#5830);
#5830 = CARTESIAN_POINT('',(10.5,-25.,0.));
#5831 = LINE('',#5832,#5833);
#5832 = CARTESIAN_POINT('',(10.5,25.,0.));
#5833 = VECTOR('',#5834,1.);
#5834 = DIRECTION('',(-4.E-17,-1.,0.));
#5835 = ORIENTED_EDGE('',*,*,#5836,.T.);
#5836 = EDGE_CURVE('',#5827,#483,#5837,.T.);
#5837 = LINE('',#5838,#5839);
#5838 = CARTESIAN_POINT('',(10.5,-24.93,7.69E-15));
#5839 = VECTOR('',#5840,1.);
#5840 = DIRECTION('',(-2.2E-16,0.,1.));
#5841 = ORIENTED_EDGE('',*,*,#482,.T.);
#5842 = ORIENTED_EDGE('',*,*,#5843,.F.);
#5843 = EDGE_CURVE('',#5829,#474,#5844,.T.);
#5844 = LINE('',#5845,#5846);
#5845 = CARTESIAN_POINT('',(10.5,-25.,0.));
#5846 = VECTOR('',#5847,1.);
#5847 = DIRECTION('',(0.,0.,1.));
#5848 = PLANE('',#5849);
#5849 = AXIS2_PLACEMENT_3D('',#5850,#5851,#5852);
#5850 = CARTESIAN_POINT('',(10.5,25.,0.));
#5851 = DIRECTION('',(1.,-4.E-17,0.));
#5852 = DIRECTION('',(-4.E-17,-1.,0.));
#5853 = ADVANCED_FACE('',(#5854),#5873,.T.);
#5854 = FACE_BOUND('',#5855,.T.);
#5855 = EDGE_LOOP('',(#5856,#5865,#5866,#5867));
#5856 = ORIENTED_EDGE('',*,*,#5857,.T.);
#5857 = EDGE_CURVE('',#5858,#5829,#5860,.T.);
#5858 = VERTEX_POINT('',#5859);
#5859 = CARTESIAN_POINT('',(10.,-25.5,0.));
#5860 = CIRCLE('',#5861,0.5);
#5861 = AXIS2_PLACEMENT_3D('',#5862,#5863,#5864);
#5862 = CARTESIAN_POINT('',(10.,-25.,0.));
#5863 = DIRECTION('',(0.,0.,1.));
#5864 = DIRECTION('',(1.,0.,-0.));
#5865 = ORIENTED_EDGE('',*,*,#5843,.T.);
#5866 = ORIENTED_EDGE('',*,*,#473,.F.);
#5867 = ORIENTED_EDGE('',*,*,#5868,.F.);
#5868 = EDGE_CURVE('',#5858,#466,#5869,.T.);
#5869 = LINE('',#5870,#5871);
#5870 = CARTESIAN_POINT('',(10.,-25.5,0.));
#5871 = VECTOR('',#5872,1.);
#5872 = DIRECTION('',(0.,0.,1.));
#5873 = CYLINDRICAL_SURFACE('',#5874,0.5);
#5874 = AXIS2_PLACEMENT_3D('',#5875,#5876,#5877);
#5875 = CARTESIAN_POINT('',(10.,-25.,0.));
#5876 = DIRECTION('',(-0.,-0.,-1.));
#5877 = DIRECTION('',(1.,0.,0.));
#5878 = ADVANCED_FACE('',(#5879),#5897,.T.);
#5879 = FACE_BOUND('',#5880,.T.);
#5880 = EDGE_LOOP('',(#5881,#5889,#5890,#5891));
#5881 = ORIENTED_EDGE('',*,*,#5882,.F.);
#5882 = EDGE_CURVE('',#5858,#5883,#5885,.T.);
#5883 = VERTEX_POINT('',#5884);
#5884 = CARTESIAN_POINT('',(3.34,-25.5,1.E-15));
#5885 = LINE('',#5886,#5887);
#5886 = CARTESIAN_POINT('',(10.,-25.5,0.));
#5887 = VECTOR('',#5888,1.);
#5888 = DIRECTION('',(-1.,0.,0.));
#5889 = ORIENTED_EDGE('',*,*,#5868,.T.);
#5890 = ORIENTED_EDGE('',*,*,#465,.T.);
#5891 = ORIENTED_EDGE('',*,*,#5892,.T.);
#5892 = EDGE_CURVE('',#458,#5883,#5893,.T.);
#5893 = LINE('',#5894,#5895);
#5894 = CARTESIAN_POINT('',(3.34,-25.5,28.775082572253));
#5895 = VECTOR('',#5896,1.);
#5896 = DIRECTION('',(2.2E-16,0.,-1.));
#5897 = PLANE('',#5898);
#5898 = AXIS2_PLACEMENT_3D('',#5899,#5900,#5901);
#5899 = CARTESIAN_POINT('',(10.,-25.5,0.));
#5900 = DIRECTION('',(0.,-1.,0.));
#5901 = DIRECTION('',(-1.,0.,0.));
#5902 = ADVANCED_FACE('',(#5903,#5931),#5942,.T.);
#5903 = FACE_BOUND('',#5904,.T.);
#5904 = EDGE_LOOP('',(#5905,#5906,#5914,#5923,#5929,#5930));
#5905 = ORIENTED_EDGE('',*,*,#440,.T.);
#5906 = ORIENTED_EDGE('',*,*,#5907,.F.);
#5907 = EDGE_CURVE('',#5908,#433,#5910,.T.);
#5908 = VERTEX_POINT('',#5909);
#5909 = CARTESIAN_POINT('',(2.04,-25.5,1.));
#5910 = LINE('',#5911,#5912);
#5911 = CARTESIAN_POINT('',(10.,-25.5,1.));
#5912 = VECTOR('',#5913,1.);
#5913 = DIRECTION('',(-1.,0.,0.));
#5914 = ORIENTED_EDGE('',*,*,#5915,.F.);
#5915 = EDGE_CURVE('',#5916,#5908,#5918,.T.);
#5916 = VERTEX_POINT('',#5917);
#5917 = CARTESIAN_POINT('',(3.04,-25.5,1.));
#5918 = CIRCLE('',#5919,0.5);
#5919 = AXIS2_PLACEMENT_3D('',#5920,#5921,#5922);
#5920 = CARTESIAN_POINT('',(2.54,-25.5,1.));
#5921 = DIRECTION('',(0.,0.,1.));
#5922 = DIRECTION('',(-2.2E-16,1.,0.));
#5923 = ORIENTED_EDGE('',*,*,#5924,.F.);
#5924 = EDGE_CURVE('',#458,#5916,#5925,.T.);
#5925 = LINE('',#5926,#5927);
#5926 = CARTESIAN_POINT('',(10.,-25.5,1.));
#5927 = VECTOR('',#5928,1.);
#5928 = DIRECTION('',(-1.,0.,0.));
#5929 = ORIENTED_EDGE('',*,*,#457,.F.);
#5930 = ORIENTED_EDGE('',*,*,#448,.F.);
#5931 = FACE_BOUND('',#5932,.T.);
#5932 = EDGE_LOOP('',(#5933));
#5933 = ORIENTED_EDGE('',*,*,#5934,.F.);
#5934 = EDGE_CURVE('',#5935,#5935,#5937,.T.);
#5935 = VERTEX_POINT('',#5936);
#5936 = CARTESIAN_POINT('',(2.54,-24.4,1.));
#5937 = CIRCLE('',#5938,0.5);
#5938 = AXIS2_PLACEMENT_3D('',#5939,#5940,#5941);
#5939 = CARTESIAN_POINT('',(2.54,-23.9,1.));
#5940 = DIRECTION('',(0.,0.,1.));
#5941 = DIRECTION('',(-2.2E-16,1.,0.));
#5942 = PLANE('',#5943);
#5943 = AXIS2_PLACEMENT_3D('',#5944,#5945,#5946);
#5944 = CARTESIAN_POINT('',(4.3E-16,1.14E-15,1.));
#5945 = DIRECTION('',(0.,0.,1.));
#5946 = DIRECTION('',(1.,0.,-0.));
#5947 = ADVANCED_FACE('',(#5948),#5973,.T.);
#5948 = FACE_BOUND('',#5949,.T.);
#5949 = EDGE_LOOP('',(#5950,#5960,#5966,#5967));
#5950 = ORIENTED_EDGE('',*,*,#5951,.F.);
#5951 = EDGE_CURVE('',#5952,#5954,#5956,.T.);
#5952 = VERTEX_POINT('',#5953);
#5953 = CARTESIAN_POINT('',(1.74,-25.5,0.));
#5954 = VERTEX_POINT('',#5955);
#5955 = CARTESIAN_POINT('',(0.800000000001,-25.5,0.));
#5956 = LINE('',#5957,#5958);
#5957 = CARTESIAN_POINT('',(10.,-25.5,0.));
#5958 = VECTOR('',#5959,1.);
#5959 = DIRECTION('',(-1.,0.,0.));
#5960 = ORIENTED_EDGE('',*,*,#5961,.F.);
#5961 = EDGE_CURVE('',#433,#5952,#5962,.T.);
#5962 = LINE('',#5963,#5964);
#5963 = CARTESIAN_POINT('',(1.74,-25.5,28.775082572253));
#5964 = VECTOR('',#5965,1.);
#5965 = DIRECTION('',(2.2E-16,0.,-1.));
#5966 = ORIENTED_EDGE('',*,*,#432,.T.);
#5967 = ORIENTED_EDGE('',*,*,#5968,.T.);
#5968 = EDGE_CURVE('',#425,#5954,#5969,.T.);
#5969 = LINE('',#5970,#5971);
#5970 = CARTESIAN_POINT('',(0.800000000001,-25.5,28.775082572253));
#5971 = VECTOR('',#5972,1.);
#5972 = DIRECTION('',(0.,0.,-1.));
#5973 = PLANE('',#5974);
#5974 = AXIS2_PLACEMENT_3D('',#5975,#5976,#5977);
#5975 = CARTESIAN_POINT('',(10.,-25.5,0.));
#5976 = DIRECTION('',(0.,-1.,0.));
#5977 = DIRECTION('',(-1.,0.,0.));
#5978 = ADVANCED_FACE('',(#5979,#6009),#6020,.T.);
#5979 = FACE_BOUND('',#5980,.T.);
#5980 = EDGE_LOOP('',(#5981,#5982,#5990,#5999,#6005,#6006,#6007,#6008));
#5981 = ORIENTED_EDGE('',*,*,#390,.T.);
#5982 = ORIENTED_EDGE('',*,*,#5983,.F.);
#5983 = EDGE_CURVE('',#5984,#383,#5986,.T.);
#5984 = VERTEX_POINT('',#5985);
#5985 = CARTESIAN_POINT('',(-0.5,-25.5,1.));
#5986 = LINE('',#5987,#5988);
#5987 = CARTESIAN_POINT('',(10.,-25.5,1.));
#5988 = VECTOR('',#5989,1.);
#5989 = DIRECTION('',(-1.,0.,0.));
#5990 = ORIENTED_EDGE('',*,*,#5991,.F.);
#5991 = EDGE_CURVE('',#5992,#5984,#5994,.T.);
#5992 = VERTEX_POINT('',#5993);
#5993 = CARTESIAN_POINT('',(0.5,-25.5,1.));
#5994 = CIRCLE('',#5995,0.5);
#5995 = AXIS2_PLACEMENT_3D('',#5996,#5997,#5998);
#5996 = CARTESIAN_POINT('',(0.,-25.5,1.));
#5997 = DIRECTION('',(0.,0.,1.));
#5998 = DIRECTION('',(-2.2E-16,1.,0.));
#5999 = ORIENTED_EDGE('',*,*,#6000,.F.);
#6000 = EDGE_CURVE('',#425,#5992,#6001,.T.);
#6001 = LINE('',#6002,#6003);
#6002 = CARTESIAN_POINT('',(10.,-25.5,1.));
#6003 = VECTOR('',#6004,1.);
#6004 = DIRECTION('',(-1.,0.,0.));
#6005 = ORIENTED_EDGE('',*,*,#424,.F.);
#6006 = ORIENTED_EDGE('',*,*,#415,.T.);
#6007 = ORIENTED_EDGE('',*,*,#407,.F.);
#6008 = ORIENTED_EDGE('',*,*,#398,.T.);
#6009 = FACE_BOUND('',#6010,.T.);
#6010 = EDGE_LOOP('',(#6011));
#6011 = ORIENTED_EDGE('',*,*,#6012,.F.);
#6012 = EDGE_CURVE('',#6013,#6013,#6015,.T.);
#6013 = VERTEX_POINT('',#6014);
#6014 = CARTESIAN_POINT('',(0.,-24.4,1.));
#6015 = CIRCLE('',#6016,0.5);
#6016 = AXIS2_PLACEMENT_3D('',#6017,#6018,#6019);
#6017 = CARTESIAN_POINT('',(0.,-23.9,1.));
#6018 = DIRECTION('',(0.,0.,1.));
#6019 = DIRECTION('',(-2.2E-16,1.,0.));
#6020 = PLANE('',#6021);
#6021 = AXIS2_PLACEMENT_3D('',#6022,#6023,#6024);
#6022 = CARTESIAN_POINT('',(4.3E-16,1.14E-15,1.));
#6023 = DIRECTION('',(0.,0.,1.));
#6024 = DIRECTION('',(1.,0.,-0.));
#6025 = ADVANCED_FACE('',(#6026),#6051,.T.);
#6026 = FACE_BOUND('',#6027,.T.);
#6027 = EDGE_LOOP('',(#6028,#6038,#6044,#6045));
#6028 = ORIENTED_EDGE('',*,*,#6029,.F.);
#6029 = EDGE_CURVE('',#6030,#6032,#6034,.T.);
#6030 = VERTEX_POINT('',#6031);
#6031 = CARTESIAN_POINT('',(-0.800000000001,-25.5,0.));
#6032 = VERTEX_POINT('',#6033);
#6033 = CARTESIAN_POINT('',(-1.74,-25.5,0.));
#6034 = LINE('',#6035,#6036);
#6035 = CARTESIAN_POINT('',(10.,-25.5,0.));
#6036 = VECTOR('',#6037,1.);
#6037 = DIRECTION('',(-1.,0.,0.));
#6038 = ORIENTED_EDGE('',*,*,#6039,.F.);
#6039 = EDGE_CURVE('',#383,#6030,#6040,.T.);
#6040 = LINE('',#6041,#6042);
#6041 = CARTESIAN_POINT('',(-0.800000000001,-25.5,28.775082572253));
#6042 = VECTOR('',#6043,1.);
#6043 = DIRECTION('',(0.,0.,-1.));
#6044 = ORIENTED_EDGE('',*,*,#382,.T.);
#6045 = ORIENTED_EDGE('',*,*,#6046,.T.);
#6046 = EDGE_CURVE('',#375,#6032,#6047,.T.);
#6047 = LINE('',#6048,#6049);
#6048 = CARTESIAN_POINT('',(-1.74,-25.5,28.775082572253));
#6049 = VECTOR('',#6050,1.);
#6050 = DIRECTION('',(0.,0.,-1.));
#6051 = PLANE('',#6052);
#6052 = AXIS2_PLACEMENT_3D('',#6053,#6054,#6055);
#6053 = CARTESIAN_POINT('',(10.,-25.5,0.));
#6054 = DIRECTION('',(0.,-1.,0.));
#6055 = DIRECTION('',(-1.,0.,0.));
#6056 = ADVANCED_FACE('',(#6057,#6085),#6096,.T.);
#6057 = FACE_BOUND('',#6058,.T.);
#6058 = EDGE_LOOP('',(#6059,#6060,#6068,#6077,#6083,#6084));
#6059 = ORIENTED_EDGE('',*,*,#357,.T.);
#6060 = ORIENTED_EDGE('',*,*,#6061,.F.);
#6061 = EDGE_CURVE('',#6062,#350,#6064,.T.);
#6062 = VERTEX_POINT('',#6063);
#6063 = CARTESIAN_POINT('',(-3.04,-25.5,1.));
#6064 = LINE('',#6065,#6066);
#6065 = CARTESIAN_POINT('',(10.,-25.5,1.));
#6066 = VECTOR('',#6067,1.);
#6067 = DIRECTION('',(-1.,0.,0.));
#6068 = ORIENTED_EDGE('',*,*,#6069,.F.);
#6069 = EDGE_CURVE('',#6070,#6062,#6072,.T.);
#6070 = VERTEX_POINT('',#6071);
#6071 = CARTESIAN_POINT('',(-2.04,-25.5,1.));
#6072 = CIRCLE('',#6073,0.5);
#6073 = AXIS2_PLACEMENT_3D('',#6074,#6075,#6076);
#6074 = CARTESIAN_POINT('',(-2.54,-25.5,1.));
#6075 = DIRECTION('',(0.,0.,1.));
#6076 = DIRECTION('',(-2.2E-16,1.,0.));
#6077 = ORIENTED_EDGE('',*,*,#6078,.F.);
#6078 = EDGE_CURVE('',#375,#6070,#6079,.T.);
#6079 = LINE('',#6080,#6081);
#6080 = CARTESIAN_POINT('',(10.,-25.5,1.));
#6081 = VECTOR('',#6082,1.);
#6082 = DIRECTION('',(-1.,0.,0.));
#6083 = ORIENTED_EDGE('',*,*,#374,.F.);
#6084 = ORIENTED_EDGE('',*,*,#365,.T.);
#6085 = FACE_BOUND('',#6086,.T.);
#6086 = EDGE_LOOP('',(#6087));
#6087 = ORIENTED_EDGE('',*,*,#6088,.F.);
#6088 = EDGE_CURVE('',#6089,#6089,#6091,.T.);
#6089 = VERTEX_POINT('',#6090);
#6090 = CARTESIAN_POINT('',(-2.54,-24.4,1.));
#6091 = CIRCLE('',#6092,0.5);
#6092 = AXIS2_PLACEMENT_3D('',#6093,#6094,#6095);
#6093 = CARTESIAN_POINT('',(-2.54,-23.9,1.));
#6094 = DIRECTION('',(0.,0.,1.));
#6095 = DIRECTION('',(-2.2E-16,1.,0.));
#6096 = PLANE('',#6097);
#6097 = AXIS2_PLACEMENT_3D('',#6098,#6099,#6100);
#6098 = CARTESIAN_POINT('',(4.3E-16,1.14E-15,1.));
#6099 = DIRECTION('',(0.,0.,1.));
#6100 = DIRECTION('',(1.,0.,-0.));
#6101 = ADVANCED_FACE('',(#6102),#6127,.T.);
#6102 = FACE_BOUND('',#6103,.T.);
#6103 = EDGE_LOOP('',(#6104,#6114,#6120,#6121));
#6104 = ORIENTED_EDGE('',*,*,#6105,.F.);
#6105 = EDGE_CURVE('',#6106,#6108,#6110,.T.);
#6106 = VERTEX_POINT('',#6107);
#6107 = CARTESIAN_POINT('',(-3.34,-25.5,0.));
#6108 = VERTEX_POINT('',#6109);
#6109 = CARTESIAN_POINT('',(-10.,-25.5,0.));
#6110 = LINE('',#6111,#6112);
#6111 = CARTESIAN_POINT('',(10.,-25.5,0.));
#6112 = VECTOR('',#6113,1.);
#6113 = DIRECTION('',(-1.,0.,0.));
#6114 = ORIENTED_EDGE('',*,*,#6115,.F.);
#6115 = EDGE_CURVE('',#350,#6106,#6116,.T.);
#6116 = LINE('',#6117,#6118);
#6117 = CARTESIAN_POINT('',(-3.34,-25.5,28.775082572253));
#6118 = VECTOR('',#6119,1.);
#6119 = DIRECTION('',(0.,0.,-1.));
#6120 = ORIENTED_EDGE('',*,*,#349,.T.);
#6121 = ORIENTED_EDGE('',*,*,#6122,.F.);
#6122 = EDGE_CURVE('',#6108,#341,#6123,.T.);
#6123 = LINE('',#6124,#6125);
#6124 = CARTESIAN_POINT('',(-10.,-25.5,0.));
#6125 = VECTOR('',#6126,1.);
#6126 = DIRECTION('',(0.,0.,1.));
#6127 = PLANE('',#6128);
#6128 = AXIS2_PLACEMENT_3D('',#6129,#6130,#6131);
#6129 = CARTESIAN_POINT('',(10.,-25.5,0.));
#6130 = DIRECTION('',(0.,-1.,0.));
#6131 = DIRECTION('',(-1.,0.,0.));
#6132 = ADVANCED_FACE('',(#6133),#6145,.T.);
#6133 = FACE_BOUND('',#6134,.T.);
#6134 = EDGE_LOOP('',(#6135,#6142,#6143,#6144));
#6135 = ORIENTED_EDGE('',*,*,#6136,.T.);
#6136 = EDGE_CURVE('',#2499,#6108,#6137,.T.);
#6137 = CIRCLE('',#6138,0.5);
#6138 = AXIS2_PLACEMENT_3D('',#6139,#6140,#6141);
#6139 = CARTESIAN_POINT('',(-10.,-25.,0.));
#6140 = DIRECTION('',(0.,0.,1.));
#6141 = DIRECTION('',(1.,0.,-0.));
#6142 = ORIENTED_EDGE('',*,*,#6122,.T.);
#6143 = ORIENTED_EDGE('',*,*,#340,.F.);
#6144 = ORIENTED_EDGE('',*,*,#2508,.F.);
#6145 = CYLINDRICAL_SURFACE('',#6146,0.5);
#6146 = AXIS2_PLACEMENT_3D('',#6147,#6148,#6149);
#6147 = CARTESIAN_POINT('',(-10.,-25.,0.));
#6148 = DIRECTION('',(-0.,-0.,-1.));
#6149 = DIRECTION('',(1.,0.,0.));
#6150 = ADVANCED_FACE('',(#6151,#6154),#6165,.T.);
#6151 = FACE_BOUND('',#6152,.T.);
#6152 = EDGE_LOOP('',(#6153));
#6153 = ORIENTED_EDGE('',*,*,#2004,.T.);
#6154 = FACE_BOUND('',#6155,.T.);
#6155 = EDGE_LOOP('',(#6156));
#6156 = ORIENTED_EDGE('',*,*,#6157,.F.);
#6157 = EDGE_CURVE('',#6158,#6158,#6160,.T.);
#6158 = VERTEX_POINT('',#6159);
#6159 = CARTESIAN_POINT('',(-4.65,-23.5,1.));
#6160 = CIRCLE('',#6161,1.05);
#6161 = AXIS2_PLACEMENT_3D('',#6162,#6163,#6164);
#6162 = CARTESIAN_POINT('',(-5.7,-23.5,1.));
#6163 = DIRECTION('',(0.,-4.4E-16,1.));
#6164 = DIRECTION('',(1.,0.,0.));
#6165 = PLANE('',#6166);
#6166 = AXIS2_PLACEMENT_3D('',#6167,#6168,#6169);
#6167 = CARTESIAN_POINT('',(4.3E-16,1.14E-15,1.));
#6168 = DIRECTION('',(0.,0.,1.));
#6169 = DIRECTION('',(1.,0.,-0.));
#6170 = ADVANCED_FACE('',(#6171),#6196,.F.);
#6171 = FACE_BOUND('',#6172,.F.);
#6172 = EDGE_LOOP('',(#6173,#6181,#6182,#6190));
#6173 = ORIENTED_EDGE('',*,*,#6174,.F.);
#6174 = EDGE_CURVE('',#2016,#6175,#6177,.T.);
#6175 = VERTEX_POINT('',#6176);
#6176 = CARTESIAN_POINT('',(-3.9,-10.3,1.6));
#6177 = LINE('',#6178,#6179);
#6178 = CARTESIAN_POINT('',(-3.9,-10.3,1.));
#6179 = VECTOR('',#6180,1.);
#6180 = DIRECTION('',(0.,0.,1.));
#6181 = ORIENTED_EDGE('',*,*,#2015,.T.);
#6182 = ORIENTED_EDGE('',*,*,#6183,.T.);
#6183 = EDGE_CURVE('',#2018,#6184,#6186,.T.);
#6184 = VERTEX_POINT('',#6185);
#6185 = CARTESIAN_POINT('',(-3.9,-7.8,1.6));
#6186 = LINE('',#6187,#6188);
#6187 = CARTESIAN_POINT('',(-3.9,-7.8,1.));
#6188 = VECTOR('',#6189,1.);
#6189 = DIRECTION('',(0.,0.,1.));
#6190 = ORIENTED_EDGE('',*,*,#6191,.F.);
#6191 = EDGE_CURVE('',#6175,#6184,#6192,.T.);
#6192 = LINE('',#6193,#6194);
#6193 = CARTESIAN_POINT('',(-3.9,-10.3,1.6));
#6194 = VECTOR('',#6195,1.);
#6195 = DIRECTION('',(0.,1.,0.));
#6196 = PLANE('',#6197);
#6197 = AXIS2_PLACEMENT_3D('',#6198,#6199,#6200);
#6198 = CARTESIAN_POINT('',(-3.9,-10.3,1.));
#6199 = DIRECTION('',(1.,0.,0.));
#6200 = DIRECTION('',(0.,0.,1.));
#6201 = ADVANCED_FACE('',(#6202),#6220,.F.);
#6202 = FACE_BOUND('',#6203,.F.);
#6203 = EDGE_LOOP('',(#6204,#6205,#6206,#6214));
#6204 = ORIENTED_EDGE('',*,*,#2041,.F.);
#6205 = ORIENTED_EDGE('',*,*,#6174,.T.);
#6206 = ORIENTED_EDGE('',*,*,#6207,.T.);
#6207 = EDGE_CURVE('',#6175,#6208,#6210,.T.);
#6208 = VERTEX_POINT('',#6209);
#6209 = CARTESIAN_POINT('',(-0.7,-10.3,1.6));
#6210 = LINE('',#6211,#6212);
#6211 = CARTESIAN_POINT('',(-3.9,-10.3,1.6));
#6212 = VECTOR('',#6213,1.);
#6213 = DIRECTION('',(1.,0.,0.));
#6214 = ORIENTED_EDGE('',*,*,#6215,.F.);
#6215 = EDGE_CURVE('',#2034,#6208,#6216,.T.);
#6216 = LINE('',#6217,#6218);
#6217 = CARTESIAN_POINT('',(-0.7,-10.3,1.));
#6218 = VECTOR('',#6219,1.);
#6219 = DIRECTION('',(0.,0.,1.));
#6220 = PLANE('',#6221);
#6221 = AXIS2_PLACEMENT_3D('',#6222,#6223,#6224);
#6222 = CARTESIAN_POINT('',(-3.9,-10.3,1.));
#6223 = DIRECTION('',(0.,1.,0.));
#6224 = DIRECTION('',(0.,-0.,1.));
#6225 = ADVANCED_FACE('',(#6226),#6244,.T.);
#6226 = FACE_BOUND('',#6227,.T.);
#6227 = EDGE_LOOP('',(#6228,#6229,#6230,#6238));
#6228 = ORIENTED_EDGE('',*,*,#6215,.F.);
#6229 = ORIENTED_EDGE('',*,*,#2033,.T.);
#6230 = ORIENTED_EDGE('',*,*,#6231,.T.);
#6231 = EDGE_CURVE('',#2026,#6232,#6234,.T.);
#6232 = VERTEX_POINT('',#6233);
#6233 = CARTESIAN_POINT('',(-0.7,-7.8,1.6));
#6234 = LINE('',#6235,#6236);
#6235 = CARTESIAN_POINT('',(-0.7,-7.8,1.));
#6236 = VECTOR('',#6237,1.);
#6237 = DIRECTION('',(0.,0.,1.));
#6238 = ORIENTED_EDGE('',*,*,#6239,.F.);
#6239 = EDGE_CURVE('',#6208,#6232,#6240,.T.);
#6240 = LINE('',#6241,#6242);
#6241 = CARTESIAN_POINT('',(-0.7,-10.3,1.6));
#6242 = VECTOR('',#6243,1.);
#6243 = DIRECTION('',(0.,1.,0.));
#6244 = PLANE('',#6245);
#6245 = AXIS2_PLACEMENT_3D('',#6246,#6247,#6248);
#6246 = CARTESIAN_POINT('',(-0.7,-10.3,1.));
#6247 = DIRECTION('',(1.,0.,0.));
#6248 = DIRECTION('',(0.,0.,1.));
#6249 = ADVANCED_FACE('',(#6250),#6261,.T.);
#6250 = FACE_BOUND('',#6251,.T.);
#6251 = EDGE_LOOP('',(#6252,#6253,#6254,#6260));
#6252 = ORIENTED_EDGE('',*,*,#2025,.F.);
#6253 = ORIENTED_EDGE('',*,*,#6183,.T.);
#6254 = ORIENTED_EDGE('',*,*,#6255,.T.);
#6255 = EDGE_CURVE('',#6184,#6232,#6256,.T.);
#6256 = LINE('',#6257,#6258);
#6257 = CARTESIAN_POINT('',(-3.9,-7.8,1.6));
#6258 = VECTOR('',#6259,1.);
#6259 = DIRECTION('',(1.,0.,0.));
#6260 = ORIENTED_EDGE('',*,*,#6231,.F.);
#6261 = PLANE('',#6262);
#6262 = AXIS2_PLACEMENT_3D('',#6263,#6264,#6265);
#6263 = CARTESIAN_POINT('',(-3.9,-7.8,1.));
#6264 = DIRECTION('',(0.,1.,0.));
#6265 = DIRECTION('',(0.,-0.,1.));
#6266 = ADVANCED_FACE('',(#6267),#6292,.F.);
#6267 = FACE_BOUND('',#6268,.F.);
#6268 = EDGE_LOOP('',(#6269,#6277,#6278,#6286));
#6269 = ORIENTED_EDGE('',*,*,#6270,.F.);
#6270 = EDGE_CURVE('',#2050,#6271,#6273,.T.);
#6271 = VERTEX_POINT('',#6272);
#6272 = CARTESIAN_POINT('',(-3.5,-4.,1.9));
#6273 = LINE('',#6274,#6275);
#6274 = CARTESIAN_POINT('',(-3.5,-4.,1.));
#6275 = VECTOR('',#6276,1.);
#6276 = DIRECTION('',(0.,0.,1.));
#6277 = ORIENTED_EDGE('',*,*,#2049,.T.);
#6278 = ORIENTED_EDGE('',*,*,#6279,.T.);
#6279 = EDGE_CURVE('',#2052,#6280,#6282,.T.);
#6280 = VERTEX_POINT('',#6281);
#6281 = CARTESIAN_POINT('',(-3.5,3.,1.9));
#6282 = LINE('',#6283,#6284);
#6283 = CARTESIAN_POINT('',(-3.5,3.,1.));
#6284 = VECTOR('',#6285,1.);
#6285 = DIRECTION('',(0.,0.,1.));
#6286 = ORIENTED_EDGE('',*,*,#6287,.F.);
#6287 = EDGE_CURVE('',#6271,#6280,#6288,.T.);
#6288 = LINE('',#6289,#6290);
#6289 = CARTESIAN_POINT('',(-3.5,-4.,1.9));
#6290 = VECTOR('',#6291,1.);
#6291 = DIRECTION('',(0.,1.,0.));
#6292 = PLANE('',#6293);
#6293 = AXIS2_PLACEMENT_3D('',#6294,#6295,#6296);
#6294 = CARTESIAN_POINT('',(-3.5,-4.,1.));
#6295 = DIRECTION('',(1.,0.,0.));
#6296 = DIRECTION('',(0.,0.,1.));
#6297 = ADVANCED_FACE('',(#6298),#6316,.F.);
#6298 = FACE_BOUND('',#6299,.F.);
#6299 = EDGE_LOOP('',(#6300,#6301,#6302,#6310));
#6300 = ORIENTED_EDGE('',*,*,#2075,.F.);
#6301 = ORIENTED_EDGE('',*,*,#6270,.T.);
#6302 = ORIENTED_EDGE('',*,*,#6303,.T.);
#6303 = EDGE_CURVE('',#6271,#6304,#6306,.T.);
#6304 = VERTEX_POINT('',#6305);
#6305 = CARTESIAN_POINT('',(3.5,-4.,1.9));
#6306 = LINE('',#6307,#6308);
#6307 = CARTESIAN_POINT('',(-3.5,-4.,1.9));
#6308 = VECTOR('',#6309,1.);
#6309 = DIRECTION('',(1.,0.,0.));
#6310 = ORIENTED_EDGE('',*,*,#6311,.F.);
#6311 = EDGE_CURVE('',#2068,#6304,#6312,.T.);
#6312 = LINE('',#6313,#6314);
#6313 = CARTESIAN_POINT('',(3.5,-4.,1.));
#6314 = VECTOR('',#6315,1.);
#6315 = DIRECTION('',(0.,0.,1.));
#6316 = PLANE('',#6317);
#6317 = AXIS2_PLACEMENT_3D('',#6318,#6319,#6320);
#6318 = CARTESIAN_POINT('',(-3.5,-4.,1.));
#6319 = DIRECTION('',(0.,1.,0.));
#6320 = DIRECTION('',(0.,-0.,1.));
#6321 = ADVANCED_FACE('',(#6322),#6340,.T.);
#6322 = FACE_BOUND('',#6323,.T.);
#6323 = EDGE_LOOP('',(#6324,#6325,#6326,#6334));
#6324 = ORIENTED_EDGE('',*,*,#6311,.F.);
#6325 = ORIENTED_EDGE('',*,*,#2067,.T.);
#6326 = ORIENTED_EDGE('',*,*,#6327,.T.);
#6327 = EDGE_CURVE('',#2060,#6328,#6330,.T.);
#6328 = VERTEX_POINT('',#6329);
#6329 = CARTESIAN_POINT('',(3.5,3.,1.9));
#6330 = LINE('',#6331,#6332);
#6331 = CARTESIAN_POINT('',(3.5,3.,1.));
#6332 = VECTOR('',#6333,1.);
#6333 = DIRECTION('',(0.,0.,1.));
#6334 = ORIENTED_EDGE('',*,*,#6335,.F.);
#6335 = EDGE_CURVE('',#6304,#6328,#6336,.T.);
#6336 = LINE('',#6337,#6338);
#6337 = CARTESIAN_POINT('',(3.5,-4.,1.9));
#6338 = VECTOR('',#6339,1.);
#6339 = DIRECTION('',(0.,1.,0.));
#6340 = PLANE('',#6341);
#6341 = AXIS2_PLACEMENT_3D('',#6342,#6343,#6344);
#6342 = CARTESIAN_POINT('',(3.5,-4.,1.));
#6343 = DIRECTION('',(1.,0.,0.));
#6344 = DIRECTION('',(0.,0.,1.));
#6345 = ADVANCED_FACE('',(#6346),#6357,.T.);
#6346 = FACE_BOUND('',#6347,.T.);
#6347 = EDGE_LOOP('',(#6348,#6349,#6350,#6356));
#6348 = ORIENTED_EDGE('',*,*,#2059,.F.);
#6349 = ORIENTED_EDGE('',*,*,#6279,.T.);
#6350 = ORIENTED_EDGE('',*,*,#6351,.T.);
#6351 = EDGE_CURVE('',#6280,#6328,#6352,.T.);
#6352 = LINE('',#6353,#6354);
#6353 = CARTESIAN_POINT('',(-3.5,3.,1.9));
#6354 = VECTOR('',#6355,1.);
#6355 = DIRECTION('',(1.,0.,0.));
#6356 = ORIENTED_EDGE('',*,*,#6327,.F.);
#6357 = PLANE('',#6358);
#6358 = AXIS2_PLACEMENT_3D('',#6359,#6360,#6361);
#6359 = CARTESIAN_POINT('',(-3.5,3.,1.));
#6360 = DIRECTION('',(0.,1.,0.));
#6361 = DIRECTION('',(0.,-0.,1.));
#6362 = ADVANCED_FACE('',(#6363,#6366),#6377,.T.);
#6363 = FACE_BOUND('',#6364,.T.);
#6364 = EDGE_LOOP('',(#6365));
#6365 = ORIENTED_EDGE('',*,*,#2083,.T.);
#6366 = FACE_BOUND('',#6367,.T.);
#6367 = EDGE_LOOP('',(#6368));
#6368 = ORIENTED_EDGE('',*,*,#6369,.F.);
#6369 = EDGE_CURVE('',#6370,#6370,#6372,.T.);
#6370 = VERTEX_POINT('',#6371);
#6371 = CARTESIAN_POINT('',(4.65,-23.5,1.));
#6372 = CIRCLE('',#6373,1.05);
#6373 = AXIS2_PLACEMENT_3D('',#6374,#6375,#6376);
#6374 = CARTESIAN_POINT('',(5.7,-23.5,1.));
#6375 = DIRECTION('',(-2.2E-16,-4.4E-16,1.));
#6376 = DIRECTION('',(-1.,2.2E-16,-2.2E-16));
#6377 = PLANE('',#6378);
#6378 = AXIS2_PLACEMENT_3D('',#6379,#6380,#6381);
#6379 = CARTESIAN_POINT('',(4.3E-16,1.14E-15,1.));
#6380 = DIRECTION('',(0.,0.,1.));
#6381 = DIRECTION('',(1.,0.,-0.));
#6382 = ADVANCED_FACE('',(#6383),#6408,.F.);
#6383 = FACE_BOUND('',#6384,.F.);
#6384 = EDGE_LOOP('',(#6385,#6393,#6394,#6402));
#6385 = ORIENTED_EDGE('',*,*,#6386,.F.);
#6386 = EDGE_CURVE('',#2095,#6387,#6389,.T.);
#6387 = VERTEX_POINT('',#6388);
#6388 = CARTESIAN_POINT('',(-2.8,4.9,1.6));
#6389 = LINE('',#6390,#6391);
#6390 = CARTESIAN_POINT('',(-2.8,4.9,1.));
#6391 = VECTOR('',#6392,1.);
#6392 = DIRECTION('',(0.,0.,1.));
#6393 = ORIENTED_EDGE('',*,*,#2094,.T.);
#6394 = ORIENTED_EDGE('',*,*,#6395,.T.);
#6395 = EDGE_CURVE('',#2097,#6396,#6398,.T.);
#6396 = VERTEX_POINT('',#6397);
#6397 = CARTESIAN_POINT('',(-4.8,4.9,1.6));
#6398 = LINE('',#6399,#6400);
#6399 = CARTESIAN_POINT('',(-4.8,4.9,1.));
#6400 = VECTOR('',#6401,1.);
#6401 = DIRECTION('',(0.,0.,1.));
#6402 = ORIENTED_EDGE('',*,*,#6403,.F.);
#6403 = EDGE_CURVE('',#6387,#6396,#6404,.T.);
#6404 = LINE('',#6405,#6406);
#6405 = CARTESIAN_POINT('',(-2.8,4.9,1.6));
#6406 = VECTOR('',#6407,1.);
#6407 = DIRECTION('',(-1.,0.,0.));
#6408 = PLANE('',#6409);
#6409 = AXIS2_PLACEMENT_3D('',#6410,#6411,#6412);
#6410 = CARTESIAN_POINT('',(-2.8,4.9,1.));
#6411 = DIRECTION('',(0.,1.,0.));
#6412 = DIRECTION('',(0.,-0.,1.));
#6413 = ADVANCED_FACE('',(#6414),#6432,.F.);
#6414 = FACE_BOUND('',#6415,.F.);
#6415 = EDGE_LOOP('',(#6416,#6417,#6418,#6426));
#6416 = ORIENTED_EDGE('',*,*,#2120,.F.);
#6417 = ORIENTED_EDGE('',*,*,#6386,.T.);
#6418 = ORIENTED_EDGE('',*,*,#6419,.T.);
#6419 = EDGE_CURVE('',#6387,#6420,#6422,.T.);
#6420 = VERTEX_POINT('',#6421);
#6421 = CARTESIAN_POINT('',(-2.8,7.9,1.6));
#6422 = LINE('',#6423,#6424);
#6423 = CARTESIAN_POINT('',(-2.8,4.9,1.6));
#6424 = VECTOR('',#6425,1.);
#6425 = DIRECTION('',(0.,1.,0.));
#6426 = ORIENTED_EDGE('',*,*,#6427,.F.);
#6427 = EDGE_CURVE('',#2113,#6420,#6428,.T.);
#6428 = LINE('',#6429,#6430);
#6429 = CARTESIAN_POINT('',(-2.8,7.9,1.));
#6430 = VECTOR('',#6431,1.);
#6431 = DIRECTION('',(0.,0.,1.));
#6432 = PLANE('',#6433);
#6433 = AXIS2_PLACEMENT_3D('',#6434,#6435,#6436);
#6434 = CARTESIAN_POINT('',(-2.8,4.9,1.));
#6435 = DIRECTION('',(-1.,0.,0.));
#6436 = DIRECTION('',(0.,0.,1.));
#6437 = ADVANCED_FACE('',(#6438),#6456,.T.);
#6438 = FACE_BOUND('',#6439,.T.);
#6439 = EDGE_LOOP('',(#6440,#6441,#6442,#6450));
#6440 = ORIENTED_EDGE('',*,*,#6427,.F.);
#6441 = ORIENTED_EDGE('',*,*,#2112,.T.);
#6442 = ORIENTED_EDGE('',*,*,#6443,.T.);
#6443 = EDGE_CURVE('',#2105,#6444,#6446,.T.);
#6444 = VERTEX_POINT('',#6445);
#6445 = CARTESIAN_POINT('',(-4.8,7.9,1.6));
#6446 = LINE('',#6447,#6448);
#6447 = CARTESIAN_POINT('',(-4.8,7.9,1.));
#6448 = VECTOR('',#6449,1.);
#6449 = DIRECTION('',(0.,0.,1.));
#6450 = ORIENTED_EDGE('',*,*,#6451,.F.);
#6451 = EDGE_CURVE('',#6420,#6444,#6452,.T.);
#6452 = LINE('',#6453,#6454);
#6453 = CARTESIAN_POINT('',(-2.8,7.9,1.6));
#6454 = VECTOR('',#6455,1.);
#6455 = DIRECTION('',(-1.,0.,0.));
#6456 = PLANE('',#6457);
#6457 = AXIS2_PLACEMENT_3D('',#6458,#6459,#6460);
#6458 = CARTESIAN_POINT('',(-2.8,7.9,1.));
#6459 = DIRECTION('',(0.,1.,0.));
#6460 = DIRECTION('',(0.,-0.,1.));
#6461 = ADVANCED_FACE('',(#6462),#6473,.T.);
#6462 = FACE_BOUND('',#6463,.T.);
#6463 = EDGE_LOOP('',(#6464,#6465,#6466,#6472));
#6464 = ORIENTED_EDGE('',*,*,#2104,.F.);
#6465 = ORIENTED_EDGE('',*,*,#6395,.T.);
#6466 = ORIENTED_EDGE('',*,*,#6467,.T.);
#6467 = EDGE_CURVE('',#6396,#6444,#6468,.T.);
#6468 = LINE('',#6469,#6470);
#6469 = CARTESIAN_POINT('',(-4.8,4.9,1.6));
#6470 = VECTOR('',#6471,1.);
#6471 = DIRECTION('',(0.,1.,0.));
#6472 = ORIENTED_EDGE('',*,*,#6443,.F.);
#6473 = PLANE('',#6474);
#6474 = AXIS2_PLACEMENT_3D('',#6475,#6476,#6477);
#6475 = CARTESIAN_POINT('',(-4.8,4.9,1.));
#6476 = DIRECTION('',(-1.,0.,0.));
#6477 = DIRECTION('',(0.,0.,1.));
#6478 = ADVANCED_FACE('',(#6479,#6482),#6493,.T.);
#6479 = FACE_BOUND('',#6480,.T.);
#6480 = EDGE_LOOP('',(#6481));
#6481 = ORIENTED_EDGE('',*,*,#2139,.T.);
#6482 = FACE_BOUND('',#6483,.T.);
#6483 = EDGE_LOOP('',(#6484));
#6484 = ORIENTED_EDGE('',*,*,#6485,.F.);
#6485 = EDGE_CURVE('',#6486,#6486,#6488,.T.);
#6486 = VERTEX_POINT('',#6487);
#6487 = CARTESIAN_POINT('',(-4.65,23.5,1.));
#6488 = CIRCLE('',#6489,1.05);
#6489 = AXIS2_PLACEMENT_3D('',#6490,#6491,#6492);
#6490 = CARTESIAN_POINT('',(-5.7,23.5,1.));
#6491 = DIRECTION('',(0.,0.,1.));
#6492 = DIRECTION('',(1.,0.,-0.));
#6493 = PLANE('',#6494);
#6494 = AXIS2_PLACEMENT_3D('',#6495,#6496,#6497);
#6495 = CARTESIAN_POINT('',(4.3E-16,1.14E-15,1.));
#6496 = DIRECTION('',(0.,0.,1.));
#6497 = DIRECTION('',(1.,0.,-0.));
#6498 = ADVANCED_FACE('',(#6499),#6524,.F.);
#6499 = FACE_BOUND('',#6500,.F.);
#6500 = EDGE_LOOP('',(#6501,#6509,#6510,#6518));
#6501 = ORIENTED_EDGE('',*,*,#6502,.F.);
#6502 = EDGE_CURVE('',#2151,#6503,#6505,.T.);
#6503 = VERTEX_POINT('',#6504);
#6504 = CARTESIAN_POINT('',(-5.1,11.375,2.6));
#6505 = LINE('',#6506,#6507);
#6506 = CARTESIAN_POINT('',(-5.1,11.375,1.));
#6507 = VECTOR('',#6508,1.);
#6508 = DIRECTION('',(0.,0.,1.));
#6509 = ORIENTED_EDGE('',*,*,#2150,.T.);
#6510 = ORIENTED_EDGE('',*,*,#6511,.T.);
#6511 = EDGE_CURVE('',#2153,#6512,#6514,.T.);
#6512 = VERTEX_POINT('',#6513);
#6513 = CARTESIAN_POINT('',(-5.1,15.625,2.6));
#6514 = LINE('',#6515,#6516);
#6515 = CARTESIAN_POINT('',(-5.1,15.625,1.));
#6516 = VECTOR('',#6517,1.);
#6517 = DIRECTION('',(0.,0.,1.));
#6518 = ORIENTED_EDGE('',*,*,#6519,.F.);
#6519 = EDGE_CURVE('',#6503,#6512,#6520,.T.);
#6520 = LINE('',#6521,#6522);
#6521 = CARTESIAN_POINT('',(-5.1,11.375,2.6));
#6522 = VECTOR('',#6523,1.);
#6523 = DIRECTION('',(0.,1.,0.));
#6524 = PLANE('',#6525);
#6525 = AXIS2_PLACEMENT_3D('',#6526,#6527,#6528);
#6526 = CARTESIAN_POINT('',(-5.1,11.375,1.));
#6527 = DIRECTION('',(1.,0.,0.));
#6528 = DIRECTION('',(0.,0.,1.));
#6529 = ADVANCED_FACE('',(#6530),#6548,.F.);
#6530 = FACE_BOUND('',#6531,.F.);
#6531 = EDGE_LOOP('',(#6532,#6533,#6534,#6542));
#6532 = ORIENTED_EDGE('',*,*,#2176,.F.);
#6533 = ORIENTED_EDGE('',*,*,#6502,.T.);
#6534 = ORIENTED_EDGE('',*,*,#6535,.T.);
#6535 = EDGE_CURVE('',#6503,#6536,#6538,.T.);
#6536 = VERTEX_POINT('',#6537);
#6537 = CARTESIAN_POINT('',(-1.9,11.375,2.6));
#6538 = LINE('',#6539,#6540);
#6539 = CARTESIAN_POINT('',(-5.1,11.375,2.6));
#6540 = VECTOR('',#6541,1.);
#6541 = DIRECTION('',(1.,0.,0.));
#6542 = ORIENTED_EDGE('',*,*,#6543,.F.);
#6543 = EDGE_CURVE('',#2169,#6536,#6544,.T.);
#6544 = LINE('',#6545,#6546);
#6545 = CARTESIAN_POINT('',(-1.9,11.375,1.));
#6546 = VECTOR('',#6547,1.);
#6547 = DIRECTION('',(0.,0.,1.));
#6548 = PLANE('',#6549);
#6549 = AXIS2_PLACEMENT_3D('',#6550,#6551,#6552);
#6550 = CARTESIAN_POINT('',(-5.1,11.375,1.));
#6551 = DIRECTION('',(0.,1.,0.));
#6552 = DIRECTION('',(0.,-0.,1.));
#6553 = ADVANCED_FACE('',(#6554),#6572,.T.);
#6554 = FACE_BOUND('',#6555,.T.);
#6555 = EDGE_LOOP('',(#6556,#6557,#6558,#6566));
#6556 = ORIENTED_EDGE('',*,*,#6543,.F.);
#6557 = ORIENTED_EDGE('',*,*,#2168,.T.);
#6558 = ORIENTED_EDGE('',*,*,#6559,.T.);
#6559 = EDGE_CURVE('',#2161,#6560,#6562,.T.);
#6560 = VERTEX_POINT('',#6561);
#6561 = CARTESIAN_POINT('',(-1.9,15.625,2.6));
#6562 = LINE('',#6563,#6564);
#6563 = CARTESIAN_POINT('',(-1.9,15.625,1.));
#6564 = VECTOR('',#6565,1.);
#6565 = DIRECTION('',(0.,0.,1.));
#6566 = ORIENTED_EDGE('',*,*,#6567,.F.);
#6567 = EDGE_CURVE('',#6536,#6560,#6568,.T.);
#6568 = LINE('',#6569,#6570);
#6569 = CARTESIAN_POINT('',(-1.9,11.375,2.6));
#6570 = VECTOR('',#6571,1.);
#6571 = DIRECTION('',(0.,1.,0.));
#6572 = PLANE('',#6573);
#6573 = AXIS2_PLACEMENT_3D('',#6574,#6575,#6576);
#6574 = CARTESIAN_POINT('',(-1.9,11.375,1.));
#6575 = DIRECTION('',(1.,0.,0.));
#6576 = DIRECTION('',(0.,0.,1.));
#6577 = ADVANCED_FACE('',(#6578),#6589,.T.);
#6578 = FACE_BOUND('',#6579,.T.);
#6579 = EDGE_LOOP('',(#6580,#6581,#6582,#6588));
#6580 = ORIENTED_EDGE('',*,*,#2160,.F.);
#6581 = ORIENTED_EDGE('',*,*,#6511,.T.);
#6582 = ORIENTED_EDGE('',*,*,#6583,.T.);
#6583 = EDGE_CURVE('',#6512,#6560,#6584,.T.);
#6584 = LINE('',#6585,#6586);
#6585 = CARTESIAN_POINT('',(-5.1,15.625,2.6));
#6586 = VECTOR('',#6587,1.);
#6587 = DIRECTION('',(1.,0.,0.));
#6588 = ORIENTED_EDGE('',*,*,#6559,.F.);
#6589 = PLANE('',#6590);
#6590 = AXIS2_PLACEMENT_3D('',#6591,#6592,#6593);
#6591 = CARTESIAN_POINT('',(-5.1,15.625,1.));
#6592 = DIRECTION('',(0.,1.,0.));
#6593 = DIRECTION('',(0.,-0.,1.));
#6594 = ADVANCED_FACE('',(#6595),#6620,.F.);
#6595 = FACE_BOUND('',#6596,.F.);
#6596 = EDGE_LOOP('',(#6597,#6605,#6606,#6614));
#6597 = ORIENTED_EDGE('',*,*,#6598,.F.);
#6598 = EDGE_CURVE('',#2185,#6599,#6601,.T.);
#6599 = VERTEX_POINT('',#6600);
#6600 = CARTESIAN_POINT('',(1.9,11.475,2.25));
#6601 = LINE('',#6602,#6603);
#6602 = CARTESIAN_POINT('',(1.9,11.475,1.));
#6603 = VECTOR('',#6604,1.);
#6604 = DIRECTION('',(0.,0.,1.));
#6605 = ORIENTED_EDGE('',*,*,#2184,.T.);
#6606 = ORIENTED_EDGE('',*,*,#6607,.T.);
#6607 = EDGE_CURVE('',#2187,#6608,#6610,.T.);
#6608 = VERTEX_POINT('',#6609);
#6609 = CARTESIAN_POINT('',(1.9,12.725,2.25));
#6610 = LINE('',#6611,#6612);
#6611 = CARTESIAN_POINT('',(1.9,12.725,1.));
#6612 = VECTOR('',#6613,1.);
#6613 = DIRECTION('',(0.,0.,1.));
#6614 = ORIENTED_EDGE('',*,*,#6615,.F.);
#6615 = EDGE_CURVE('',#6599,#6608,#6616,.T.);
#6616 = LINE('',#6617,#6618);
#6617 = CARTESIAN_POINT('',(1.9,11.475,2.25));
#6618 = VECTOR('',#6619,1.);
#6619 = DIRECTION('',(0.,1.,0.));
#6620 = PLANE('',#6621);
#6621 = AXIS2_PLACEMENT_3D('',#6622,#6623,#6624);
#6622 = CARTESIAN_POINT('',(1.9,11.475,1.));
#6623 = DIRECTION('',(1.,0.,0.));
#6624 = DIRECTION('',(0.,0.,1.));
#6625 = ADVANCED_FACE('',(#6626),#6644,.F.);
#6626 = FACE_BOUND('',#6627,.F.);
#6627 = EDGE_LOOP('',(#6628,#6629,#6630,#6638));
#6628 = ORIENTED_EDGE('',*,*,#2210,.F.);
#6629 = ORIENTED_EDGE('',*,*,#6598,.T.);
#6630 = ORIENTED_EDGE('',*,*,#6631,.T.);
#6631 = EDGE_CURVE('',#6599,#6632,#6634,.T.);
#6632 = VERTEX_POINT('',#6633);
#6633 = CARTESIAN_POINT('',(3.9,11.475,2.25));
#6634 = LINE('',#6635,#6636);
#6635 = CARTESIAN_POINT('',(1.9,11.475,2.25));
#6636 = VECTOR('',#6637,1.);
#6637 = DIRECTION('',(1.,0.,0.));
#6638 = ORIENTED_EDGE('',*,*,#6639,.F.);
#6639 = EDGE_CURVE('',#2203,#6632,#6640,.T.);
#6640 = LINE('',#6641,#6642);
#6641 = CARTESIAN_POINT('',(3.9,11.475,1.));
#6642 = VECTOR('',#6643,1.);
#6643 = DIRECTION('',(0.,0.,1.));
#6644 = PLANE('',#6645);
#6645 = AXIS2_PLACEMENT_3D('',#6646,#6647,#6648);
#6646 = CARTESIAN_POINT('',(1.9,11.475,1.));
#6647 = DIRECTION('',(0.,1.,0.));
#6648 = DIRECTION('',(0.,-0.,1.));
#6649 = ADVANCED_FACE('',(#6650),#6668,.T.);
#6650 = FACE_BOUND('',#6651,.T.);
#6651 = EDGE_LOOP('',(#6652,#6653,#6654,#6662));
#6652 = ORIENTED_EDGE('',*,*,#6639,.F.);
#6653 = ORIENTED_EDGE('',*,*,#2202,.T.);
#6654 = ORIENTED_EDGE('',*,*,#6655,.T.);
#6655 = EDGE_CURVE('',#2195,#6656,#6658,.T.);
#6656 = VERTEX_POINT('',#6657);
#6657 = CARTESIAN_POINT('',(3.9,12.725,2.25));
#6658 = LINE('',#6659,#6660);
#6659 = CARTESIAN_POINT('',(3.9,12.725,1.));
#6660 = VECTOR('',#6661,1.);
#6661 = DIRECTION('',(0.,0.,1.));
#6662 = ORIENTED_EDGE('',*,*,#6663,.F.);
#6663 = EDGE_CURVE('',#6632,#6656,#6664,.T.);
#6664 = LINE('',#6665,#6666);
#6665 = CARTESIAN_POINT('',(3.9,11.475,2.25));
#6666 = VECTOR('',#6667,1.);
#6667 = DIRECTION('',(0.,1.,0.));
#6668 = PLANE('',#6669);
#6669 = AXIS2_PLACEMENT_3D('',#6670,#6671,#6672);
#6670 = CARTESIAN_POINT('',(3.9,11.475,1.));
#6671 = DIRECTION('',(1.,0.,0.));
#6672 = DIRECTION('',(0.,0.,1.));
#6673 = ADVANCED_FACE('',(#6674),#6685,.T.);
#6674 = FACE_BOUND('',#6675,.T.);
#6675 = EDGE_LOOP('',(#6676,#6677,#6678,#6684));
#6676 = ORIENTED_EDGE('',*,*,#2194,.F.);
#6677 = ORIENTED_EDGE('',*,*,#6607,.T.);
#6678 = ORIENTED_EDGE('',*,*,#6679,.T.);
#6679 = EDGE_CURVE('',#6608,#6656,#6680,.T.);
#6680 = LINE('',#6681,#6682);
#6681 = CARTESIAN_POINT('',(1.9,12.725,2.25));
#6682 = VECTOR('',#6683,1.);
#6683 = DIRECTION('',(1.,0.,0.));
#6684 = ORIENTED_EDGE('',*,*,#6655,.F.);
#6685 = PLANE('',#6686);
#6686 = AXIS2_PLACEMENT_3D('',#6687,#6688,#6689);
#6687 = CARTESIAN_POINT('',(1.9,12.725,1.));
#6688 = DIRECTION('',(0.,1.,0.));
#6689 = DIRECTION('',(0.,-0.,1.));
#6690 = ADVANCED_FACE('',(#6691),#6716,.F.);
#6691 = FACE_BOUND('',#6692,.F.);
#6692 = EDGE_LOOP('',(#6693,#6701,#6702,#6710));
#6693 = ORIENTED_EDGE('',*,*,#6694,.F.);
#6694 = EDGE_CURVE('',#2219,#6695,#6697,.T.);
#6695 = VERTEX_POINT('',#6696);
#6696 = CARTESIAN_POINT('',(5.6,6.8,1.8));
#6697 = LINE('',#6698,#6699);
#6698 = CARTESIAN_POINT('',(5.6,6.8,1.));
#6699 = VECTOR('',#6700,1.);
#6700 = DIRECTION('',(0.,0.,1.));
#6701 = ORIENTED_EDGE('',*,*,#2218,.T.);
#6702 = ORIENTED_EDGE('',*,*,#6703,.T.);
#6703 = EDGE_CURVE('',#2221,#6704,#6706,.T.);
#6704 = VERTEX_POINT('',#6705);
#6705 = CARTESIAN_POINT('',(5.6,7.6,1.8));
#6706 = LINE('',#6707,#6708);
#6707 = CARTESIAN_POINT('',(5.6,7.6,1.));
#6708 = VECTOR('',#6709,1.);
#6709 = DIRECTION('',(0.,0.,1.));
#6710 = ORIENTED_EDGE('',*,*,#6711,.F.);
#6711 = EDGE_CURVE('',#6695,#6704,#6712,.T.);
#6712 = LINE('',#6713,#6714);
#6713 = CARTESIAN_POINT('',(5.6,6.8,1.8));
#6714 = VECTOR('',#6715,1.);
#6715 = DIRECTION('',(0.,1.,0.));
#6716 = PLANE('',#6717);
#6717 = AXIS2_PLACEMENT_3D('',#6718,#6719,#6720);
#6718 = CARTESIAN_POINT('',(5.6,6.8,1.));
#6719 = DIRECTION('',(1.,0.,0.));
#6720 = DIRECTION('',(0.,0.,1.));
#6721 = ADVANCED_FACE('',(#6722),#6740,.F.);
#6722 = FACE_BOUND('',#6723,.F.);
#6723 = EDGE_LOOP('',(#6724,#6725,#6726,#6734));
#6724 = ORIENTED_EDGE('',*,*,#2244,.F.);
#6725 = ORIENTED_EDGE('',*,*,#6694,.T.);
#6726 = ORIENTED_EDGE('',*,*,#6727,.T.);
#6727 = EDGE_CURVE('',#6695,#6728,#6730,.T.);
#6728 = VERTEX_POINT('',#6729);
#6729 = CARTESIAN_POINT('',(7.2,6.8,1.8));
#6730 = LINE('',#6731,#6732);
#6731 = CARTESIAN_POINT('',(5.6,6.8,1.8));
#6732 = VECTOR('',#6733,1.);
#6733 = DIRECTION('',(1.,0.,0.));
#6734 = ORIENTED_EDGE('',*,*,#6735,.F.);
#6735 = EDGE_CURVE('',#2237,#6728,#6736,.T.);
#6736 = LINE('',#6737,#6738);
#6737 = CARTESIAN_POINT('',(7.2,6.8,1.));
#6738 = VECTOR('',#6739,1.);
#6739 = DIRECTION('',(0.,0.,1.));
#6740 = PLANE('',#6741);
#6741 = AXIS2_PLACEMENT_3D('',#6742,#6743,#6744);
#6742 = CARTESIAN_POINT('',(5.6,6.8,1.));
#6743 = DIRECTION('',(0.,1.,0.));
#6744 = DIRECTION('',(0.,-0.,1.));
#6745 = ADVANCED_FACE('',(#6746),#6764,.T.);
#6746 = FACE_BOUND('',#6747,.T.);
#6747 = EDGE_LOOP('',(#6748,#6749,#6750,#6758));
#6748 = ORIENTED_EDGE('',*,*,#6735,.F.);
#6749 = ORIENTED_EDGE('',*,*,#2236,.T.);
#6750 = ORIENTED_EDGE('',*,*,#6751,.T.);
#6751 = EDGE_CURVE('',#2229,#6752,#6754,.T.);
#6752 = VERTEX_POINT('',#6753);
#6753 = CARTESIAN_POINT('',(7.2,7.6,1.8));
#6754 = LINE('',#6755,#6756);
#6755 = CARTESIAN_POINT('',(7.2,7.6,1.));
#6756 = VECTOR('',#6757,1.);
#6757 = DIRECTION('',(0.,0.,1.));
#6758 = ORIENTED_EDGE('',*,*,#6759,.F.);
#6759 = EDGE_CURVE('',#6728,#6752,#6760,.T.);
#6760 = LINE('',#6761,#6762);
#6761 = CARTESIAN_POINT('',(7.2,6.8,1.8));
#6762 = VECTOR('',#6763,1.);
#6763 = DIRECTION('',(0.,1.,0.));
#6764 = PLANE('',#6765);
#6765 = AXIS2_PLACEMENT_3D('',#6766,#6767,#6768);
#6766 = CARTESIAN_POINT('',(7.2,6.8,1.));
#6767 = DIRECTION('',(1.,0.,0.));
#6768 = DIRECTION('',(0.,0.,1.));
#6769 = ADVANCED_FACE('',(#6770),#6781,.T.);
#6770 = FACE_BOUND('',#6771,.T.);
#6771 = EDGE_LOOP('',(#6772,#6773,#6774,#6780));
#6772 = ORIENTED_EDGE('',*,*,#2228,.F.);
#6773 = ORIENTED_EDGE('',*,*,#6703,.T.);
#6774 = ORIENTED_EDGE('',*,*,#6775,.T.);
#6775 = EDGE_CURVE('',#6704,#6752,#6776,.T.);
#6776 = LINE('',#6777,#6778);
#6777 = CARTESIAN_POINT('',(5.6,7.6,1.8));
#6778 = VECTOR('',#6779,1.);
#6779 = DIRECTION('',(1.,0.,0.));
#6780 = ORIENTED_EDGE('',*,*,#6751,.F.);
#6781 = PLANE('',#6782);
#6782 = AXIS2_PLACEMENT_3D('',#6783,#6784,#6785);
#6783 = CARTESIAN_POINT('',(5.6,7.6,1.));
#6784 = DIRECTION('',(0.,1.,0.));
#6785 = DIRECTION('',(0.,-0.,1.));
#6786 = ADVANCED_FACE('',(#6787),#6812,.F.);
#6787 = FACE_BOUND('',#6788,.F.);
#6788 = EDGE_LOOP('',(#6789,#6797,#6798,#6806));
#6789 = ORIENTED_EDGE('',*,*,#6790,.F.);
#6790 = EDGE_CURVE('',#2253,#6791,#6793,.T.);
#6791 = VERTEX_POINT('',#6792);
#6792 = CARTESIAN_POINT('',(4.15,15.85,1.75));
#6793 = LINE('',#6794,#6795);
#6794 = CARTESIAN_POINT('',(4.15,15.85,1.));
#6795 = VECTOR('',#6796,1.);
#6796 = DIRECTION('',(0.,0.,1.));
#6797 = ORIENTED_EDGE('',*,*,#2252,.T.);
#6798 = ORIENTED_EDGE('',*,*,#6799,.T.);
#6799 = EDGE_CURVE('',#2255,#6800,#6802,.T.);
#6800 = VERTEX_POINT('',#6801);
#6801 = CARTESIAN_POINT('',(4.15,13.35,1.75));
#6802 = LINE('',#6803,#6804);
#6803 = CARTESIAN_POINT('',(4.15,13.35,1.));
#6804 = VECTOR('',#6805,1.);
#6805 = DIRECTION('',(0.,0.,1.));
#6806 = ORIENTED_EDGE('',*,*,#6807,.F.);
#6807 = EDGE_CURVE('',#6791,#6800,#6808,.T.);
#6808 = LINE('',#6809,#6810);
#6809 = CARTESIAN_POINT('',(4.15,15.85,1.75));
#6810 = VECTOR('',#6811,1.);
#6811 = DIRECTION('',(0.,-1.,0.));
#6812 = PLANE('',#6813);
#6813 = AXIS2_PLACEMENT_3D('',#6814,#6815,#6816);
#6814 = CARTESIAN_POINT('',(4.15,15.85,1.));
#6815 = DIRECTION('',(-1.,0.,0.));
#6816 = DIRECTION('',(0.,0.,1.));
#6817 = ADVANCED_FACE('',(#6818),#6836,.F.);
#6818 = FACE_BOUND('',#6819,.F.);
#6819 = EDGE_LOOP('',(#6820,#6821,#6822,#6830));
#6820 = ORIENTED_EDGE('',*,*,#2278,.F.);
#6821 = ORIENTED_EDGE('',*,*,#6790,.T.);
#6822 = ORIENTED_EDGE('',*,*,#6823,.T.);
#6823 = EDGE_CURVE('',#6791,#6824,#6826,.T.);
#6824 = VERTEX_POINT('',#6825);
#6825 = CARTESIAN_POINT('',(1.65,15.85,1.75));
#6826 = LINE('',#6827,#6828);
#6827 = CARTESIAN_POINT('',(4.15,15.85,1.75));
#6828 = VECTOR('',#6829,1.);
#6829 = DIRECTION('',(-1.,0.,0.));
#6830 = ORIENTED_EDGE('',*,*,#6831,.F.);
#6831 = EDGE_CURVE('',#2271,#6824,#6832,.T.);
#6832 = LINE('',#6833,#6834);
#6833 = CARTESIAN_POINT('',(1.65,15.85,1.));
#6834 = VECTOR('',#6835,1.);
#6835 = DIRECTION('',(0.,0.,1.));
#6836 = PLANE('',#6837);
#6837 = AXIS2_PLACEMENT_3D('',#6838,#6839,#6840);
#6838 = CARTESIAN_POINT('',(4.15,15.85,1.));
#6839 = DIRECTION('',(0.,-1.,0.));
#6840 = DIRECTION('',(0.,0.,1.));
#6841 = ADVANCED_FACE('',(#6842),#6860,.T.);
#6842 = FACE_BOUND('',#6843,.T.);
#6843 = EDGE_LOOP('',(#6844,#6845,#6846,#6854));
#6844 = ORIENTED_EDGE('',*,*,#6831,.F.);
#6845 = ORIENTED_EDGE('',*,*,#2270,.T.);
#6846 = ORIENTED_EDGE('',*,*,#6847,.T.);
#6847 = EDGE_CURVE('',#2263,#6848,#6850,.T.);
#6848 = VERTEX_POINT('',#6849);
#6849 = CARTESIAN_POINT('',(1.65,13.35,1.75));
#6850 = LINE('',#6851,#6852);
#6851 = CARTESIAN_POINT('',(1.65,13.35,1.));
#6852 = VECTOR('',#6853,1.);
#6853 = DIRECTION('',(0.,0.,1.));
#6854 = ORIENTED_EDGE('',*,*,#6855,.F.);
#6855 = EDGE_CURVE('',#6824,#6848,#6856,.T.);
#6856 = LINE('',#6857,#6858);
#6857 = CARTESIAN_POINT('',(1.65,15.85,1.75));
#6858 = VECTOR('',#6859,1.);
#6859 = DIRECTION('',(0.,-1.,0.));
#6860 = PLANE('',#6861);
#6861 = AXIS2_PLACEMENT_3D('',#6862,#6863,#6864);
#6862 = CARTESIAN_POINT('',(1.65,15.85,1.));
#6863 = DIRECTION('',(-1.,0.,0.));
#6864 = DIRECTION('',(0.,0.,1.));
#6865 = ADVANCED_FACE('',(#6866),#6877,.T.);
#6866 = FACE_BOUND('',#6867,.T.);
#6867 = EDGE_LOOP('',(#6868,#6869,#6870,#6876));
#6868 = ORIENTED_EDGE('',*,*,#2262,.F.);
#6869 = ORIENTED_EDGE('',*,*,#6799,.T.);
#6870 = ORIENTED_EDGE('',*,*,#6871,.T.);
#6871 = EDGE_CURVE('',#6800,#6848,#6872,.T.);
#6872 = LINE('',#6873,#6874);
#6873 = CARTESIAN_POINT('',(4.15,13.35,1.75));
#6874 = VECTOR('',#6875,1.);
#6875 = DIRECTION('',(-1.,0.,0.));
#6876 = ORIENTED_EDGE('',*,*,#6847,.F.);
#6877 = PLANE('',#6878);
#6878 = AXIS2_PLACEMENT_3D('',#6879,#6880,#6881);
#6879 = CARTESIAN_POINT('',(4.15,13.35,1.));
#6880 = DIRECTION('',(0.,-1.,0.));
#6881 = DIRECTION('',(0.,0.,1.));
#6882 = ADVANCED_FACE('',(#6883),#6908,.F.);
#6883 = FACE_BOUND('',#6884,.F.);
#6884 = EDGE_LOOP('',(#6885,#6893,#6894,#6902));
#6885 = ORIENTED_EDGE('',*,*,#6886,.F.);
#6886 = EDGE_CURVE('',#2287,#6887,#6889,.T.);
#6887 = VERTEX_POINT('',#6888);
#6888 = CARTESIAN_POINT('',(1.9,16.475,2.25));
#6889 = LINE('',#6890,#6891);
#6890 = CARTESIAN_POINT('',(1.9,16.475,1.));
#6891 = VECTOR('',#6892,1.);
#6892 = DIRECTION('',(0.,0.,1.));
#6893 = ORIENTED_EDGE('',*,*,#2286,.T.);
#6894 = ORIENTED_EDGE('',*,*,#6895,.T.);
#6895 = EDGE_CURVE('',#2289,#6896,#6898,.T.);
#6896 = VERTEX_POINT('',#6897);
#6897 = CARTESIAN_POINT('',(1.9,17.725,2.25));
#6898 = LINE('',#6899,#6900);
#6899 = CARTESIAN_POINT('',(1.9,17.725,1.));
#6900 = VECTOR('',#6901,1.);
#6901 = DIRECTION('',(0.,0.,1.));
#6902 = ORIENTED_EDGE('',*,*,#6903,.F.);
#6903 = EDGE_CURVE('',#6887,#6896,#6904,.T.);
#6904 = LINE('',#6905,#6906);
#6905 = CARTESIAN_POINT('',(1.9,16.475,2.25));
#6906 = VECTOR('',#6907,1.);
#6907 = DIRECTION('',(0.,1.,0.));
#6908 = PLANE('',#6909);
#6909 = AXIS2_PLACEMENT_3D('',#6910,#6911,#6912);
#6910 = CARTESIAN_POINT('',(1.9,16.475,1.));
#6911 = DIRECTION('',(1.,0.,0.));
#6912 = DIRECTION('',(0.,0.,1.));
#6913 = ADVANCED_FACE('',(#6914),#6932,.F.);
#6914 = FACE_BOUND('',#6915,.F.);
#6915 = EDGE_LOOP('',(#6916,#6917,#6918,#6926));
#6916 = ORIENTED_EDGE('',*,*,#2312,.F.);
#6917 = ORIENTED_EDGE('',*,*,#6886,.T.);
#6918 = ORIENTED_EDGE('',*,*,#6919,.T.);
#6919 = EDGE_CURVE('',#6887,#6920,#6922,.T.);
#6920 = VERTEX_POINT('',#6921);
#6921 = CARTESIAN_POINT('',(3.9,16.475,2.25));
#6922 = LINE('',#6923,#6924);
#6923 = CARTESIAN_POINT('',(1.9,16.475,2.25));
#6924 = VECTOR('',#6925,1.);
#6925 = DIRECTION('',(1.,0.,0.));
#6926 = ORIENTED_EDGE('',*,*,#6927,.F.);
#6927 = EDGE_CURVE('',#2305,#6920,#6928,.T.);
#6928 = LINE('',#6929,#6930);
#6929 = CARTESIAN_POINT('',(3.9,16.475,1.));
#6930 = VECTOR('',#6931,1.);
#6931 = DIRECTION('',(0.,0.,1.));
#6932 = PLANE('',#6933);
#6933 = AXIS2_PLACEMENT_3D('',#6934,#6935,#6936);
#6934 = CARTESIAN_POINT('',(1.9,16.475,1.));
#6935 = DIRECTION('',(0.,1.,0.));
#6936 = DIRECTION('',(0.,-0.,1.));
#6937 = ADVANCED_FACE('',(#6938),#6956,.T.);
#6938 = FACE_BOUND('',#6939,.T.);
#6939 = EDGE_LOOP('',(#6940,#6941,#6942,#6950));
#6940 = ORIENTED_EDGE('',*,*,#6927,.F.);
#6941 = ORIENTED_EDGE('',*,*,#2304,.T.);
#6942 = ORIENTED_EDGE('',*,*,#6943,.T.);
#6943 = EDGE_CURVE('',#2297,#6944,#6946,.T.);
#6944 = VERTEX_POINT('',#6945);
#6945 = CARTESIAN_POINT('',(3.9,17.725,2.25));
#6946 = LINE('',#6947,#6948);
#6947 = CARTESIAN_POINT('',(3.9,17.725,1.));
#6948 = VECTOR('',#6949,1.);
#6949 = DIRECTION('',(0.,0.,1.));
#6950 = ORIENTED_EDGE('',*,*,#6951,.F.);
#6951 = EDGE_CURVE('',#6920,#6944,#6952,.T.);
#6952 = LINE('',#6953,#6954);
#6953 = CARTESIAN_POINT('',(3.9,16.475,2.25));
#6954 = VECTOR('',#6955,1.);
#6955 = DIRECTION('',(0.,1.,0.));
#6956 = PLANE('',#6957);
#6957 = AXIS2_PLACEMENT_3D('',#6958,#6959,#6960);
#6958 = CARTESIAN_POINT('',(3.9,16.475,1.));
#6959 = DIRECTION('',(1.,0.,0.));
#6960 = DIRECTION('',(0.,0.,1.));
#6961 = ADVANCED_FACE('',(#6962),#6973,.T.);
#6962 = FACE_BOUND('',#6963,.T.);
#6963 = EDGE_LOOP('',(#6964,#6965,#6966,#6972));
#6964 = ORIENTED_EDGE('',*,*,#2296,.F.);
#6965 = ORIENTED_EDGE('',*,*,#6895,.T.);
#6966 = ORIENTED_EDGE('',*,*,#6967,.T.);
#6967 = EDGE_CURVE('',#6896,#6944,#6968,.T.);
#6968 = LINE('',#6969,#6970);
#6969 = CARTESIAN_POINT('',(1.9,17.725,2.25));
#6970 = VECTOR('',#6971,1.);
#6971 = DIRECTION('',(1.,0.,0.));
#6972 = ORIENTED_EDGE('',*,*,#6943,.F.);
#6973 = PLANE('',#6974);
#6974 = AXIS2_PLACEMENT_3D('',#6975,#6976,#6977);
#6975 = CARTESIAN_POINT('',(1.9,17.725,1.));
#6976 = DIRECTION('',(0.,1.,0.));
#6977 = DIRECTION('',(0.,-0.,1.));
#6978 = ADVANCED_FACE('',(#6979),#7004,.F.);
#6979 = FACE_BOUND('',#6980,.F.);
#6980 = EDGE_LOOP('',(#6981,#6989,#6990,#6998));
#6981 = ORIENTED_EDGE('',*,*,#6982,.F.);
#6982 = EDGE_CURVE('',#2321,#6983,#6985,.T.);
#6983 = VERTEX_POINT('',#6984);
#6984 = CARTESIAN_POINT('',(5.,13.35,2.2));
#6985 = LINE('',#6986,#6987);
#6986 = CARTESIAN_POINT('',(5.,13.35,1.));
#6987 = VECTOR('',#6988,1.);
#6988 = DIRECTION('',(0.,0.,1.));
#6989 = ORIENTED_EDGE('',*,*,#2320,.T.);
#6990 = ORIENTED_EDGE('',*,*,#6991,.T.);
#6991 = EDGE_CURVE('',#2323,#6992,#6994,.T.);
#6992 = VERTEX_POINT('',#6993);
#6993 = CARTESIAN_POINT('',(5.,15.85,2.2));
#6994 = LINE('',#6995,#6996);
#6995 = CARTESIAN_POINT('',(5.,15.85,1.));
#6996 = VECTOR('',#6997,1.);
#6997 = DIRECTION('',(0.,0.,1.));
#6998 = ORIENTED_EDGE('',*,*,#6999,.F.);
#6999 = EDGE_CURVE('',#6983,#6992,#7000,.T.);
#7000 = LINE('',#7001,#7002);
#7001 = CARTESIAN_POINT('',(5.,13.35,2.2));
#7002 = VECTOR('',#7003,1.);
#7003 = DIRECTION('',(0.,1.,0.));
#7004 = PLANE('',#7005);
#7005 = AXIS2_PLACEMENT_3D('',#7006,#7007,#7008);
#7006 = CARTESIAN_POINT('',(5.,13.35,1.));
#7007 = DIRECTION('',(1.,0.,0.));
#7008 = DIRECTION('',(0.,0.,1.));
#7009 = ADVANCED_FACE('',(#7010),#7028,.F.);
#7010 = FACE_BOUND('',#7011,.F.);
#7011 = EDGE_LOOP('',(#7012,#7013,#7014,#7022));
#7012 = ORIENTED_EDGE('',*,*,#2346,.F.);
#7013 = ORIENTED_EDGE('',*,*,#6982,.T.);
#7014 = ORIENTED_EDGE('',*,*,#7015,.T.);
#7015 = EDGE_CURVE('',#6983,#7016,#7018,.T.);
#7016 = VERTEX_POINT('',#7017);
#7017 = CARTESIAN_POINT('',(7.,13.35,2.2));
#7018 = LINE('',#7019,#7020);
#7019 = CARTESIAN_POINT('',(5.,13.35,2.2));
#7020 = VECTOR('',#7021,1.);
#7021 = DIRECTION('',(1.,0.,0.));
#7022 = ORIENTED_EDGE('',*,*,#7023,.F.);
#7023 = EDGE_CURVE('',#2339,#7016,#7024,.T.);
#7024 = LINE('',#7025,#7026);
#7025 = CARTESIAN_POINT('',(7.,13.35,1.));
#7026 = VECTOR('',#7027,1.);
#7027 = DIRECTION('',(0.,0.,1.));
#7028 = PLANE('',#7029);
#7029 = AXIS2_PLACEMENT_3D('',#7030,#7031,#7032);
#7030 = CARTESIAN_POINT('',(5.,13.35,1.));
#7031 = DIRECTION('',(0.,1.,0.));
#7032 = DIRECTION('',(0.,-0.,1.));
#7033 = ADVANCED_FACE('',(#7034),#7052,.T.);
#7034 = FACE_BOUND('',#7035,.T.);
#7035 = EDGE_LOOP('',(#7036,#7037,#7038,#7046));
#7036 = ORIENTED_EDGE('',*,*,#7023,.F.);
#7037 = ORIENTED_EDGE('',*,*,#2338,.T.);
#7038 = ORIENTED_EDGE('',*,*,#7039,.T.);
#7039 = EDGE_CURVE('',#2331,#7040,#7042,.T.);
#7040 = VERTEX_POINT('',#7041);
#7041 = CARTESIAN_POINT('',(7.,15.85,2.2));
#7042 = LINE('',#7043,#7044);
#7043 = CARTESIAN_POINT('',(7.,15.85,1.));
#7044 = VECTOR('',#7045,1.);
#7045 = DIRECTION('',(0.,0.,1.));
#7046 = ORIENTED_EDGE('',*,*,#7047,.F.);
#7047 = EDGE_CURVE('',#7016,#7040,#7048,.T.);
#7048 = LINE('',#7049,#7050);
#7049 = CARTESIAN_POINT('',(7.,13.35,2.2));
#7050 = VECTOR('',#7051,1.);
#7051 = DIRECTION('',(0.,1.,0.));
#7052 = PLANE('',#7053);
#7053 = AXIS2_PLACEMENT_3D('',#7054,#7055,#7056);
#7054 = CARTESIAN_POINT('',(7.,13.35,1.));
#7055 = DIRECTION('',(1.,0.,0.));
#7056 = DIRECTION('',(0.,0.,1.));
#7057 = ADVANCED_FACE('',(#7058),#7069,.T.);
#7058 = FACE_BOUND('',#7059,.T.);
#7059 = EDGE_LOOP('',(#7060,#7061,#7062,#7068));
#7060 = ORIENTED_EDGE('',*,*,#2330,.F.);
#7061 = ORIENTED_EDGE('',*,*,#6991,.T.);
#7062 = ORIENTED_EDGE('',*,*,#7063,.T.);
#7063 = EDGE_CURVE('',#6992,#7040,#7064,.T.);
#7064 = LINE('',#7065,#7066);
#7065 = CARTESIAN_POINT('',(5.,15.85,2.2));
#7066 = VECTOR('',#7067,1.);
#7067 = DIRECTION('',(1.,0.,0.));
#7068 = ORIENTED_EDGE('',*,*,#7039,.F.);
#7069 = PLANE('',#7070);
#7070 = AXIS2_PLACEMENT_3D('',#7071,#7072,#7073);
#7071 = CARTESIAN_POINT('',(5.,15.85,1.));
#7072 = DIRECTION('',(0.,1.,0.));
#7073 = DIRECTION('',(0.,-0.,1.));
#7074 = ADVANCED_FACE('',(#7075),#7100,.F.);
#7075 = FACE_BOUND('',#7076,.F.);
#7076 = EDGE_LOOP('',(#7077,#7085,#7086,#7094));
#7077 = ORIENTED_EDGE('',*,*,#7078,.F.);
#7078 = EDGE_CURVE('',#2355,#7079,#7081,.T.);
#7079 = VERTEX_POINT('',#7080);
#7080 = CARTESIAN_POINT('',(5.175,17.55,1.95));
#7081 = LINE('',#7082,#7083);
#7082 = CARTESIAN_POINT('',(5.175,17.55,1.));
#7083 = VECTOR('',#7084,1.);
#7084 = DIRECTION('',(0.,0.,1.));
#7085 = ORIENTED_EDGE('',*,*,#2354,.T.);
#7086 = ORIENTED_EDGE('',*,*,#7087,.T.);
#7087 = EDGE_CURVE('',#2357,#7088,#7090,.T.);
#7088 = VERTEX_POINT('',#7089);
#7089 = CARTESIAN_POINT('',(5.175,20.25,1.95));
#7090 = LINE('',#7091,#7092);
#7091 = CARTESIAN_POINT('',(5.175,20.25,1.));
#7092 = VECTOR('',#7093,1.);
#7093 = DIRECTION('',(0.,0.,1.));
#7094 = ORIENTED_EDGE('',*,*,#7095,.F.);
#7095 = EDGE_CURVE('',#7079,#7088,#7096,.T.);
#7096 = LINE('',#7097,#7098);
#7097 = CARTESIAN_POINT('',(5.175,17.55,1.95));
#7098 = VECTOR('',#7099,1.);
#7099 = DIRECTION('',(0.,1.,0.));
#7100 = PLANE('',#7101);
#7101 = AXIS2_PLACEMENT_3D('',#7102,#7103,#7104);
#7102 = CARTESIAN_POINT('',(5.175,17.55,1.));
#7103 = DIRECTION('',(1.,0.,0.));
#7104 = DIRECTION('',(0.,0.,1.));
#7105 = ADVANCED_FACE('',(#7106),#7163,.F.);
#7106 = FACE_BOUND('',#7107,.F.);
#7107 = EDGE_LOOP('',(#7108,#7109,#7110,#7118,#7124,#7125,#7133,#7141,
    #7149,#7157));
#7108 = ORIENTED_EDGE('',*,*,#2444,.F.);
#7109 = ORIENTED_EDGE('',*,*,#7078,.T.);
#7110 = ORIENTED_EDGE('',*,*,#7111,.T.);
#7111 = EDGE_CURVE('',#7079,#7112,#7114,.T.);
#7112 = VERTEX_POINT('',#7113);
#7113 = CARTESIAN_POINT('',(6.825,17.55,1.95));
#7114 = LINE('',#7115,#7116);
#7115 = CARTESIAN_POINT('',(5.175,17.55,1.95));
#7116 = VECTOR('',#7117,1.);
#7117 = DIRECTION('',(1.,0.,0.));
#7118 = ORIENTED_EDGE('',*,*,#7119,.F.);
#7119 = EDGE_CURVE('',#2405,#7112,#7120,.T.);
#7120 = LINE('',#7121,#7122);
#7121 = CARTESIAN_POINT('',(6.825,17.55,1.));
#7122 = VECTOR('',#7123,1.);
#7123 = DIRECTION('',(0.,0.,1.));
#7124 = ORIENTED_EDGE('',*,*,#2412,.F.);
#7125 = ORIENTED_EDGE('',*,*,#7126,.F.);
#7126 = EDGE_CURVE('',#7127,#2413,#7129,.T.);
#7127 = VERTEX_POINT('',#7128);
#7128 = CARTESIAN_POINT('',(6.45,17.55,1.075));
#7129 = LINE('',#7130,#7131);
#7130 = CARTESIAN_POINT('',(6.45,17.55,1.075));
#7131 = VECTOR('',#7132,1.);
#7132 = DIRECTION('',(3.3E-16,1.1E-16,-1.));
#7133 = ORIENTED_EDGE('',*,*,#7134,.F.);
#7134 = EDGE_CURVE('',#7135,#7127,#7137,.T.);
#7135 = VERTEX_POINT('',#7136);
#7136 = CARTESIAN_POINT('',(6.45,17.55,1.15));
#7137 = LINE('',#7138,#7139);
#7138 = CARTESIAN_POINT('',(6.45,17.55,1.050480769231));
#7139 = VECTOR('',#7140,1.);
#7140 = DIRECTION('',(1.1E-16,0.,-1.));
#7141 = ORIENTED_EDGE('',*,*,#7142,.F.);
#7142 = EDGE_CURVE('',#7143,#7135,#7145,.T.);
#7143 = VERTEX_POINT('',#7144);
#7144 = CARTESIAN_POINT('',(5.55,17.55,1.15));
#7145 = LINE('',#7146,#7147);
#7146 = CARTESIAN_POINT('',(5.3625,17.55,1.15));
#7147 = VECTOR('',#7148,1.);
#7148 = DIRECTION('',(1.,0.,3.9E-16));
#7149 = ORIENTED_EDGE('',*,*,#7150,.T.);
#7150 = EDGE_CURVE('',#7143,#7151,#7153,.T.);
#7151 = VERTEX_POINT('',#7152);
#7152 = CARTESIAN_POINT('',(5.55,17.55,1.075));
#7153 = LINE('',#7154,#7155);
#7154 = CARTESIAN_POINT('',(5.55,17.55,1.050480769231));
#7155 = VECTOR('',#7156,1.);
#7156 = DIRECTION('',(1.1E-16,0.,-1.));
#7157 = ORIENTED_EDGE('',*,*,#7158,.T.);
#7158 = EDGE_CURVE('',#7151,#2437,#7159,.T.);
#7159 = LINE('',#7160,#7161);
#7160 = CARTESIAN_POINT('',(5.55,17.55,1.075));
#7161 = VECTOR('',#7162,1.);
#7162 = DIRECTION('',(3.3E-16,1.1E-16,-1.));
#7163 = PLANE('',#7164);
#7164 = AXIS2_PLACEMENT_3D('',#7165,#7166,#7167);
#7165 = CARTESIAN_POINT('',(5.175,17.55,1.));
#7166 = DIRECTION('',(0.,1.,0.));
#7167 = DIRECTION('',(0.,-0.,1.));
#7168 = ADVANCED_FACE('',(#7169),#7188,.F.);
#7169 = FACE_BOUND('',#7170,.F.);
#7170 = EDGE_LOOP('',(#7171,#7179,#7185,#7186,#7187));
#7171 = ORIENTED_EDGE('',*,*,#7172,.F.);
#7172 = EDGE_CURVE('',#7173,#7143,#7175,.T.);
#7173 = VERTEX_POINT('',#7174);
#7174 = CARTESIAN_POINT('',(5.55,17.1,1.15));
#7175 = LINE('',#7176,#7177);
#7176 = CARTESIAN_POINT('',(5.55,17.1,1.15));
#7177 = VECTOR('',#7178,1.);
#7178 = DIRECTION('',(-2.2E-16,1.,-3.3E-16));
#7179 = ORIENTED_EDGE('',*,*,#7180,.F.);
#7180 = EDGE_CURVE('',#2429,#7173,#7181,.T.);
#7181 = LINE('',#7182,#7183);
#7182 = CARTESIAN_POINT('',(5.55,17.1,1.));
#7183 = VECTOR('',#7184,1.);
#7184 = DIRECTION('',(-3.3E-16,1.37E-15,1.));
#7185 = ORIENTED_EDGE('',*,*,#2436,.T.);
#7186 = ORIENTED_EDGE('',*,*,#7158,.F.);
#7187 = ORIENTED_EDGE('',*,*,#7150,.F.);
#7188 = PLANE('',#7189);
#7189 = AXIS2_PLACEMENT_3D('',#7190,#7191,#7192);
#7190 = CARTESIAN_POINT('',(5.55,17.974038461538,1.100961538462));
#7191 = DIRECTION('',(1.,-4.4E-16,1.1E-16));
#7192 = DIRECTION('',(-1.1E-16,-1.1E-16,1.));
#7193 = ADVANCED_FACE('',(#7194),#7212,.T.);
#7194 = FACE_BOUND('',#7195,.T.);
#7195 = EDGE_LOOP('',(#7196,#7197,#7205,#7211));
#7196 = ORIENTED_EDGE('',*,*,#2428,.T.);
#7197 = ORIENTED_EDGE('',*,*,#7198,.T.);
#7198 = EDGE_CURVE('',#2421,#7199,#7201,.T.);
#7199 = VERTEX_POINT('',#7200);
#7200 = CARTESIAN_POINT('',(6.45,17.1,1.15));
#7201 = LINE('',#7202,#7203);
#7202 = CARTESIAN_POINT('',(6.45,17.1,1.));
#7203 = VECTOR('',#7204,1.);
#7204 = DIRECTION('',(-3.3E-16,1.37E-15,1.));
#7205 = ORIENTED_EDGE('',*,*,#7206,.F.);
#7206 = EDGE_CURVE('',#7173,#7199,#7207,.T.);
#7207 = LINE('',#7208,#7209);
#7208 = CARTESIAN_POINT('',(5.55,17.1,1.15));
#7209 = VECTOR('',#7210,1.);
#7210 = DIRECTION('',(1.,-4.4E-16,3.9E-16));
#7211 = ORIENTED_EDGE('',*,*,#7180,.F.);
#7212 = PLANE('',#7213);
#7213 = AXIS2_PLACEMENT_3D('',#7214,#7215,#7216);
#7214 = CARTESIAN_POINT('',(5.55,17.1,1.));
#7215 = DIRECTION('',(-4.4E-16,-1.,1.81E-15));
#7216 = DIRECTION('',(-5.6E-16,1.81E-15,1.));
#7217 = ADVANCED_FACE('',(#7218),#7230,.T.);
#7218 = FACE_BOUND('',#7219,.T.);
#7219 = EDGE_LOOP('',(#7220,#7226,#7227,#7228,#7229));
#7220 = ORIENTED_EDGE('',*,*,#7221,.F.);
#7221 = EDGE_CURVE('',#7199,#7135,#7222,.T.);
#7222 = LINE('',#7223,#7224);
#7223 = CARTESIAN_POINT('',(6.45,17.1,1.15));
#7224 = VECTOR('',#7225,1.);
#7225 = DIRECTION('',(-2.2E-16,1.,-3.3E-16));
#7226 = ORIENTED_EDGE('',*,*,#7198,.F.);
#7227 = ORIENTED_EDGE('',*,*,#2420,.T.);
#7228 = ORIENTED_EDGE('',*,*,#7126,.F.);
#7229 = ORIENTED_EDGE('',*,*,#7134,.F.);
#7230 = PLANE('',#7231);
#7231 = AXIS2_PLACEMENT_3D('',#7232,#7233,#7234);
#7232 = CARTESIAN_POINT('',(6.45,17.974038461538,1.100961538462));
#7233 = DIRECTION('',(1.,-4.4E-16,1.1E-16));
#7234 = DIRECTION('',(-1.1E-16,-1.1E-16,1.));
#7235 = ADVANCED_FACE('',(#7236),#7254,.T.);
#7236 = FACE_BOUND('',#7237,.T.);
#7237 = EDGE_LOOP('',(#7238,#7239,#7240,#7248));
#7238 = ORIENTED_EDGE('',*,*,#7119,.F.);
#7239 = ORIENTED_EDGE('',*,*,#2404,.T.);
#7240 = ORIENTED_EDGE('',*,*,#7241,.T.);
#7241 = EDGE_CURVE('',#2397,#7242,#7244,.T.);
#7242 = VERTEX_POINT('',#7243);
#7243 = CARTESIAN_POINT('',(6.825,20.25,1.95));
#7244 = LINE('',#7245,#7246);
#7245 = CARTESIAN_POINT('',(6.825,20.25,1.));
#7246 = VECTOR('',#7247,1.);
#7247 = DIRECTION('',(0.,0.,1.));
#7248 = ORIENTED_EDGE('',*,*,#7249,.F.);
#7249 = EDGE_CURVE('',#7112,#7242,#7250,.T.);
#7250 = LINE('',#7251,#7252);
#7251 = CARTESIAN_POINT('',(6.825,17.55,1.95));
#7252 = VECTOR('',#7253,1.);
#7253 = DIRECTION('',(0.,1.,0.));
#7254 = PLANE('',#7255);
#7255 = AXIS2_PLACEMENT_3D('',#7256,#7257,#7258);
#7256 = CARTESIAN_POINT('',(6.825,17.55,1.));
#7257 = DIRECTION('',(1.,0.,0.));
#7258 = DIRECTION('',(0.,0.,1.));
#7259 = ADVANCED_FACE('',(#7260),#7310,.T.);
#7260 = FACE_BOUND('',#7261,.T.);
#7261 = EDGE_LOOP('',(#7262,#7263,#7264,#7270,#7271,#7272,#7280,#7288,
    #7296,#7304));
#7262 = ORIENTED_EDGE('',*,*,#2364,.F.);
#7263 = ORIENTED_EDGE('',*,*,#7087,.T.);
#7264 = ORIENTED_EDGE('',*,*,#7265,.T.);
#7265 = EDGE_CURVE('',#7088,#7242,#7266,.T.);
#7266 = LINE('',#7267,#7268);
#7267 = CARTESIAN_POINT('',(5.175,20.25,1.95));
#7268 = VECTOR('',#7269,1.);
#7269 = DIRECTION('',(1.,0.,0.));
#7270 = ORIENTED_EDGE('',*,*,#7241,.F.);
#7271 = ORIENTED_EDGE('',*,*,#2396,.F.);
#7272 = ORIENTED_EDGE('',*,*,#7273,.F.);
#7273 = EDGE_CURVE('',#7274,#2389,#7276,.T.);
#7274 = VERTEX_POINT('',#7275);
#7275 = CARTESIAN_POINT('',(6.45,20.25,1.075));
#7276 = LINE('',#7277,#7278);
#7277 = CARTESIAN_POINT('',(6.45,20.25,1.075));
#7278 = VECTOR('',#7279,1.);
#7279 = DIRECTION('',(1.E-15,6.7E-16,-1.));
#7280 = ORIENTED_EDGE('',*,*,#7281,.T.);
#7281 = EDGE_CURVE('',#7274,#7282,#7284,.T.);
#7282 = VERTEX_POINT('',#7283);
#7283 = CARTESIAN_POINT('',(6.45,20.25,1.15));
#7284 = LINE('',#7285,#7286);
#7285 = CARTESIAN_POINT('',(6.45,20.25,1.050480769231));
#7286 = VECTOR('',#7287,1.);
#7287 = DIRECTION('',(8.9E-16,0.,1.));
#7288 = ORIENTED_EDGE('',*,*,#7289,.T.);
#7289 = EDGE_CURVE('',#7282,#7290,#7292,.T.);
#7290 = VERTEX_POINT('',#7291);
#7291 = CARTESIAN_POINT('',(5.55,20.25,1.15));
#7292 = LINE('',#7293,#7294);
#7293 = CARTESIAN_POINT('',(5.3625,20.25,1.15));
#7294 = VECTOR('',#7295,1.);
#7295 = DIRECTION('',(-1.,0.,-7.2E-16));
#7296 = ORIENTED_EDGE('',*,*,#7297,.F.);
#7297 = EDGE_CURVE('',#7298,#7290,#7300,.T.);
#7298 = VERTEX_POINT('',#7299);
#7299 = CARTESIAN_POINT('',(5.55,20.25,1.075));
#7300 = LINE('',#7301,#7302);
#7301 = CARTESIAN_POINT('',(5.55,20.25,1.050480769231));
#7302 = VECTOR('',#7303,1.);
#7303 = DIRECTION('',(8.9E-16,0.,1.));
#7304 = ORIENTED_EDGE('',*,*,#7305,.T.);
#7305 = EDGE_CURVE('',#7298,#2365,#7306,.T.);
#7306 = LINE('',#7307,#7308);
#7307 = CARTESIAN_POINT('',(5.55,20.25,1.075));
#7308 = VECTOR('',#7309,1.);
#7309 = DIRECTION('',(1.E-15,6.7E-16,-1.));
#7310 = PLANE('',#7311);
#7311 = AXIS2_PLACEMENT_3D('',#7312,#7313,#7314);
#7312 = CARTESIAN_POINT('',(5.175,20.25,1.));
#7313 = DIRECTION('',(0.,1.,0.));
#7314 = DIRECTION('',(0.,-0.,1.));
#7315 = ADVANCED_FACE('',(#7316),#7335,.T.);
#7316 = FACE_BOUND('',#7317,.F.);
#7317 = EDGE_LOOP('',(#7318,#7326,#7332,#7333,#7334));
#7318 = ORIENTED_EDGE('',*,*,#7319,.F.);
#7319 = EDGE_CURVE('',#7320,#7282,#7322,.T.);
#7320 = VERTEX_POINT('',#7321);
#7321 = CARTESIAN_POINT('',(6.45,20.7,1.15));
#7322 = LINE('',#7323,#7324);
#7323 = CARTESIAN_POINT('',(6.45,20.7,1.15));
#7324 = VECTOR('',#7325,1.);
#7325 = DIRECTION('',(7.8E-16,-1.,2.2E-16));
#7326 = ORIENTED_EDGE('',*,*,#7327,.F.);
#7327 = EDGE_CURVE('',#2381,#7320,#7328,.T.);
#7328 = LINE('',#7329,#7330);
#7329 = CARTESIAN_POINT('',(6.45,20.7,1.));
#7330 = VECTOR('',#7331,1.);
#7331 = DIRECTION('',(-1.E-15,-2.15E-15,1.));
#7332 = ORIENTED_EDGE('',*,*,#2388,.T.);
#7333 = ORIENTED_EDGE('',*,*,#7273,.F.);
#7334 = ORIENTED_EDGE('',*,*,#7281,.T.);
#7335 = PLANE('',#7336);
#7336 = AXIS2_PLACEMENT_3D('',#7337,#7338,#7339);
#7337 = CARTESIAN_POINT('',(6.45,19.825961538462,1.100961538462));
#7338 = DIRECTION('',(1.,-3.3E-16,-5.6E-16));
#7339 = DIRECTION('',(-5.6E-16,2.2E-16,-1.));
#7340 = ADVANCED_FACE('',(#7341),#7359,.T.);
#7341 = FACE_BOUND('',#7342,.F.);
#7342 = EDGE_LOOP('',(#7343,#7344,#7345,#7353));
#7343 = ORIENTED_EDGE('',*,*,#2380,.T.);
#7344 = ORIENTED_EDGE('',*,*,#7327,.T.);
#7345 = ORIENTED_EDGE('',*,*,#7346,.F.);
#7346 = EDGE_CURVE('',#7347,#7320,#7349,.T.);
#7347 = VERTEX_POINT('',#7348);
#7348 = CARTESIAN_POINT('',(5.55,20.7,1.15));
#7349 = LINE('',#7350,#7351);
#7350 = CARTESIAN_POINT('',(5.55,20.7,1.15));
#7351 = VECTOR('',#7352,1.);
#7352 = DIRECTION('',(1.,-1.1E-16,-6.E-17));
#7353 = ORIENTED_EDGE('',*,*,#7354,.F.);
#7354 = EDGE_CURVE('',#2373,#7347,#7355,.T.);
#7355 = LINE('',#7356,#7357);
#7356 = CARTESIAN_POINT('',(5.55,20.7,1.));
#7357 = VECTOR('',#7358,1.);
#7358 = DIRECTION('',(-1.E-15,-2.15E-15,1.));
#7359 = PLANE('',#7360);
#7360 = AXIS2_PLACEMENT_3D('',#7361,#7362,#7363);
#7361 = CARTESIAN_POINT('',(5.55,20.7,1.));
#7362 = DIRECTION('',(-3.3E-16,1.,1.04E-15));
#7363 = DIRECTION('',(1.E-15,1.04E-15,-1.));
#7364 = ADVANCED_FACE('',(#7365),#7377,.F.);
#7365 = FACE_BOUND('',#7366,.T.);
#7366 = EDGE_LOOP('',(#7367,#7373,#7374,#7375,#7376));
#7367 = ORIENTED_EDGE('',*,*,#7368,.F.);
#7368 = EDGE_CURVE('',#7347,#7290,#7369,.T.);
#7369 = LINE('',#7370,#7371);
#7370 = CARTESIAN_POINT('',(5.55,20.7,1.15));
#7371 = VECTOR('',#7372,1.);
#7372 = DIRECTION('',(7.8E-16,-1.,2.2E-16));
#7373 = ORIENTED_EDGE('',*,*,#7354,.F.);
#7374 = ORIENTED_EDGE('',*,*,#2372,.T.);
#7375 = ORIENTED_EDGE('',*,*,#7305,.F.);
#7376 = ORIENTED_EDGE('',*,*,#7297,.T.);
#7377 = PLANE('',#7378);
#7378 = AXIS2_PLACEMENT_3D('',#7379,#7380,#7381);
#7379 = CARTESIAN_POINT('',(5.55,19.825961538462,1.100961538462));
#7380 = DIRECTION('',(1.,-3.3E-16,-5.6E-16));
#7381 = DIRECTION('',(-5.6E-16,2.2E-16,-1.));
#7382 = ADVANCED_FACE('',(#7383,#7386),#7397,.T.);
#7383 = FACE_BOUND('',#7384,.T.);
#7384 = EDGE_LOOP('',(#7385));
#7385 = ORIENTED_EDGE('',*,*,#2452,.T.);
#7386 = FACE_BOUND('',#7387,.T.);
#7387 = EDGE_LOOP('',(#7388));
#7388 = ORIENTED_EDGE('',*,*,#7389,.F.);
#7389 = EDGE_CURVE('',#7390,#7390,#7392,.T.);
#7390 = VERTEX_POINT('',#7391);
#7391 = CARTESIAN_POINT('',(4.65,23.5,1.));
#7392 = CIRCLE('',#7393,1.05);
#7393 = AXIS2_PLACEMENT_3D('',#7394,#7395,#7396);
#7394 = CARTESIAN_POINT('',(5.7,23.5,1.));
#7395 = DIRECTION('',(-2.2E-16,0.,1.));
#7396 = DIRECTION('',(-1.,2.2E-16,-2.2E-16));
#7397 = PLANE('',#7398);
#7398 = AXIS2_PLACEMENT_3D('',#7399,#7400,#7401);
#7399 = CARTESIAN_POINT('',(4.3E-16,1.14E-15,1.));
#7400 = DIRECTION('',(0.,0.,1.));
#7401 = DIRECTION('',(1.,0.,-0.));
#7402 = ADVANCED_FACE('',(#7403,#8598,#8609,#8620,#8690,#8701,#8771,
    #8841,#8877,#8913,#8983,#9053,#9123,#9159,#9195),#9206,.F.);
#7403 = FACE_BOUND('',#7404,.F.);
#7404 = EDGE_LOOP('',(#7405,#7406,#7407,#7408,#7416,#7425,#7431,#7432,
    #7440,#7449,#7457,#7466,#7472,#7473,#7481,#7490,#7496,#7497,#7498,
    #7499,#7507,#7516,#7522,#7523,#7531,#7540,#7546,#7547,#7555,#7564,
    #7572,#7581,#7587,#7588,#7596,#7605,#7611,#7612,#7620,#7629,#7635,
    #7636,#7644,#7653,#7659,#7660,#7668,#7677,#7683,#7684,#7692,#7701,
    #7709,#7718,#7724,#7725,#7733,#7742,#7748,#7749,#7757,#7766,#7772,
    #7773,#7781,#7790,#7796,#7797,#7805,#7814,#7820,#7821,#7829,#7838,
    #7846,#7855,#7861,#7862,#7870,#7879,#7885,#7886,#7894,#7903,#7909,
    #7910,#7918,#7927,#7933,#7934,#7942,#7951,#7957,#7958,#7966,#7975,
    #7983,#7992,#7998,#7999,#8007,#8016,#8022,#8023,#8031,#8040,#8046,
    #8047,#8048,#8049,#8050,#8051,#8059,#8068,#8074,#8075,#8083,#8092,
    #8098,#8099,#8107,#8116,#8124,#8133,#8139,#8140,#8148,#8157,#8163,
    #8164,#8172,#8181,#8187,#8188,#8196,#8205,#8211,#8212,#8220,#8229,
    #8235,#8236,#8244,#8253,#8261,#8270,#8276,#8277,#8285,#8294,#8300,
    #8301,#8309,#8318,#8324,#8325,#8333,#8342,#8348,#8349,#8357,#8366,
    #8372,#8373,#8381,#8390,#8398,#8407,#8413,#8414,#8422,#8431,#8437,
    #8438,#8446,#8455,#8461,#8462,#8470,#8479,#8485,#8486,#8494,#8503,
    #8509,#8510,#8518,#8527,#8535,#8544,#8550,#8551,#8559,#8568,#8574,
    #8575,#8583,#8592));
#7405 = ORIENTED_EDGE('',*,*,#2498,.F.);
#7406 = ORIENTED_EDGE('',*,*,#6136,.T.);
#7407 = ORIENTED_EDGE('',*,*,#6105,.F.);
#7408 = ORIENTED_EDGE('',*,*,#7409,.F.);
#7409 = EDGE_CURVE('',#7410,#6106,#7412,.T.);
#7410 = VERTEX_POINT('',#7411);
#7411 = CARTESIAN_POINT('',(-3.34,-23.9,0.));
#7412 = LINE('',#7413,#7414);
#7413 = CARTESIAN_POINT('',(-3.34,-23.9,0.));
#7414 = VECTOR('',#7415,1.);
#7415 = DIRECTION('',(0.,-1.,0.));
#7416 = ORIENTED_EDGE('',*,*,#7417,.F.);
#7417 = EDGE_CURVE('',#7418,#7410,#7420,.T.);
#7418 = VERTEX_POINT('',#7419);
#7419 = CARTESIAN_POINT('',(-1.74,-23.9,0.));
#7420 = CIRCLE('',#7421,0.8);
#7421 = AXIS2_PLACEMENT_3D('',#7422,#7423,#7424);
#7422 = CARTESIAN_POINT('',(-2.54,-23.9,0.));
#7423 = DIRECTION('',(0.,-0.,1.));
#7424 = DIRECTION('',(0.,1.,0.));
#7425 = ORIENTED_EDGE('',*,*,#7426,.T.);
#7426 = EDGE_CURVE('',#7418,#6032,#7427,.T.);
#7427 = LINE('',#7428,#7429);
#7428 = CARTESIAN_POINT('',(-1.74,-23.9,0.));
#7429 = VECTOR('',#7430,1.);
#7430 = DIRECTION('',(0.,-1.,0.));
#7431 = ORIENTED_EDGE('',*,*,#6029,.F.);
#7432 = ORIENTED_EDGE('',*,*,#7433,.F.);
#7433 = EDGE_CURVE('',#7434,#6030,#7436,.T.);
#7434 = VERTEX_POINT('',#7435);
#7435 = CARTESIAN_POINT('',(-0.800000000001,-23.3,0.));
#7436 = LINE('',#7437,#7438);
#7437 = CARTESIAN_POINT('',(-0.800000000001,-23.3,0.));
#7438 = VECTOR('',#7439,1.);
#7439 = DIRECTION('',(0.,-1.,0.));
#7440 = ORIENTED_EDGE('',*,*,#7441,.F.);
#7441 = EDGE_CURVE('',#7442,#7434,#7444,.T.);
#7442 = VERTEX_POINT('',#7443);
#7443 = CARTESIAN_POINT('',(-0.600000000001,-23.1,0.));
#7444 = CIRCLE('',#7445,0.2);
#7445 = AXIS2_PLACEMENT_3D('',#7446,#7447,#7448);
#7446 = CARTESIAN_POINT('',(-0.600000000001,-23.3,0.));
#7447 = DIRECTION('',(0.,-0.,1.));
#7448 = DIRECTION('',(0.,1.,0.));
#7449 = ORIENTED_EDGE('',*,*,#7450,.T.);
#7450 = EDGE_CURVE('',#7442,#7451,#7453,.T.);
#7451 = VERTEX_POINT('',#7452);
#7452 = CARTESIAN_POINT('',(0.600000000001,-23.1,0.));
#7453 = LINE('',#7454,#7455);
#7454 = CARTESIAN_POINT('',(-0.600000000001,-23.1,0.));
#7455 = VECTOR('',#7456,1.);
#7456 = DIRECTION('',(1.,0.,0.));
#7457 = ORIENTED_EDGE('',*,*,#7458,.F.);
#7458 = EDGE_CURVE('',#7459,#7451,#7461,.T.);
#7459 = VERTEX_POINT('',#7460);
#7460 = CARTESIAN_POINT('',(0.800000000001,-23.3,0.));
#7461 = CIRCLE('',#7462,0.2);
#7462 = AXIS2_PLACEMENT_3D('',#7463,#7464,#7465);
#7463 = CARTESIAN_POINT('',(0.600000000001,-23.3,0.));
#7464 = DIRECTION('',(0.,-0.,1.));
#7465 = DIRECTION('',(0.,1.,0.));
#7466 = ORIENTED_EDGE('',*,*,#7467,.T.);
#7467 = EDGE_CURVE('',#7459,#5954,#7468,.T.);
#7468 = LINE('',#7469,#7470);
#7469 = CARTESIAN_POINT('',(0.800000000001,-23.3,0.));
#7470 = VECTOR('',#7471,1.);
#7471 = DIRECTION('',(0.,-1.,0.));
#7472 = ORIENTED_EDGE('',*,*,#5951,.F.);
#7473 = ORIENTED_EDGE('',*,*,#7474,.F.);
#7474 = EDGE_CURVE('',#7475,#5952,#7477,.T.);
#7475 = VERTEX_POINT('',#7476);
#7476 = CARTESIAN_POINT('',(1.74,-23.9,0.));
#7477 = LINE('',#7478,#7479);
#7478 = CARTESIAN_POINT('',(1.74,-23.9,3.9E-16));
#7479 = VECTOR('',#7480,1.);
#7480 = DIRECTION('',(-6.7E-16,-1.,0.));
#7481 = ORIENTED_EDGE('',*,*,#7482,.T.);
#7482 = EDGE_CURVE('',#7475,#7483,#7485,.T.);
#7483 = VERTEX_POINT('',#7484);
#7484 = CARTESIAN_POINT('',(3.34,-23.9,1.E-15));
#7485 = CIRCLE('',#7486,0.8);
#7486 = AXIS2_PLACEMENT_3D('',#7487,#7488,#7489);
#7487 = CARTESIAN_POINT('',(2.54,-23.9,5.6E-16));
#7488 = DIRECTION('',(2.2E-16,0.,-1.));
#7489 = DIRECTION('',(6.7E-16,1.,1.474E-31));
#7490 = ORIENTED_EDGE('',*,*,#7491,.T.);
#7491 = EDGE_CURVE('',#7483,#5883,#7492,.T.);
#7492 = LINE('',#7493,#7494);
#7493 = CARTESIAN_POINT('',(3.34,-23.9,7.4E-16));
#7494 = VECTOR('',#7495,1.);
#7495 = DIRECTION('',(-6.7E-16,-1.,0.));
#7496 = ORIENTED_EDGE('',*,*,#5882,.F.);
#7497 = ORIENTED_EDGE('',*,*,#5857,.T.);
#7498 = ORIENTED_EDGE('',*,*,#5826,.F.);
#7499 = ORIENTED_EDGE('',*,*,#7500,.F.);
#7500 = EDGE_CURVE('',#7501,#5827,#7503,.T.);
#7501 = VERTEX_POINT('',#7502);
#7502 = CARTESIAN_POINT('',(8.89,-24.93,7.E-15));
#7503 = LINE('',#7504,#7505);
#7504 = CARTESIAN_POINT('',(8.89,-24.93,7.33E-15));
#7505 = VECTOR('',#7506,1.);
#7506 = DIRECTION('',(1.,-2.2E-16,2.2E-16));
#7507 = ORIENTED_EDGE('',*,*,#7508,.T.);
#7508 = EDGE_CURVE('',#7501,#7509,#7511,.T.);
#7509 = VERTEX_POINT('',#7510);
#7510 = CARTESIAN_POINT('',(8.89,-23.33,7.E-15));
#7511 = CIRCLE('',#7512,0.8);
#7512 = AXIS2_PLACEMENT_3D('',#7513,#7514,#7515);
#7513 = CARTESIAN_POINT('',(8.89,-24.13,7.33E-15));
#7514 = DIRECTION('',(2.2E-16,0.,-1.));
#7515 = DIRECTION('',(-1.,2.2E-16,-2.2E-16));
#7516 = ORIENTED_EDGE('',*,*,#7517,.T.);
#7517 = EDGE_CURVE('',#7509,#5753,#7518,.T.);
#7518 = LINE('',#7519,#7520);
#7519 = CARTESIAN_POINT('',(8.89,-23.33,7.33E-15));
#7520 = VECTOR('',#7521,1.);
#7521 = DIRECTION('',(1.,-2.2E-16,2.2E-16));
#7522 = ORIENTED_EDGE('',*,*,#5750,.F.);
#7523 = ORIENTED_EDGE('',*,*,#7524,.F.);
#7524 = EDGE_CURVE('',#7525,#5751,#7527,.T.);
#7525 = VERTEX_POINT('',#7526);
#7526 = CARTESIAN_POINT('',(8.89,-22.39,7.E-15));
#7527 = LINE('',#7528,#7529);
#7528 = CARTESIAN_POINT('',(8.89,-22.39,7.05E-15));
#7529 = VECTOR('',#7530,1.);
#7530 = DIRECTION('',(1.,-2.2E-16,2.2E-16));
#7531 = ORIENTED_EDGE('',*,*,#7532,.T.);
#7532 = EDGE_CURVE('',#7525,#7533,#7535,.T.);
#7533 = VERTEX_POINT('',#7534);
#7534 = CARTESIAN_POINT('',(8.89,-20.79,7.E-15));
#7535 = CIRCLE('',#7536,0.8);
#7536 = AXIS2_PLACEMENT_3D('',#7537,#7538,#7539);
#7537 = CARTESIAN_POINT('',(8.89,-21.59,7.05E-15));
#7538 = DIRECTION('',(2.2E-16,0.,-1.));
#7539 = DIRECTION('',(-1.,2.2E-16,-2.2E-16));
#7540 = ORIENTED_EDGE('',*,*,#7541,.T.);
#7541 = EDGE_CURVE('',#7533,#5677,#7542,.T.);
#7542 = LINE('',#7543,#7544);
#7543 = CARTESIAN_POINT('',(8.89,-20.79,7.05E-15));
#7544 = VECTOR('',#7545,1.);
#7545 = DIRECTION('',(1.,-2.2E-16,2.2E-16));
#7546 = ORIENTED_EDGE('',*,*,#5674,.F.);
#7547 = ORIENTED_EDGE('',*,*,#7548,.F.);
#7548 = EDGE_CURVE('',#7549,#5675,#7551,.T.);
#7549 = VERTEX_POINT('',#7550);
#7550 = CARTESIAN_POINT('',(8.29,-19.85,6.E-15));
#7551 = LINE('',#7552,#7553);
#7552 = CARTESIAN_POINT('',(8.29,-19.85,6.07E-15));
#7553 = VECTOR('',#7554,1.);
#7554 = DIRECTION('',(1.,-2.2E-16,2.2E-16));
#7555 = ORIENTED_EDGE('',*,*,#7556,.T.);
#7556 = EDGE_CURVE('',#7549,#7557,#7559,.T.);
#7557 = VERTEX_POINT('',#7558);
#7558 = CARTESIAN_POINT('',(8.09,-19.65,6.E-15));
#7559 = CIRCLE('',#7560,0.2);
#7560 = AXIS2_PLACEMENT_3D('',#7561,#7562,#7563);
#7561 = CARTESIAN_POINT('',(8.29,-19.65,6.07E-15));
#7562 = DIRECTION('',(2.2E-16,0.,-1.));
#7563 = DIRECTION('',(-1.,2.2E-16,-2.2E-16));
#7564 = ORIENTED_EDGE('',*,*,#7565,.F.);
#7565 = EDGE_CURVE('',#7566,#7557,#7568,.T.);
#7566 = VERTEX_POINT('',#7567);
#7567 = CARTESIAN_POINT('',(8.09,-18.44999999999,6.E-15));
#7568 = LINE('',#7569,#7570);
#7569 = CARTESIAN_POINT('',(8.09,-18.44999999999,6.03E-15));
#7570 = VECTOR('',#7571,1.);
#7571 = DIRECTION('',(-2.2E-16,-1.,-0.));
#7572 = ORIENTED_EDGE('',*,*,#7573,.T.);
#7573 = EDGE_CURVE('',#7566,#7574,#7576,.T.);
#7574 = VERTEX_POINT('',#7575);
#7575 = CARTESIAN_POINT('',(8.29,-18.24999999999,6.E-15));
#7576 = CIRCLE('',#7577,0.2);
#7577 = AXIS2_PLACEMENT_3D('',#7578,#7579,#7580);
#7578 = CARTESIAN_POINT('',(8.29,-18.44999999999,6.07E-15));
#7579 = DIRECTION('',(2.2E-16,0.,-1.));
#7580 = DIRECTION('',(-1.,2.2E-16,-2.2E-16));
#7581 = ORIENTED_EDGE('',*,*,#7582,.T.);
#7582 = EDGE_CURVE('',#7574,#5599,#7583,.T.);
#7583 = LINE('',#7584,#7585);
#7584 = CARTESIAN_POINT('',(8.29,-18.24999999999,6.07E-15));
#7585 = VECTOR('',#7586,1.);
#7586 = DIRECTION('',(1.,-2.2E-16,2.2E-16));
#7587 = ORIENTED_EDGE('',*,*,#5596,.F.);
#7588 = ORIENTED_EDGE('',*,*,#7589,.F.);
#7589 = EDGE_CURVE('',#7590,#5597,#7592,.T.);
#7590 = VERTEX_POINT('',#7591);
#7591 = CARTESIAN_POINT('',(8.89,-17.31,6.E-15));
#7592 = LINE('',#7593,#7594);
#7593 = CARTESIAN_POINT('',(8.89,-17.31,6.49E-15));
#7594 = VECTOR('',#7595,1.);
#7595 = DIRECTION('',(1.,-2.2E-16,2.2E-16));
#7596 = ORIENTED_EDGE('',*,*,#7597,.T.);
#7597 = EDGE_CURVE('',#7590,#7598,#7600,.T.);
#7598 = VERTEX_POINT('',#7599);
#7599 = CARTESIAN_POINT('',(8.89,-15.71,6.E-15));
#7600 = CIRCLE('',#7601,0.8);
#7601 = AXIS2_PLACEMENT_3D('',#7602,#7603,#7604);
#7602 = CARTESIAN_POINT('',(8.89,-16.51,6.49E-15));
#7603 = DIRECTION('',(2.2E-16,0.,-1.));
#7604 = DIRECTION('',(-1.,2.2E-16,-2.2E-16));
#7605 = ORIENTED_EDGE('',*,*,#7606,.T.);
#7606 = EDGE_CURVE('',#7598,#5523,#7607,.T.);
#7607 = LINE('',#7608,#7609);
#7608 = CARTESIAN_POINT('',(8.89,-15.71,6.49E-15));
#7609 = VECTOR('',#7610,1.);
#7610 = DIRECTION('',(1.,-2.2E-16,2.2E-16));
#7611 = ORIENTED_EDGE('',*,*,#5520,.F.);
#7612 = ORIENTED_EDGE('',*,*,#7613,.F.);
#7613 = EDGE_CURVE('',#7614,#5521,#7616,.T.);
#7614 = VERTEX_POINT('',#7615);
#7615 = CARTESIAN_POINT('',(8.89,-14.77,6.E-15));
#7616 = LINE('',#7617,#7618);
#7617 = CARTESIAN_POINT('',(8.89,-14.77,6.2E-15));
#7618 = VECTOR('',#7619,1.);
#7619 = DIRECTION('',(1.,-2.2E-16,2.2E-16));
#7620 = ORIENTED_EDGE('',*,*,#7621,.T.);
#7621 = EDGE_CURVE('',#7614,#7622,#7624,.T.);
#7622 = VERTEX_POINT('',#7623);
#7623 = CARTESIAN_POINT('',(8.89,-13.17,6.E-15));
#7624 = CIRCLE('',#7625,0.8);
#7625 = AXIS2_PLACEMENT_3D('',#7626,#7627,#7628);
#7626 = CARTESIAN_POINT('',(8.89,-13.97,6.2E-15));
#7627 = DIRECTION('',(2.2E-16,0.,-1.));
#7628 = DIRECTION('',(-1.,2.2E-16,-2.2E-16));
#7629 = ORIENTED_EDGE('',*,*,#7630,.T.);
#7630 = EDGE_CURVE('',#7622,#5447,#7631,.T.);
#7631 = LINE('',#7632,#7633);
#7632 = CARTESIAN_POINT('',(8.89,-13.17,6.2E-15));
#7633 = VECTOR('',#7634,1.);
#7634 = DIRECTION('',(1.,-2.2E-16,2.2E-16));
#7635 = ORIENTED_EDGE('',*,*,#5444,.F.);
#7636 = ORIENTED_EDGE('',*,*,#7637,.F.);
#7637 = EDGE_CURVE('',#7638,#5445,#7640,.T.);
#7638 = VERTEX_POINT('',#7639);
#7639 = CARTESIAN_POINT('',(8.89,-12.23,6.E-15));
#7640 = LINE('',#7641,#7642);
#7641 = CARTESIAN_POINT('',(8.89,-12.23,5.92E-15));
#7642 = VECTOR('',#7643,1.);
#7643 = DIRECTION('',(1.,-2.2E-16,2.2E-16));
#7644 = ORIENTED_EDGE('',*,*,#7645,.T.);
#7645 = EDGE_CURVE('',#7638,#7646,#7648,.T.);
#7646 = VERTEX_POINT('',#7647);
#7647 = CARTESIAN_POINT('',(8.89,-10.63,6.E-15));
#7648 = CIRCLE('',#7649,0.8);
#7649 = AXIS2_PLACEMENT_3D('',#7650,#7651,#7652);
#7650 = CARTESIAN_POINT('',(8.89,-11.43,5.92E-15));
#7651 = DIRECTION('',(2.2E-16,0.,-1.));
#7652 = DIRECTION('',(-1.,2.2E-16,-2.2E-16));
#7653 = ORIENTED_EDGE('',*,*,#7654,.T.);
#7654 = EDGE_CURVE('',#7646,#5371,#7655,.T.);
#7655 = LINE('',#7656,#7657);
#7656 = CARTESIAN_POINT('',(8.89,-10.63,5.92E-15));
#7657 = VECTOR('',#7658,1.);
#7658 = DIRECTION('',(1.,-2.2E-16,2.2E-16));
#7659 = ORIENTED_EDGE('',*,*,#5368,.F.);
#7660 = ORIENTED_EDGE('',*,*,#7661,.F.);
#7661 = EDGE_CURVE('',#7662,#5369,#7664,.T.);
#7662 = VERTEX_POINT('',#7663);
#7663 = CARTESIAN_POINT('',(8.89,-9.69,6.E-15));
#7664 = LINE('',#7665,#7666);
#7665 = CARTESIAN_POINT('',(8.89,-9.69,5.64E-15));
#7666 = VECTOR('',#7667,1.);
#7667 = DIRECTION('',(1.,-2.2E-16,2.2E-16));
#7668 = ORIENTED_EDGE('',*,*,#7669,.T.);
#7669 = EDGE_CURVE('',#7662,#7670,#7672,.T.);
#7670 = VERTEX_POINT('',#7671);
#7671 = CARTESIAN_POINT('',(8.89,-8.09,6.E-15));
#7672 = CIRCLE('',#7673,0.8);
#7673 = AXIS2_PLACEMENT_3D('',#7674,#7675,#7676);
#7674 = CARTESIAN_POINT('',(8.89,-8.89,5.64E-15));
#7675 = DIRECTION('',(2.2E-16,0.,-1.));
#7676 = DIRECTION('',(-1.,2.2E-16,-2.2E-16));
#7677 = ORIENTED_EDGE('',*,*,#7678,.T.);
#7678 = EDGE_CURVE('',#7670,#5295,#7679,.T.);
#7679 = LINE('',#7680,#7681);
#7680 = CARTESIAN_POINT('',(8.89,-8.09,5.64E-15));
#7681 = VECTOR('',#7682,1.);
#7682 = DIRECTION('',(1.,-2.2E-16,2.2E-16));
#7683 = ORIENTED_EDGE('',*,*,#5292,.F.);
#7684 = ORIENTED_EDGE('',*,*,#7685,.F.);
#7685 = EDGE_CURVE('',#7686,#5293,#7688,.T.);
#7686 = VERTEX_POINT('',#7687);
#7687 = CARTESIAN_POINT('',(8.29,-7.150000000001,5.E-15));
#7688 = LINE('',#7689,#7690);
#7689 = CARTESIAN_POINT('',(8.29,-7.150000000001,4.66E-15));
#7690 = VECTOR('',#7691,1.);
#7691 = DIRECTION('',(1.,-2.2E-16,2.2E-16));
#7692 = ORIENTED_EDGE('',*,*,#7693,.T.);
#7693 = EDGE_CURVE('',#7686,#7694,#7696,.T.);
#7694 = VERTEX_POINT('',#7695);
#7695 = CARTESIAN_POINT('',(8.09,-6.950000000001,5.E-15));
#7696 = CIRCLE('',#7697,0.2);
#7697 = AXIS2_PLACEMENT_3D('',#7698,#7699,#7700);
#7698 = CARTESIAN_POINT('',(8.29,-6.950000000001,4.66E-15));
#7699 = DIRECTION('',(2.2E-16,0.,-1.));
#7700 = DIRECTION('',(-1.,2.2E-16,-2.2E-16));
#7701 = ORIENTED_EDGE('',*,*,#7702,.F.);
#7702 = EDGE_CURVE('',#7703,#7694,#7705,.T.);
#7703 = VERTEX_POINT('',#7704);
#7704 = CARTESIAN_POINT('',(8.09,-5.749999999999,5.E-15));
#7705 = LINE('',#7706,#7707);
#7706 = CARTESIAN_POINT('',(8.09,-5.749999999999,4.62E-15));
#7707 = VECTOR('',#7708,1.);
#7708 = DIRECTION('',(-2.2E-16,-1.,-0.));
#7709 = ORIENTED_EDGE('',*,*,#7710,.T.);
#7710 = EDGE_CURVE('',#7703,#7711,#7713,.T.);
#7711 = VERTEX_POINT('',#7712);
#7712 = CARTESIAN_POINT('',(8.29,-5.549999999999,5.E-15));
#7713 = CIRCLE('',#7714,0.2);
#7714 = AXIS2_PLACEMENT_3D('',#7715,#7716,#7717);
#7715 = CARTESIAN_POINT('',(8.29,-5.749999999999,4.66E-15));
#7716 = DIRECTION('',(2.2E-16,0.,-1.));
#7717 = DIRECTION('',(-1.,2.2E-16,-2.2E-16));
#7718 = ORIENTED_EDGE('',*,*,#7719,.T.);
#7719 = EDGE_CURVE('',#7711,#5217,#7720,.T.);
#7720 = LINE('',#7721,#7722);
#7721 = CARTESIAN_POINT('',(8.29,-5.549999999999,4.66E-15));
#7722 = VECTOR('',#7723,1.);
#7723 = DIRECTION('',(1.,-2.2E-16,2.2E-16));
#7724 = ORIENTED_EDGE('',*,*,#5214,.F.);
#7725 = ORIENTED_EDGE('',*,*,#7726,.F.);
#7726 = EDGE_CURVE('',#7727,#5215,#7729,.T.);
#7727 = VERTEX_POINT('',#7728);
#7728 = CARTESIAN_POINT('',(8.89,-4.61,5.E-15));
#7729 = LINE('',#7730,#7731);
#7730 = CARTESIAN_POINT('',(8.89,-4.61,5.08E-15));
#7731 = VECTOR('',#7732,1.);
#7732 = DIRECTION('',(1.,-2.2E-16,2.2E-16));
#7733 = ORIENTED_EDGE('',*,*,#7734,.T.);
#7734 = EDGE_CURVE('',#7727,#7735,#7737,.T.);
#7735 = VERTEX_POINT('',#7736);
#7736 = CARTESIAN_POINT('',(8.89,-3.01,5.E-15));
#7737 = CIRCLE('',#7738,0.8);
#7738 = AXIS2_PLACEMENT_3D('',#7739,#7740,#7741);
#7739 = CARTESIAN_POINT('',(8.89,-3.81,5.08E-15));
#7740 = DIRECTION('',(2.2E-16,0.,-1.));
#7741 = DIRECTION('',(-1.,2.2E-16,-2.2E-16));
#7742 = ORIENTED_EDGE('',*,*,#7743,.T.);
#7743 = EDGE_CURVE('',#7735,#5141,#7744,.T.);
#7744 = LINE('',#7745,#7746);
#7745 = CARTESIAN_POINT('',(8.89,-3.01,5.08E-15));
#7746 = VECTOR('',#7747,1.);
#7747 = DIRECTION('',(1.,-2.2E-16,2.2E-16));
#7748 = ORIENTED_EDGE('',*,*,#5138,.F.);
#7749 = ORIENTED_EDGE('',*,*,#7750,.F.);
#7750 = EDGE_CURVE('',#7751,#5139,#7753,.T.);
#7751 = VERTEX_POINT('',#7752);
#7752 = CARTESIAN_POINT('',(8.89,-2.07,5.E-15));
#7753 = LINE('',#7754,#7755);
#7754 = CARTESIAN_POINT('',(8.89,-2.07,4.79E-15));
#7755 = VECTOR('',#7756,1.);
#7756 = DIRECTION('',(1.,-2.2E-16,2.2E-16));
#7757 = ORIENTED_EDGE('',*,*,#7758,.T.);
#7758 = EDGE_CURVE('',#7751,#7759,#7761,.T.);
#7759 = VERTEX_POINT('',#7760);
#7760 = CARTESIAN_POINT('',(8.89,-0.47,5.E-15));
#7761 = CIRCLE('',#7762,0.8);
#7762 = AXIS2_PLACEMENT_3D('',#7763,#7764,#7765);
#7763 = CARTESIAN_POINT('',(8.89,-1.27,4.79E-15));
#7764 = DIRECTION('',(2.2E-16,0.,-1.));
#7765 = DIRECTION('',(-1.,2.2E-16,-2.2E-16));
#7766 = ORIENTED_EDGE('',*,*,#7767,.T.);
#7767 = EDGE_CURVE('',#7759,#5065,#7768,.T.);
#7768 = LINE('',#7769,#7770);
#7769 = CARTESIAN_POINT('',(8.89,-0.47,4.79E-15));
#7770 = VECTOR('',#7771,1.);
#7771 = DIRECTION('',(1.,-2.2E-16,2.2E-16));
#7772 = ORIENTED_EDGE('',*,*,#5062,.F.);
#7773 = ORIENTED_EDGE('',*,*,#7774,.F.);
#7774 = EDGE_CURVE('',#7775,#5063,#7777,.T.);
#7775 = VERTEX_POINT('',#7776);
#7776 = CARTESIAN_POINT('',(8.89,0.47,5.E-15));
#7777 = LINE('',#7778,#7779);
#7778 = CARTESIAN_POINT('',(8.89,0.47,4.51E-15));
#7779 = VECTOR('',#7780,1.);
#7780 = DIRECTION('',(1.,-2.2E-16,2.2E-16));
#7781 = ORIENTED_EDGE('',*,*,#7782,.T.);
#7782 = EDGE_CURVE('',#7775,#7783,#7785,.T.);
#7783 = VERTEX_POINT('',#7784);
#7784 = CARTESIAN_POINT('',(8.89,2.07,5.E-15));
#7785 = CIRCLE('',#7786,0.8);
#7786 = AXIS2_PLACEMENT_3D('',#7787,#7788,#7789);
#7787 = CARTESIAN_POINT('',(8.89,1.27,4.51E-15));
#7788 = DIRECTION('',(2.2E-16,0.,-1.));
#7789 = DIRECTION('',(-1.,2.2E-16,-2.2E-16));
#7790 = ORIENTED_EDGE('',*,*,#7791,.T.);
#7791 = EDGE_CURVE('',#7783,#4989,#7792,.T.);
#7792 = LINE('',#7793,#7794);
#7793 = CARTESIAN_POINT('',(8.89,2.07,4.51E-15));
#7794 = VECTOR('',#7795,1.);
#7795 = DIRECTION('',(1.,-2.2E-16,2.2E-16));
#7796 = ORIENTED_EDGE('',*,*,#4986,.F.);
#7797 = ORIENTED_EDGE('',*,*,#7798,.F.);
#7798 = EDGE_CURVE('',#7799,#4987,#7801,.T.);
#7799 = VERTEX_POINT('',#7800);
#7800 = CARTESIAN_POINT('',(8.89,3.01,4.E-15));
#7801 = LINE('',#7802,#7803);
#7802 = CARTESIAN_POINT('',(8.89,3.01,4.23E-15));
#7803 = VECTOR('',#7804,1.);
#7804 = DIRECTION('',(1.,-2.2E-16,2.2E-16));
#7805 = ORIENTED_EDGE('',*,*,#7806,.T.);
#7806 = EDGE_CURVE('',#7799,#7807,#7809,.T.);
#7807 = VERTEX_POINT('',#7808);
#7808 = CARTESIAN_POINT('',(8.89,4.61,4.E-15));
#7809 = CIRCLE('',#7810,0.8);
#7810 = AXIS2_PLACEMENT_3D('',#7811,#7812,#7813);
#7811 = CARTESIAN_POINT('',(8.89,3.81,4.23E-15));
#7812 = DIRECTION('',(2.2E-16,0.,-1.));
#7813 = DIRECTION('',(-1.,2.2E-16,-2.2E-16));
#7814 = ORIENTED_EDGE('',*,*,#7815,.T.);
#7815 = EDGE_CURVE('',#7807,#4913,#7816,.T.);
#7816 = LINE('',#7817,#7818);
#7817 = CARTESIAN_POINT('',(8.89,4.61,4.23E-15));
#7818 = VECTOR('',#7819,1.);
#7819 = DIRECTION('',(1.,-2.2E-16,2.2E-16));
#7820 = ORIENTED_EDGE('',*,*,#4910,.F.);
#7821 = ORIENTED_EDGE('',*,*,#7822,.F.);
#7822 = EDGE_CURVE('',#7823,#4911,#7825,.T.);
#7823 = VERTEX_POINT('',#7824);
#7824 = CARTESIAN_POINT('',(8.29,5.549999999999,3.E-15));
#7825 = LINE('',#7826,#7827);
#7826 = CARTESIAN_POINT('',(8.29,5.549999999999,3.25E-15));
#7827 = VECTOR('',#7828,1.);
#7828 = DIRECTION('',(1.,-2.2E-16,2.2E-16));
#7829 = ORIENTED_EDGE('',*,*,#7830,.T.);
#7830 = EDGE_CURVE('',#7823,#7831,#7833,.T.);
#7831 = VERTEX_POINT('',#7832);
#7832 = CARTESIAN_POINT('',(8.09,5.749999999999,3.E-15));
#7833 = CIRCLE('',#7834,0.2);
#7834 = AXIS2_PLACEMENT_3D('',#7835,#7836,#7837);
#7835 = CARTESIAN_POINT('',(8.29,5.749999999999,3.25E-15));
#7836 = DIRECTION('',(2.2E-16,0.,-1.));
#7837 = DIRECTION('',(-1.,2.2E-16,-2.2E-16));
#7838 = ORIENTED_EDGE('',*,*,#7839,.F.);
#7839 = EDGE_CURVE('',#7840,#7831,#7842,.T.);
#7840 = VERTEX_POINT('',#7841);
#7841 = CARTESIAN_POINT('',(8.09,6.950000000001,3.E-15));
#7842 = LINE('',#7843,#7844);
#7843 = CARTESIAN_POINT('',(8.09,6.950000000001,3.21E-15));
#7844 = VECTOR('',#7845,1.);
#7845 = DIRECTION('',(-2.2E-16,-1.,-0.));
#7846 = ORIENTED_EDGE('',*,*,#7847,.T.);
#7847 = EDGE_CURVE('',#7840,#7848,#7850,.T.);
#7848 = VERTEX_POINT('',#7849);
#7849 = CARTESIAN_POINT('',(8.29,7.150000000001,3.E-15));
#7850 = CIRCLE('',#7851,0.2);
#7851 = AXIS2_PLACEMENT_3D('',#7852,#7853,#7854);
#7852 = CARTESIAN_POINT('',(8.29,6.950000000001,3.25E-15));
#7853 = DIRECTION('',(2.2E-16,0.,-1.));
#7854 = DIRECTION('',(-1.,2.2E-16,-2.2E-16));
#7855 = ORIENTED_EDGE('',*,*,#7856,.T.);
#7856 = EDGE_CURVE('',#7848,#4835,#7857,.T.);
#7857 = LINE('',#7858,#7859);
#7858 = CARTESIAN_POINT('',(8.29,7.150000000001,3.25E-15));
#7859 = VECTOR('',#7860,1.);
#7860 = DIRECTION('',(1.,-2.2E-16,2.2E-16));
#7861 = ORIENTED_EDGE('',*,*,#4832,.F.);
#7862 = ORIENTED_EDGE('',*,*,#7863,.F.);
#7863 = EDGE_CURVE('',#7864,#4833,#7866,.T.);
#7864 = VERTEX_POINT('',#7865);
#7865 = CARTESIAN_POINT('',(8.89,8.09,4.E-15));
#7866 = LINE('',#7867,#7868);
#7867 = CARTESIAN_POINT('',(8.89,8.09,3.67E-15));
#7868 = VECTOR('',#7869,1.);
#7869 = DIRECTION('',(1.,-2.2E-16,2.2E-16));
#7870 = ORIENTED_EDGE('',*,*,#7871,.T.);
#7871 = EDGE_CURVE('',#7864,#7872,#7874,.T.);
#7872 = VERTEX_POINT('',#7873);
#7873 = CARTESIAN_POINT('',(8.89,9.69,4.E-15));
#7874 = CIRCLE('',#7875,0.8);
#7875 = AXIS2_PLACEMENT_3D('',#7876,#7877,#7878);
#7876 = CARTESIAN_POINT('',(8.89,8.89,3.67E-15));
#7877 = DIRECTION('',(2.2E-16,0.,-1.));
#7878 = DIRECTION('',(-1.,2.2E-16,-2.2E-16));
#7879 = ORIENTED_EDGE('',*,*,#7880,.T.);
#7880 = EDGE_CURVE('',#7872,#4759,#7881,.T.);
#7881 = LINE('',#7882,#7883);
#7882 = CARTESIAN_POINT('',(8.89,9.69,3.67E-15));
#7883 = VECTOR('',#7884,1.);
#7884 = DIRECTION('',(1.,-2.2E-16,2.2E-16));
#7885 = ORIENTED_EDGE('',*,*,#4756,.F.);
#7886 = ORIENTED_EDGE('',*,*,#7887,.F.);
#7887 = EDGE_CURVE('',#7888,#4757,#7890,.T.);
#7888 = VERTEX_POINT('',#7889);
#7889 = CARTESIAN_POINT('',(8.89,10.63,3.E-15));
#7890 = LINE('',#7891,#7892);
#7891 = CARTESIAN_POINT('',(8.89,10.63,3.38E-15));
#7892 = VECTOR('',#7893,1.);
#7893 = DIRECTION('',(1.,-2.2E-16,2.2E-16));
#7894 = ORIENTED_EDGE('',*,*,#7895,.T.);
#7895 = EDGE_CURVE('',#7888,#7896,#7898,.T.);
#7896 = VERTEX_POINT('',#7897);
#7897 = CARTESIAN_POINT('',(8.89,12.23,3.E-15));
#7898 = CIRCLE('',#7899,0.8);
#7899 = AXIS2_PLACEMENT_3D('',#7900,#7901,#7902);
#7900 = CARTESIAN_POINT('',(8.89,11.43,3.38E-15));
#7901 = DIRECTION('',(2.2E-16,0.,-1.));
#7902 = DIRECTION('',(-1.,2.2E-16,-2.2E-16));
#7903 = ORIENTED_EDGE('',*,*,#7904,.T.);
#7904 = EDGE_CURVE('',#7896,#4683,#7905,.T.);
#7905 = LINE('',#7906,#7907);
#7906 = CARTESIAN_POINT('',(8.89,12.23,3.38E-15));
#7907 = VECTOR('',#7908,1.);
#7908 = DIRECTION('',(1.,-2.2E-16,2.2E-16));
#7909 = ORIENTED_EDGE('',*,*,#4680,.F.);
#7910 = ORIENTED_EDGE('',*,*,#7911,.F.);
#7911 = EDGE_CURVE('',#7912,#4681,#7914,.T.);
#7912 = VERTEX_POINT('',#7913);
#7913 = CARTESIAN_POINT('',(8.89,13.17,3.E-15));
#7914 = LINE('',#7915,#7916);
#7915 = CARTESIAN_POINT('',(8.89,13.17,3.1E-15));
#7916 = VECTOR('',#7917,1.);
#7917 = DIRECTION('',(1.,-2.2E-16,2.2E-16));
#7918 = ORIENTED_EDGE('',*,*,#7919,.T.);
#7919 = EDGE_CURVE('',#7912,#7920,#7922,.T.);
#7920 = VERTEX_POINT('',#7921);
#7921 = CARTESIAN_POINT('',(8.89,14.77,3.E-15));
#7922 = CIRCLE('',#7923,0.8);
#7923 = AXIS2_PLACEMENT_3D('',#7924,#7925,#7926);
#7924 = CARTESIAN_POINT('',(8.89,13.97,3.1E-15));
#7925 = DIRECTION('',(2.2E-16,0.,-1.));
#7926 = DIRECTION('',(-1.,2.2E-16,-2.2E-16));
#7927 = ORIENTED_EDGE('',*,*,#7928,.T.);
#7928 = EDGE_CURVE('',#7920,#4607,#7929,.T.);
#7929 = LINE('',#7930,#7931);
#7930 = CARTESIAN_POINT('',(8.89,14.77,3.1E-15));
#7931 = VECTOR('',#7932,1.);
#7932 = DIRECTION('',(1.,-2.2E-16,2.2E-16));
#7933 = ORIENTED_EDGE('',*,*,#4604,.F.);
#7934 = ORIENTED_EDGE('',*,*,#7935,.F.);
#7935 = EDGE_CURVE('',#7936,#4605,#7938,.T.);
#7936 = VERTEX_POINT('',#7937);
#7937 = CARTESIAN_POINT('',(8.89,15.71,3.E-15));
#7938 = LINE('',#7939,#7940);
#7939 = CARTESIAN_POINT('',(8.89,15.71,2.82E-15));
#7940 = VECTOR('',#7941,1.);
#7941 = DIRECTION('',(1.,-2.2E-16,2.2E-16));
#7942 = ORIENTED_EDGE('',*,*,#7943,.T.);
#7943 = EDGE_CURVE('',#7936,#7944,#7946,.T.);
#7944 = VERTEX_POINT('',#7945);
#7945 = CARTESIAN_POINT('',(8.89,17.31,3.E-15));
#7946 = CIRCLE('',#7947,0.8);
#7947 = AXIS2_PLACEMENT_3D('',#7948,#7949,#7950);
#7948 = CARTESIAN_POINT('',(8.89,16.51,2.82E-15));
#7949 = DIRECTION('',(2.2E-16,0.,-1.));
#7950 = DIRECTION('',(-1.,2.2E-16,-2.2E-16));
#7951 = ORIENTED_EDGE('',*,*,#7952,.T.);
#7952 = EDGE_CURVE('',#7944,#4531,#7953,.T.);
#7953 = LINE('',#7954,#7955);
#7954 = CARTESIAN_POINT('',(8.89,17.31,2.82E-15));
#7955 = VECTOR('',#7956,1.);
#7956 = DIRECTION('',(1.,-2.2E-16,2.2E-16));
#7957 = ORIENTED_EDGE('',*,*,#4528,.F.);
#7958 = ORIENTED_EDGE('',*,*,#7959,.F.);
#7959 = EDGE_CURVE('',#7960,#4529,#7962,.T.);
#7960 = VERTEX_POINT('',#7961);
#7961 = CARTESIAN_POINT('',(8.29,18.249999999999,2.E-15));
#7962 = LINE('',#7963,#7964);
#7963 = CARTESIAN_POINT('',(8.29,18.249999999999,1.84E-15));
#7964 = VECTOR('',#7965,1.);
#7965 = DIRECTION('',(1.,-2.2E-16,2.2E-16));
#7966 = ORIENTED_EDGE('',*,*,#7967,.T.);
#7967 = EDGE_CURVE('',#7960,#7968,#7970,.T.);
#7968 = VERTEX_POINT('',#7969);
#7969 = CARTESIAN_POINT('',(8.09,18.449999999999,2.E-15));
#7970 = CIRCLE('',#7971,0.2);
#7971 = AXIS2_PLACEMENT_3D('',#7972,#7973,#7974);
#7972 = CARTESIAN_POINT('',(8.29,18.449999999999,1.84E-15));
#7973 = DIRECTION('',(2.2E-16,0.,-1.));
#7974 = DIRECTION('',(-1.,2.2E-16,-2.2E-16));
#7975 = ORIENTED_EDGE('',*,*,#7976,.F.);
#7976 = EDGE_CURVE('',#7977,#7968,#7979,.T.);
#7977 = VERTEX_POINT('',#7978);
#7978 = CARTESIAN_POINT('',(8.09,19.650000000001,2.E-15));
#7979 = LINE('',#7980,#7981);
#7980 = CARTESIAN_POINT('',(8.09,19.650000000001,1.8E-15));
#7981 = VECTOR('',#7982,1.);
#7982 = DIRECTION('',(-2.2E-16,-1.,-0.));
#7983 = ORIENTED_EDGE('',*,*,#7984,.T.);
#7984 = EDGE_CURVE('',#7977,#7985,#7987,.T.);
#7985 = VERTEX_POINT('',#7986);
#7986 = CARTESIAN_POINT('',(8.29,19.850000000001,2.E-15));
#7987 = CIRCLE('',#7988,0.2);
#7988 = AXIS2_PLACEMENT_3D('',#7989,#7990,#7991);
#7989 = CARTESIAN_POINT('',(8.29,19.650000000001,1.84E-15));
#7990 = DIRECTION('',(2.2E-16,0.,-1.));
#7991 = DIRECTION('',(-1.,2.2E-16,-2.2E-16));
#7992 = ORIENTED_EDGE('',*,*,#7993,.T.);
#7993 = EDGE_CURVE('',#7985,#4453,#7994,.T.);
#7994 = LINE('',#7995,#7996);
#7995 = CARTESIAN_POINT('',(8.29,19.850000000001,1.84E-15));
#7996 = VECTOR('',#7997,1.);
#7997 = DIRECTION('',(1.,-2.2E-16,2.2E-16));
#7998 = ORIENTED_EDGE('',*,*,#4450,.F.);
#7999 = ORIENTED_EDGE('',*,*,#8000,.F.);
#8000 = EDGE_CURVE('',#8001,#4451,#8003,.T.);
#8001 = VERTEX_POINT('',#8002);
#8002 = CARTESIAN_POINT('',(8.89,20.79,2.E-15));
#8003 = LINE('',#8004,#8005);
#8004 = CARTESIAN_POINT('',(8.89,20.79,2.26E-15));
#8005 = VECTOR('',#8006,1.);
#8006 = DIRECTION('',(1.,-2.2E-16,2.2E-16));
#8007 = ORIENTED_EDGE('',*,*,#8008,.T.);
#8008 = EDGE_CURVE('',#8001,#8009,#8011,.T.);
#8009 = VERTEX_POINT('',#8010);
#8010 = CARTESIAN_POINT('',(8.89,22.39,2.E-15));
#8011 = CIRCLE('',#8012,0.8);
#8012 = AXIS2_PLACEMENT_3D('',#8013,#8014,#8015);
#8013 = CARTESIAN_POINT('',(8.89,21.59,2.26E-15));
#8014 = DIRECTION('',(2.2E-16,0.,-1.));
#8015 = DIRECTION('',(-1.,2.2E-16,-2.2E-16));
#8016 = ORIENTED_EDGE('',*,*,#8017,.T.);
#8017 = EDGE_CURVE('',#8009,#4377,#8018,.T.);
#8018 = LINE('',#8019,#8020);
#8019 = CARTESIAN_POINT('',(8.89,22.39,2.26E-15));
#8020 = VECTOR('',#8021,1.);
#8021 = DIRECTION('',(1.,-2.2E-16,2.2E-16));
#8022 = ORIENTED_EDGE('',*,*,#4374,.F.);
#8023 = ORIENTED_EDGE('',*,*,#8024,.F.);
#8024 = EDGE_CURVE('',#8025,#4375,#8027,.T.);
#8025 = VERTEX_POINT('',#8026);
#8026 = CARTESIAN_POINT('',(8.89,23.33,2.E-15));
#8027 = LINE('',#8028,#8029);
#8028 = CARTESIAN_POINT('',(8.89,23.33,1.97E-15));
#8029 = VECTOR('',#8030,1.);
#8030 = DIRECTION('',(1.,-2.2E-16,2.2E-16));
#8031 = ORIENTED_EDGE('',*,*,#8032,.T.);
#8032 = EDGE_CURVE('',#8025,#8033,#8035,.T.);
#8033 = VERTEX_POINT('',#8034);
#8034 = CARTESIAN_POINT('',(8.89,24.93,2.E-15));
#8035 = CIRCLE('',#8036,0.8);
#8036 = AXIS2_PLACEMENT_3D('',#8037,#8038,#8039);
#8037 = CARTESIAN_POINT('',(8.89,24.13,1.97E-15));
#8038 = DIRECTION('',(2.2E-16,0.,-1.));
#8039 = DIRECTION('',(-1.,2.2E-16,-2.2E-16));
#8040 = ORIENTED_EDGE('',*,*,#8041,.T.);
#8041 = EDGE_CURVE('',#8033,#4306,#8042,.T.);
#8042 = LINE('',#8043,#8044);
#8043 = CARTESIAN_POINT('',(8.89,24.93,1.97E-15));
#8044 = VECTOR('',#8045,1.);
#8045 = DIRECTION('',(1.,-2.2E-16,2.2E-16));
#8046 = ORIENTED_EDGE('',*,*,#4305,.F.);
#8047 = ORIENTED_EDGE('',*,*,#4280,.T.);
#8048 = ORIENTED_EDGE('',*,*,#4099,.F.);
#8049 = ORIENTED_EDGE('',*,*,#4057,.T.);
#8050 = ORIENTED_EDGE('',*,*,#4026,.F.);
#8051 = ORIENTED_EDGE('',*,*,#8052,.F.);
#8052 = EDGE_CURVE('',#8053,#4027,#8055,.T.);
#8053 = VERTEX_POINT('',#8054);
#8054 = CARTESIAN_POINT('',(-8.89,24.93,0.));
#8055 = LINE('',#8056,#8057);
#8056 = CARTESIAN_POINT('',(-8.89,24.93,0.));
#8057 = VECTOR('',#8058,1.);
#8058 = DIRECTION('',(-1.,0.,0.));
#8059 = ORIENTED_EDGE('',*,*,#8060,.F.);
#8060 = EDGE_CURVE('',#8061,#8053,#8063,.T.);
#8061 = VERTEX_POINT('',#8062);
#8062 = CARTESIAN_POINT('',(-8.89,23.33,0.));
#8063 = CIRCLE('',#8064,0.8);
#8064 = AXIS2_PLACEMENT_3D('',#8065,#8066,#8067);
#8065 = CARTESIAN_POINT('',(-8.89,24.13,0.));
#8066 = DIRECTION('',(0.,0.,1.));
#8067 = DIRECTION('',(1.,0.,-0.));
#8068 = ORIENTED_EDGE('',*,*,#8069,.T.);
#8069 = EDGE_CURVE('',#8061,#3953,#8070,.T.);
#8070 = LINE('',#8071,#8072);
#8071 = CARTESIAN_POINT('',(-8.89,23.33,0.));
#8072 = VECTOR('',#8073,1.);
#8073 = DIRECTION('',(-1.,0.,0.));
#8074 = ORIENTED_EDGE('',*,*,#3950,.F.);
#8075 = ORIENTED_EDGE('',*,*,#8076,.F.);
#8076 = EDGE_CURVE('',#8077,#3951,#8079,.T.);
#8077 = VERTEX_POINT('',#8078);
#8078 = CARTESIAN_POINT('',(-8.89,22.39,0.));
#8079 = LINE('',#8080,#8081);
#8080 = CARTESIAN_POINT('',(-8.89,22.39,0.));
#8081 = VECTOR('',#8082,1.);
#8082 = DIRECTION('',(-1.,0.,0.));
#8083 = ORIENTED_EDGE('',*,*,#8084,.F.);
#8084 = EDGE_CURVE('',#8085,#8077,#8087,.T.);
#8085 = VERTEX_POINT('',#8086);
#8086 = CARTESIAN_POINT('',(-8.89,20.79,0.));
#8087 = CIRCLE('',#8088,0.8);
#8088 = AXIS2_PLACEMENT_3D('',#8089,#8090,#8091);
#8089 = CARTESIAN_POINT('',(-8.89,21.59,0.));
#8090 = DIRECTION('',(0.,0.,1.));
#8091 = DIRECTION('',(1.,0.,-0.));
#8092 = ORIENTED_EDGE('',*,*,#8093,.T.);
#8093 = EDGE_CURVE('',#8085,#3877,#8094,.T.);
#8094 = LINE('',#8095,#8096);
#8095 = CARTESIAN_POINT('',(-8.89,20.79,0.));
#8096 = VECTOR('',#8097,1.);
#8097 = DIRECTION('',(-1.,0.,0.));
#8098 = ORIENTED_EDGE('',*,*,#3874,.F.);
#8099 = ORIENTED_EDGE('',*,*,#8100,.F.);
#8100 = EDGE_CURVE('',#8101,#3875,#8103,.T.);
#8101 = VERTEX_POINT('',#8102);
#8102 = CARTESIAN_POINT('',(-8.29,19.850000000001,0.));
#8103 = LINE('',#8104,#8105);
#8104 = CARTESIAN_POINT('',(-8.29,19.850000000001,0.));
#8105 = VECTOR('',#8106,1.);
#8106 = DIRECTION('',(-1.,0.,0.));
#8107 = ORIENTED_EDGE('',*,*,#8108,.F.);
#8108 = EDGE_CURVE('',#8109,#8101,#8111,.T.);
#8109 = VERTEX_POINT('',#8110);
#8110 = CARTESIAN_POINT('',(-8.09,19.650000000001,0.));
#8111 = CIRCLE('',#8112,0.2);
#8112 = AXIS2_PLACEMENT_3D('',#8113,#8114,#8115);
#8113 = CARTESIAN_POINT('',(-8.29,19.650000000001,0.));
#8114 = DIRECTION('',(0.,0.,1.));
#8115 = DIRECTION('',(1.,0.,-0.));
#8116 = ORIENTED_EDGE('',*,*,#8117,.T.);
#8117 = EDGE_CURVE('',#8109,#8118,#8120,.T.);
#8118 = VERTEX_POINT('',#8119);
#8119 = CARTESIAN_POINT('',(-8.09,18.449999999999,0.));
#8120 = LINE('',#8121,#8122);
#8121 = CARTESIAN_POINT('',(-8.09,19.650000000001,0.));
#8122 = VECTOR('',#8123,1.);
#8123 = DIRECTION('',(0.,-1.,0.));
#8124 = ORIENTED_EDGE('',*,*,#8125,.F.);
#8125 = EDGE_CURVE('',#8126,#8118,#8128,.T.);
#8126 = VERTEX_POINT('',#8127);
#8127 = CARTESIAN_POINT('',(-8.29,18.249999999999,0.));
#8128 = CIRCLE('',#8129,0.2);
#8129 = AXIS2_PLACEMENT_3D('',#8130,#8131,#8132);
#8130 = CARTESIAN_POINT('',(-8.29,18.449999999999,0.));
#8131 = DIRECTION('',(0.,0.,1.));
#8132 = DIRECTION('',(1.,0.,-0.));
#8133 = ORIENTED_EDGE('',*,*,#8134,.T.);
#8134 = EDGE_CURVE('',#8126,#3799,#8135,.T.);
#8135 = LINE('',#8136,#8137);
#8136 = CARTESIAN_POINT('',(-8.29,18.249999999999,0.));
#8137 = VECTOR('',#8138,1.);
#8138 = DIRECTION('',(-1.,0.,0.));
#8139 = ORIENTED_EDGE('',*,*,#3796,.F.);
#8140 = ORIENTED_EDGE('',*,*,#8141,.F.);
#8141 = EDGE_CURVE('',#8142,#3797,#8144,.T.);
#8142 = VERTEX_POINT('',#8143);
#8143 = CARTESIAN_POINT('',(-8.89,17.31,1.E-15));
#8144 = LINE('',#8145,#8146);
#8145 = CARTESIAN_POINT('',(-8.89,17.31,1.E-15));
#8146 = VECTOR('',#8147,1.);
#8147 = DIRECTION('',(-1.,0.,0.));
#8148 = ORIENTED_EDGE('',*,*,#8149,.F.);
#8149 = EDGE_CURVE('',#8150,#8142,#8152,.T.);
#8150 = VERTEX_POINT('',#8151);
#8151 = CARTESIAN_POINT('',(-8.89,15.71,1.E-15));
#8152 = CIRCLE('',#8153,0.8);
#8153 = AXIS2_PLACEMENT_3D('',#8154,#8155,#8156);
#8154 = CARTESIAN_POINT('',(-8.89,16.51,1.E-15));
#8155 = DIRECTION('',(0.,0.,1.));
#8156 = DIRECTION('',(1.,0.,-0.));
#8157 = ORIENTED_EDGE('',*,*,#8158,.T.);
#8158 = EDGE_CURVE('',#8150,#3723,#8159,.T.);
#8159 = LINE('',#8160,#8161);
#8160 = CARTESIAN_POINT('',(-8.89,15.71,1.E-15));
#8161 = VECTOR('',#8162,1.);
#8162 = DIRECTION('',(-1.,0.,0.));
#8163 = ORIENTED_EDGE('',*,*,#3720,.F.);
#8164 = ORIENTED_EDGE('',*,*,#8165,.F.);
#8165 = EDGE_CURVE('',#8166,#3721,#8168,.T.);
#8166 = VERTEX_POINT('',#8167);
#8167 = CARTESIAN_POINT('',(-8.89,14.77,1.E-15));
#8168 = LINE('',#8169,#8170);
#8169 = CARTESIAN_POINT('',(-8.89,14.77,1.E-15));
#8170 = VECTOR('',#8171,1.);
#8171 = DIRECTION('',(-1.,0.,0.));
#8172 = ORIENTED_EDGE('',*,*,#8173,.F.);
#8173 = EDGE_CURVE('',#8174,#8166,#8176,.T.);
#8174 = VERTEX_POINT('',#8175);
#8175 = CARTESIAN_POINT('',(-8.89,13.17,1.E-15));
#8176 = CIRCLE('',#8177,0.8);
#8177 = AXIS2_PLACEMENT_3D('',#8178,#8179,#8180);
#8178 = CARTESIAN_POINT('',(-8.89,13.97,1.E-15));
#8179 = DIRECTION('',(0.,0.,1.));
#8180 = DIRECTION('',(1.,0.,-0.));
#8181 = ORIENTED_EDGE('',*,*,#8182,.T.);
#8182 = EDGE_CURVE('',#8174,#3647,#8183,.T.);
#8183 = LINE('',#8184,#8185);
#8184 = CARTESIAN_POINT('',(-8.89,13.17,1.E-15));
#8185 = VECTOR('',#8186,1.);
#8186 = DIRECTION('',(-1.,0.,0.));
#8187 = ORIENTED_EDGE('',*,*,#3644,.F.);
#8188 = ORIENTED_EDGE('',*,*,#8189,.F.);
#8189 = EDGE_CURVE('',#8190,#3645,#8192,.T.);
#8190 = VERTEX_POINT('',#8191);
#8191 = CARTESIAN_POINT('',(-8.89,12.23,1.E-15));
#8192 = LINE('',#8193,#8194);
#8193 = CARTESIAN_POINT('',(-8.89,12.23,1.E-15));
#8194 = VECTOR('',#8195,1.);
#8195 = DIRECTION('',(-1.,0.,0.));
#8196 = ORIENTED_EDGE('',*,*,#8197,.F.);
#8197 = EDGE_CURVE('',#8198,#8190,#8200,.T.);
#8198 = VERTEX_POINT('',#8199);
#8199 = CARTESIAN_POINT('',(-8.89,10.63,1.E-15));
#8200 = CIRCLE('',#8201,0.8);
#8201 = AXIS2_PLACEMENT_3D('',#8202,#8203,#8204);
#8202 = CARTESIAN_POINT('',(-8.89,11.43,1.E-15));
#8203 = DIRECTION('',(0.,0.,1.));
#8204 = DIRECTION('',(1.,0.,-0.));
#8205 = ORIENTED_EDGE('',*,*,#8206,.T.);
#8206 = EDGE_CURVE('',#8198,#3571,#8207,.T.);
#8207 = LINE('',#8208,#8209);
#8208 = CARTESIAN_POINT('',(-8.89,10.63,1.E-15));
#8209 = VECTOR('',#8210,1.);
#8210 = DIRECTION('',(-1.,0.,0.));
#8211 = ORIENTED_EDGE('',*,*,#3568,.F.);
#8212 = ORIENTED_EDGE('',*,*,#8213,.F.);
#8213 = EDGE_CURVE('',#8214,#3569,#8216,.T.);
#8214 = VERTEX_POINT('',#8215);
#8215 = CARTESIAN_POINT('',(-8.89,9.69,2.E-15));
#8216 = LINE('',#8217,#8218);
#8217 = CARTESIAN_POINT('',(-8.89,9.69,2.E-15));
#8218 = VECTOR('',#8219,1.);
#8219 = DIRECTION('',(-1.,0.,0.));
#8220 = ORIENTED_EDGE('',*,*,#8221,.F.);
#8221 = EDGE_CURVE('',#8222,#8214,#8224,.T.);
#8222 = VERTEX_POINT('',#8223);
#8223 = CARTESIAN_POINT('',(-8.89,8.09,2.E-15));
#8224 = CIRCLE('',#8225,0.8);
#8225 = AXIS2_PLACEMENT_3D('',#8226,#8227,#8228);
#8226 = CARTESIAN_POINT('',(-8.89,8.89,2.E-15));
#8227 = DIRECTION('',(0.,0.,1.));
#8228 = DIRECTION('',(1.,0.,-0.));
#8229 = ORIENTED_EDGE('',*,*,#8230,.T.);
#8230 = EDGE_CURVE('',#8222,#3495,#8231,.T.);
#8231 = LINE('',#8232,#8233);
#8232 = CARTESIAN_POINT('',(-8.89,8.09,2.E-15));
#8233 = VECTOR('',#8234,1.);
#8234 = DIRECTION('',(-1.,0.,0.));
#8235 = ORIENTED_EDGE('',*,*,#3492,.F.);
#8236 = ORIENTED_EDGE('',*,*,#8237,.F.);
#8237 = EDGE_CURVE('',#8238,#3493,#8240,.T.);
#8238 = VERTEX_POINT('',#8239);
#8239 = CARTESIAN_POINT('',(-8.29,7.150000000001,1.E-15));
#8240 = LINE('',#8241,#8242);
#8241 = CARTESIAN_POINT('',(-8.29,7.150000000001,1.E-15));
#8242 = VECTOR('',#8243,1.);
#8243 = DIRECTION('',(-1.,0.,0.));
#8244 = ORIENTED_EDGE('',*,*,#8245,.F.);
#8245 = EDGE_CURVE('',#8246,#8238,#8248,.T.);
#8246 = VERTEX_POINT('',#8247);
#8247 = CARTESIAN_POINT('',(-8.09,6.950000000001,1.E-15));
#8248 = CIRCLE('',#8249,0.2);
#8249 = AXIS2_PLACEMENT_3D('',#8250,#8251,#8252);
#8250 = CARTESIAN_POINT('',(-8.29,6.950000000001,1.E-15));
#8251 = DIRECTION('',(0.,0.,1.));
#8252 = DIRECTION('',(1.,0.,-0.));
#8253 = ORIENTED_EDGE('',*,*,#8254,.T.);
#8254 = EDGE_CURVE('',#8246,#8255,#8257,.T.);
#8255 = VERTEX_POINT('',#8256);
#8256 = CARTESIAN_POINT('',(-8.09,5.749999999999,1.E-15));
#8257 = LINE('',#8258,#8259);
#8258 = CARTESIAN_POINT('',(-8.09,6.950000000001,1.E-15));
#8259 = VECTOR('',#8260,1.);
#8260 = DIRECTION('',(0.,-1.,0.));
#8261 = ORIENTED_EDGE('',*,*,#8262,.F.);
#8262 = EDGE_CURVE('',#8263,#8255,#8265,.T.);
#8263 = VERTEX_POINT('',#8264);
#8264 = CARTESIAN_POINT('',(-8.29,5.549999999999,1.E-15));
#8265 = CIRCLE('',#8266,0.2);
#8266 = AXIS2_PLACEMENT_3D('',#8267,#8268,#8269);
#8267 = CARTESIAN_POINT('',(-8.29,5.749999999999,1.E-15));
#8268 = DIRECTION('',(0.,0.,1.));
#8269 = DIRECTION('',(1.,0.,-0.));
#8270 = ORIENTED_EDGE('',*,*,#8271,.T.);
#8271 = EDGE_CURVE('',#8263,#3417,#8272,.T.);
#8272 = LINE('',#8273,#8274);
#8273 = CARTESIAN_POINT('',(-8.29,5.549999999999,1.E-15));
#8274 = VECTOR('',#8275,1.);
#8275 = DIRECTION('',(-1.,0.,0.));
#8276 = ORIENTED_EDGE('',*,*,#3414,.F.);
#8277 = ORIENTED_EDGE('',*,*,#8278,.F.);
#8278 = EDGE_CURVE('',#8279,#3415,#8281,.T.);
#8279 = VERTEX_POINT('',#8280);
#8280 = CARTESIAN_POINT('',(-8.89,4.61,2.E-15));
#8281 = LINE('',#8282,#8283);
#8282 = CARTESIAN_POINT('',(-8.89,4.61,2.E-15));
#8283 = VECTOR('',#8284,1.);
#8284 = DIRECTION('',(-1.,0.,0.));
#8285 = ORIENTED_EDGE('',*,*,#8286,.F.);
#8286 = EDGE_CURVE('',#8287,#8279,#8289,.T.);
#8287 = VERTEX_POINT('',#8288);
#8288 = CARTESIAN_POINT('',(-8.89,3.01,2.E-15));
#8289 = CIRCLE('',#8290,0.8);
#8290 = AXIS2_PLACEMENT_3D('',#8291,#8292,#8293);
#8291 = CARTESIAN_POINT('',(-8.89,3.81,2.E-15));
#8292 = DIRECTION('',(0.,0.,1.));
#8293 = DIRECTION('',(1.,0.,-0.));
#8294 = ORIENTED_EDGE('',*,*,#8295,.T.);
#8295 = EDGE_CURVE('',#8287,#3341,#8296,.T.);
#8296 = LINE('',#8297,#8298);
#8297 = CARTESIAN_POINT('',(-8.89,3.01,2.E-15));
#8298 = VECTOR('',#8299,1.);
#8299 = DIRECTION('',(-1.,0.,0.));
#8300 = ORIENTED_EDGE('',*,*,#3338,.F.);
#8301 = ORIENTED_EDGE('',*,*,#8302,.F.);
#8302 = EDGE_CURVE('',#8303,#3339,#8305,.T.);
#8303 = VERTEX_POINT('',#8304);
#8304 = CARTESIAN_POINT('',(-8.89,2.07,3.E-15));
#8305 = LINE('',#8306,#8307);
#8306 = CARTESIAN_POINT('',(-8.89,2.07,3.E-15));
#8307 = VECTOR('',#8308,1.);
#8308 = DIRECTION('',(-1.,0.,0.));
#8309 = ORIENTED_EDGE('',*,*,#8310,.F.);
#8310 = EDGE_CURVE('',#8311,#8303,#8313,.T.);
#8311 = VERTEX_POINT('',#8312);
#8312 = CARTESIAN_POINT('',(-8.89,0.47,3.E-15));
#8313 = CIRCLE('',#8314,0.8);
#8314 = AXIS2_PLACEMENT_3D('',#8315,#8316,#8317);
#8315 = CARTESIAN_POINT('',(-8.89,1.27,3.E-15));
#8316 = DIRECTION('',(0.,0.,1.));
#8317 = DIRECTION('',(1.,0.,-0.));
#8318 = ORIENTED_EDGE('',*,*,#8319,.T.);
#8319 = EDGE_CURVE('',#8311,#3265,#8320,.T.);
#8320 = LINE('',#8321,#8322);
#8321 = CARTESIAN_POINT('',(-8.89,0.47,3.E-15));
#8322 = VECTOR('',#8323,1.);
#8323 = DIRECTION('',(-1.,0.,0.));
#8324 = ORIENTED_EDGE('',*,*,#3262,.F.);
#8325 = ORIENTED_EDGE('',*,*,#8326,.F.);
#8326 = EDGE_CURVE('',#8327,#3263,#8329,.T.);
#8327 = VERTEX_POINT('',#8328);
#8328 = CARTESIAN_POINT('',(-8.89,-0.47,3.E-15));
#8329 = LINE('',#8330,#8331);
#8330 = CARTESIAN_POINT('',(-8.89,-0.47,3.E-15));
#8331 = VECTOR('',#8332,1.);
#8332 = DIRECTION('',(-1.,0.,0.));
#8333 = ORIENTED_EDGE('',*,*,#8334,.F.);
#8334 = EDGE_CURVE('',#8335,#8327,#8337,.T.);
#8335 = VERTEX_POINT('',#8336);
#8336 = CARTESIAN_POINT('',(-8.89,-2.07,3.E-15));
#8337 = CIRCLE('',#8338,0.8);
#8338 = AXIS2_PLACEMENT_3D('',#8339,#8340,#8341);
#8339 = CARTESIAN_POINT('',(-8.89,-1.27,3.E-15));
#8340 = DIRECTION('',(0.,0.,1.));
#8341 = DIRECTION('',(1.,0.,-0.));
#8342 = ORIENTED_EDGE('',*,*,#8343,.T.);
#8343 = EDGE_CURVE('',#8335,#3189,#8344,.T.);
#8344 = LINE('',#8345,#8346);
#8345 = CARTESIAN_POINT('',(-8.89,-2.07,3.E-15));
#8346 = VECTOR('',#8347,1.);
#8347 = DIRECTION('',(-1.,0.,0.));
#8348 = ORIENTED_EDGE('',*,*,#3186,.F.);
#8349 = ORIENTED_EDGE('',*,*,#8350,.F.);
#8350 = EDGE_CURVE('',#8351,#3187,#8353,.T.);
#8351 = VERTEX_POINT('',#8352);
#8352 = CARTESIAN_POINT('',(-8.89,-3.01,3.E-15));
#8353 = LINE('',#8354,#8355);
#8354 = CARTESIAN_POINT('',(-8.89,-3.01,3.E-15));
#8355 = VECTOR('',#8356,1.);
#8356 = DIRECTION('',(-1.,0.,0.));
#8357 = ORIENTED_EDGE('',*,*,#8358,.F.);
#8358 = EDGE_CURVE('',#8359,#8351,#8361,.T.);
#8359 = VERTEX_POINT('',#8360);
#8360 = CARTESIAN_POINT('',(-8.89,-4.61,3.E-15));
#8361 = CIRCLE('',#8362,0.8);
#8362 = AXIS2_PLACEMENT_3D('',#8363,#8364,#8365);
#8363 = CARTESIAN_POINT('',(-8.89,-3.81,3.E-15));
#8364 = DIRECTION('',(0.,0.,1.));
#8365 = DIRECTION('',(1.,0.,-0.));
#8366 = ORIENTED_EDGE('',*,*,#8367,.T.);
#8367 = EDGE_CURVE('',#8359,#3113,#8368,.T.);
#8368 = LINE('',#8369,#8370);
#8369 = CARTESIAN_POINT('',(-8.89,-4.61,3.E-15));
#8370 = VECTOR('',#8371,1.);
#8371 = DIRECTION('',(-1.,0.,0.));
#8372 = ORIENTED_EDGE('',*,*,#3110,.F.);
#8373 = ORIENTED_EDGE('',*,*,#8374,.F.);
#8374 = EDGE_CURVE('',#8375,#3111,#8377,.T.);
#8375 = VERTEX_POINT('',#8376);
#8376 = CARTESIAN_POINT('',(-8.29,-5.549999999999,3.E-15));
#8377 = LINE('',#8378,#8379);
#8378 = CARTESIAN_POINT('',(-8.29,-5.549999999999,3.E-15));
#8379 = VECTOR('',#8380,1.);
#8380 = DIRECTION('',(-1.,0.,0.));
#8381 = ORIENTED_EDGE('',*,*,#8382,.F.);
#8382 = EDGE_CURVE('',#8383,#8375,#8385,.T.);
#8383 = VERTEX_POINT('',#8384);
#8384 = CARTESIAN_POINT('',(-8.09,-5.749999999999,3.E-15));
#8385 = CIRCLE('',#8386,0.2);
#8386 = AXIS2_PLACEMENT_3D('',#8387,#8388,#8389);
#8387 = CARTESIAN_POINT('',(-8.29,-5.749999999999,3.E-15));
#8388 = DIRECTION('',(0.,0.,1.));
#8389 = DIRECTION('',(1.,0.,-0.));
#8390 = ORIENTED_EDGE('',*,*,#8391,.T.);
#8391 = EDGE_CURVE('',#8383,#8392,#8394,.T.);
#8392 = VERTEX_POINT('',#8393);
#8393 = CARTESIAN_POINT('',(-8.09,-6.950000000001,3.E-15));
#8394 = LINE('',#8395,#8396);
#8395 = CARTESIAN_POINT('',(-8.09,-5.749999999999,3.E-15));
#8396 = VECTOR('',#8397,1.);
#8397 = DIRECTION('',(0.,-1.,0.));
#8398 = ORIENTED_EDGE('',*,*,#8399,.F.);
#8399 = EDGE_CURVE('',#8400,#8392,#8402,.T.);
#8400 = VERTEX_POINT('',#8401);
#8401 = CARTESIAN_POINT('',(-8.29,-7.150000000001,3.E-15));
#8402 = CIRCLE('',#8403,0.2);
#8403 = AXIS2_PLACEMENT_3D('',#8404,#8405,#8406);
#8404 = CARTESIAN_POINT('',(-8.29,-6.950000000001,3.E-15));
#8405 = DIRECTION('',(0.,0.,1.));
#8406 = DIRECTION('',(1.,0.,-0.));
#8407 = ORIENTED_EDGE('',*,*,#8408,.T.);
#8408 = EDGE_CURVE('',#8400,#3035,#8409,.T.);
#8409 = LINE('',#8410,#8411);
#8410 = CARTESIAN_POINT('',(-8.29,-7.150000000001,3.E-15));
#8411 = VECTOR('',#8412,1.);
#8412 = DIRECTION('',(-1.,0.,0.));
#8413 = ORIENTED_EDGE('',*,*,#3032,.F.);
#8414 = ORIENTED_EDGE('',*,*,#8415,.F.);
#8415 = EDGE_CURVE('',#8416,#3033,#8418,.T.);
#8416 = VERTEX_POINT('',#8417);
#8417 = CARTESIAN_POINT('',(-8.89,-8.09,4.E-15));
#8418 = LINE('',#8419,#8420);
#8419 = CARTESIAN_POINT('',(-8.89,-8.09,4.E-15));
#8420 = VECTOR('',#8421,1.);
#8421 = DIRECTION('',(-1.,0.,0.));
#8422 = ORIENTED_EDGE('',*,*,#8423,.F.);
#8423 = EDGE_CURVE('',#8424,#8416,#8426,.T.);
#8424 = VERTEX_POINT('',#8425);
#8425 = CARTESIAN_POINT('',(-8.89,-9.69,4.E-15));
#8426 = CIRCLE('',#8427,0.8);
#8427 = AXIS2_PLACEMENT_3D('',#8428,#8429,#8430);
#8428 = CARTESIAN_POINT('',(-8.89,-8.89,4.E-15));
#8429 = DIRECTION('',(0.,0.,1.));
#8430 = DIRECTION('',(1.,0.,-0.));
#8431 = ORIENTED_EDGE('',*,*,#8432,.T.);
#8432 = EDGE_CURVE('',#8424,#2959,#8433,.T.);
#8433 = LINE('',#8434,#8435);
#8434 = CARTESIAN_POINT('',(-8.89,-9.69,4.E-15));
#8435 = VECTOR('',#8436,1.);
#8436 = DIRECTION('',(-1.,0.,0.));
#8437 = ORIENTED_EDGE('',*,*,#2956,.F.);
#8438 = ORIENTED_EDGE('',*,*,#8439,.F.);
#8439 = EDGE_CURVE('',#8440,#2957,#8442,.T.);
#8440 = VERTEX_POINT('',#8441);
#8441 = CARTESIAN_POINT('',(-8.89,-10.63,4.E-15));
#8442 = LINE('',#8443,#8444);
#8443 = CARTESIAN_POINT('',(-8.89,-10.63,4.E-15));
#8444 = VECTOR('',#8445,1.);
#8445 = DIRECTION('',(-1.,0.,0.));
#8446 = ORIENTED_EDGE('',*,*,#8447,.F.);
#8447 = EDGE_CURVE('',#8448,#8440,#8450,.T.);
#8448 = VERTEX_POINT('',#8449);
#8449 = CARTESIAN_POINT('',(-8.89,-12.23,4.E-15));
#8450 = CIRCLE('',#8451,0.8);
#8451 = AXIS2_PLACEMENT_3D('',#8452,#8453,#8454);
#8452 = CARTESIAN_POINT('',(-8.89,-11.43,4.E-15));
#8453 = DIRECTION('',(0.,0.,1.));
#8454 = DIRECTION('',(1.,0.,-0.));
#8455 = ORIENTED_EDGE('',*,*,#8456,.T.);
#8456 = EDGE_CURVE('',#8448,#2883,#8457,.T.);
#8457 = LINE('',#8458,#8459);
#8458 = CARTESIAN_POINT('',(-8.89,-12.23,4.E-15));
#8459 = VECTOR('',#8460,1.);
#8460 = DIRECTION('',(-1.,0.,0.));
#8461 = ORIENTED_EDGE('',*,*,#2880,.F.);
#8462 = ORIENTED_EDGE('',*,*,#8463,.F.);
#8463 = EDGE_CURVE('',#8464,#2881,#8466,.T.);
#8464 = VERTEX_POINT('',#8465);
#8465 = CARTESIAN_POINT('',(-8.89,-13.17,4.E-15));
#8466 = LINE('',#8467,#8468);
#8467 = CARTESIAN_POINT('',(-8.89,-13.17,4.E-15));
#8468 = VECTOR('',#8469,1.);
#8469 = DIRECTION('',(-1.,0.,0.));
#8470 = ORIENTED_EDGE('',*,*,#8471,.F.);
#8471 = EDGE_CURVE('',#8472,#8464,#8474,.T.);
#8472 = VERTEX_POINT('',#8473);
#8473 = CARTESIAN_POINT('',(-8.89,-14.77,4.E-15));
#8474 = CIRCLE('',#8475,0.8);
#8475 = AXIS2_PLACEMENT_3D('',#8476,#8477,#8478);
#8476 = CARTESIAN_POINT('',(-8.89,-13.97,4.E-15));
#8477 = DIRECTION('',(0.,0.,1.));
#8478 = DIRECTION('',(1.,0.,-0.));
#8479 = ORIENTED_EDGE('',*,*,#8480,.T.);
#8480 = EDGE_CURVE('',#8472,#2807,#8481,.T.);
#8481 = LINE('',#8482,#8483);
#8482 = CARTESIAN_POINT('',(-8.89,-14.77,4.E-15));
#8483 = VECTOR('',#8484,1.);
#8484 = DIRECTION('',(-1.,0.,0.));
#8485 = ORIENTED_EDGE('',*,*,#2804,.F.);
#8486 = ORIENTED_EDGE('',*,*,#8487,.F.);
#8487 = EDGE_CURVE('',#8488,#2805,#8490,.T.);
#8488 = VERTEX_POINT('',#8489);
#8489 = CARTESIAN_POINT('',(-8.89,-15.71,5.E-15));
#8490 = LINE('',#8491,#8492);
#8491 = CARTESIAN_POINT('',(-8.89,-15.71,5.E-15));
#8492 = VECTOR('',#8493,1.);
#8493 = DIRECTION('',(-1.,0.,0.));
#8494 = ORIENTED_EDGE('',*,*,#8495,.F.);
#8495 = EDGE_CURVE('',#8496,#8488,#8498,.T.);
#8496 = VERTEX_POINT('',#8497);
#8497 = CARTESIAN_POINT('',(-8.89,-17.31,5.E-15));
#8498 = CIRCLE('',#8499,0.8);
#8499 = AXIS2_PLACEMENT_3D('',#8500,#8501,#8502);
#8500 = CARTESIAN_POINT('',(-8.89,-16.51,5.E-15));
#8501 = DIRECTION('',(0.,0.,1.));
#8502 = DIRECTION('',(1.,0.,-0.));
#8503 = ORIENTED_EDGE('',*,*,#8504,.T.);
#8504 = EDGE_CURVE('',#8496,#2731,#8505,.T.);
#8505 = LINE('',#8506,#8507);
#8506 = CARTESIAN_POINT('',(-8.89,-17.31,5.E-15));
#8507 = VECTOR('',#8508,1.);
#8508 = DIRECTION('',(-1.,0.,0.));
#8509 = ORIENTED_EDGE('',*,*,#2728,.F.);
#8510 = ORIENTED_EDGE('',*,*,#8511,.F.);
#8511 = EDGE_CURVE('',#8512,#2729,#8514,.T.);
#8512 = VERTEX_POINT('',#8513);
#8513 = CARTESIAN_POINT('',(-8.29,-18.24999999999,4.E-15));
#8514 = LINE('',#8515,#8516);
#8515 = CARTESIAN_POINT('',(-8.29,-18.24999999999,4.E-15));
#8516 = VECTOR('',#8517,1.);
#8517 = DIRECTION('',(-1.,0.,0.));
#8518 = ORIENTED_EDGE('',*,*,#8519,.F.);
#8519 = EDGE_CURVE('',#8520,#8512,#8522,.T.);
#8520 = VERTEX_POINT('',#8521);
#8521 = CARTESIAN_POINT('',(-8.09,-18.44999999999,4.E-15));
#8522 = CIRCLE('',#8523,0.2);
#8523 = AXIS2_PLACEMENT_3D('',#8524,#8525,#8526);
#8524 = CARTESIAN_POINT('',(-8.29,-18.44999999999,4.E-15));
#8525 = DIRECTION('',(0.,0.,1.));
#8526 = DIRECTION('',(1.,0.,-0.));
#8527 = ORIENTED_EDGE('',*,*,#8528,.T.);
#8528 = EDGE_CURVE('',#8520,#8529,#8531,.T.);
#8529 = VERTEX_POINT('',#8530);
#8530 = CARTESIAN_POINT('',(-8.09,-19.65,4.E-15));
#8531 = LINE('',#8532,#8533);
#8532 = CARTESIAN_POINT('',(-8.09,-18.44999999999,4.E-15));
#8533 = VECTOR('',#8534,1.);
#8534 = DIRECTION('',(0.,-1.,0.));
#8535 = ORIENTED_EDGE('',*,*,#8536,.F.);
#8536 = EDGE_CURVE('',#8537,#8529,#8539,.T.);
#8537 = VERTEX_POINT('',#8538);
#8538 = CARTESIAN_POINT('',(-8.29,-19.85,4.E-15));
#8539 = CIRCLE('',#8540,0.2);
#8540 = AXIS2_PLACEMENT_3D('',#8541,#8542,#8543);
#8541 = CARTESIAN_POINT('',(-8.29,-19.65,4.E-15));
#8542 = DIRECTION('',(0.,0.,1.));
#8543 = DIRECTION('',(1.,0.,-0.));
#8544 = ORIENTED_EDGE('',*,*,#8545,.T.);
#8545 = EDGE_CURVE('',#8537,#2653,#8546,.T.);
#8546 = LINE('',#8547,#8548);
#8547 = CARTESIAN_POINT('',(-8.29,-19.85,4.E-15));
#8548 = VECTOR('',#8549,1.);
#8549 = DIRECTION('',(-1.,0.,0.));
#8550 = ORIENTED_EDGE('',*,*,#2650,.F.);
#8551 = ORIENTED_EDGE('',*,*,#8552,.F.);
#8552 = EDGE_CURVE('',#8553,#2651,#8555,.T.);
#8553 = VERTEX_POINT('',#8554);
#8554 = CARTESIAN_POINT('',(-8.89,-20.79,5.E-15));
#8555 = LINE('',#8556,#8557);
#8556 = CARTESIAN_POINT('',(-8.89,-20.79,5.E-15));
#8557 = VECTOR('',#8558,1.);
#8558 = DIRECTION('',(-1.,0.,0.));
#8559 = ORIENTED_EDGE('',*,*,#8560,.F.);
#8560 = EDGE_CURVE('',#8561,#8553,#8563,.T.);
#8561 = VERTEX_POINT('',#8562);
#8562 = CARTESIAN_POINT('',(-8.89,-22.39,5.E-15));
#8563 = CIRCLE('',#8564,0.8);
#8564 = AXIS2_PLACEMENT_3D('',#8565,#8566,#8567);
#8565 = CARTESIAN_POINT('',(-8.89,-21.59,5.E-15));
#8566 = DIRECTION('',(0.,0.,1.));
#8567 = DIRECTION('',(1.,0.,-0.));
#8568 = ORIENTED_EDGE('',*,*,#8569,.T.);
#8569 = EDGE_CURVE('',#8561,#2577,#8570,.T.);
#8570 = LINE('',#8571,#8572);
#8571 = CARTESIAN_POINT('',(-8.89,-22.39,5.E-15));
#8572 = VECTOR('',#8573,1.);
#8573 = DIRECTION('',(-1.,0.,0.));
#8574 = ORIENTED_EDGE('',*,*,#2574,.F.);
#8575 = ORIENTED_EDGE('',*,*,#8576,.F.);
#8576 = EDGE_CURVE('',#8577,#2575,#8579,.T.);
#8577 = VERTEX_POINT('',#8578);
#8578 = CARTESIAN_POINT('',(-8.89,-23.33,5.E-15));
#8579 = LINE('',#8580,#8581);
#8580 = CARTESIAN_POINT('',(-8.89,-23.33,5.E-15));
#8581 = VECTOR('',#8582,1.);
#8582 = DIRECTION('',(-1.,0.,0.));
#8583 = ORIENTED_EDGE('',*,*,#8584,.F.);
#8584 = EDGE_CURVE('',#8585,#8577,#8587,.T.);
#8585 = VERTEX_POINT('',#8586);
#8586 = CARTESIAN_POINT('',(-8.89,-24.93,5.E-15));
#8587 = CIRCLE('',#8588,0.8);
#8588 = AXIS2_PLACEMENT_3D('',#8589,#8590,#8591);
#8589 = CARTESIAN_POINT('',(-8.89,-24.13,5.E-15));
#8590 = DIRECTION('',(0.,0.,1.));
#8591 = DIRECTION('',(1.,0.,-0.));
#8592 = ORIENTED_EDGE('',*,*,#8593,.T.);
#8593 = EDGE_CURVE('',#8585,#2501,#8594,.T.);
#8594 = LINE('',#8595,#8596);
#8595 = CARTESIAN_POINT('',(-8.89,-24.93,5.E-15));
#8596 = VECTOR('',#8597,1.);
#8597 = DIRECTION('',(-1.,0.,0.));
#8598 = FACE_BOUND('',#8599,.F.);
#8599 = EDGE_LOOP('',(#8600));
#8600 = ORIENTED_EDGE('',*,*,#8601,.F.);
#8601 = EDGE_CURVE('',#8602,#8602,#8604,.T.);
#8602 = VERTEX_POINT('',#8603);
#8603 = CARTESIAN_POINT('',(-3.8,-23.5,0.));
#8604 = CIRCLE('',#8605,1.9);
#8605 = AXIS2_PLACEMENT_3D('',#8606,#8607,#8608);
#8606 = CARTESIAN_POINT('',(-5.7,-23.5,0.));
#8607 = DIRECTION('',(0.,0.,1.));
#8608 = DIRECTION('',(1.,0.,-0.));
#8609 = FACE_BOUND('',#8610,.F.);
#8610 = EDGE_LOOP('',(#8611));
#8611 = ORIENTED_EDGE('',*,*,#8612,.F.);
#8612 = EDGE_CURVE('',#8613,#8613,#8615,.T.);
#8613 = VERTEX_POINT('',#8614);
#8614 = CARTESIAN_POINT('',(3.8,-23.5,0.));
#8615 = CIRCLE('',#8616,1.9);
#8616 = AXIS2_PLACEMENT_3D('',#8617,#8618,#8619);
#8617 = CARTESIAN_POINT('',(5.7,-23.5,0.));
#8618 = DIRECTION('',(-2.2E-16,0.,1.));
#8619 = DIRECTION('',(-1.,2.2E-16,-2.2E-16));
#8620 = FACE_BOUND('',#8621,.F.);
#8621 = EDGE_LOOP('',(#8622,#8633,#8641,#8650,#8658,#8667,#8675,#8684));
#8622 = ORIENTED_EDGE('',*,*,#8623,.F.);
#8623 = EDGE_CURVE('',#8624,#8626,#8628,.T.);
#8624 = VERTEX_POINT('',#8625);
#8625 = CARTESIAN_POINT('',(-3.25,12.05,1.E-15));
#8626 = VERTEX_POINT('',#8627);
#8627 = CARTESIAN_POINT('',(-2.95,11.75,1.E-15));
#8628 = CIRCLE('',#8629,0.3);
#8629 = AXIS2_PLACEMENT_3D('',#8630,#8631,#8632);
#8630 = CARTESIAN_POINT('',(-2.95,12.05,1.E-15));
#8631 = DIRECTION('',(0.,0.,1.));
#8632 = DIRECTION('',(1.,0.,-0.));
#8633 = ORIENTED_EDGE('',*,*,#8634,.T.);
#8634 = EDGE_CURVE('',#8624,#8635,#8637,.T.);
#8635 = VERTEX_POINT('',#8636);
#8636 = CARTESIAN_POINT('',(-3.25,12.95,1.E-15));
#8637 = LINE('',#8638,#8639);
#8638 = CARTESIAN_POINT('',(-3.25,12.05,1.E-15));
#8639 = VECTOR('',#8640,1.);
#8640 = DIRECTION('',(0.,1.,0.));
#8641 = ORIENTED_EDGE('',*,*,#8642,.F.);
#8642 = EDGE_CURVE('',#8643,#8635,#8645,.T.);
#8643 = VERTEX_POINT('',#8644);
#8644 = CARTESIAN_POINT('',(-2.95,13.25,1.E-15));
#8645 = CIRCLE('',#8646,0.3);
#8646 = AXIS2_PLACEMENT_3D('',#8647,#8648,#8649);
#8647 = CARTESIAN_POINT('',(-2.95,12.95,1.E-15));
#8648 = DIRECTION('',(0.,0.,1.));
#8649 = DIRECTION('',(1.,0.,-0.));
#8650 = ORIENTED_EDGE('',*,*,#8651,.T.);
#8651 = EDGE_CURVE('',#8643,#8652,#8654,.T.);
#8652 = VERTEX_POINT('',#8653);
#8653 = CARTESIAN_POINT('',(-2.05,13.25,1.E-15));
#8654 = LINE('',#8655,#8656);
#8655 = CARTESIAN_POINT('',(-2.95,13.25,1.E-15));
#8656 = VECTOR('',#8657,1.);
#8657 = DIRECTION('',(1.,0.,0.));
#8658 = ORIENTED_EDGE('',*,*,#8659,.F.);
#8659 = EDGE_CURVE('',#8660,#8652,#8662,.T.);
#8660 = VERTEX_POINT('',#8661);
#8661 = CARTESIAN_POINT('',(-1.75,12.95,1.E-15));
#8662 = CIRCLE('',#8663,0.3);
#8663 = AXIS2_PLACEMENT_3D('',#8664,#8665,#8666);
#8664 = CARTESIAN_POINT('',(-2.05,12.95,1.E-15));
#8665 = DIRECTION('',(0.,0.,1.));
#8666 = DIRECTION('',(1.,0.,-0.));
#8667 = ORIENTED_EDGE('',*,*,#8668,.T.);
#8668 = EDGE_CURVE('',#8660,#8669,#8671,.T.);
#8669 = VERTEX_POINT('',#8670);
#8670 = CARTESIAN_POINT('',(-1.75,12.05,1.E-15));
#8671 = LINE('',#8672,#8673);
#8672 = CARTESIAN_POINT('',(-1.75,12.95,1.E-15));
#8673 = VECTOR('',#8674,1.);
#8674 = DIRECTION('',(-1.2E-16,-1.,0.));
#8675 = ORIENTED_EDGE('',*,*,#8676,.F.);
#8676 = EDGE_CURVE('',#8677,#8669,#8679,.T.);
#8677 = VERTEX_POINT('',#8678);
#8678 = CARTESIAN_POINT('',(-2.05,11.75,1.E-15));
#8679 = CIRCLE('',#8680,0.3);
#8680 = AXIS2_PLACEMENT_3D('',#8681,#8682,#8683);
#8681 = CARTESIAN_POINT('',(-2.05,12.05,1.E-15));
#8682 = DIRECTION('',(0.,0.,1.));
#8683 = DIRECTION('',(1.,0.,-0.));
#8684 = ORIENTED_EDGE('',*,*,#8685,.T.);
#8685 = EDGE_CURVE('',#8677,#8626,#8686,.T.);
#8686 = LINE('',#8687,#8688);
#8687 = CARTESIAN_POINT('',(-2.05,11.75,1.E-15));
#8688 = VECTOR('',#8689,1.);
#8689 = DIRECTION('',(-1.,0.,0.));
#8690 = FACE_BOUND('',#8691,.F.);
#8691 = EDGE_LOOP('',(#8692));
#8692 = ORIENTED_EDGE('',*,*,#8693,.F.);
#8693 = EDGE_CURVE('',#8694,#8694,#8696,.T.);
#8694 = VERTEX_POINT('',#8695);
#8695 = CARTESIAN_POINT('',(-3.8,23.5,0.));
#8696 = CIRCLE('',#8697,1.9);
#8697 = AXIS2_PLACEMENT_3D('',#8698,#8699,#8700);
#8698 = CARTESIAN_POINT('',(-5.7,23.5,0.));
#8699 = DIRECTION('',(0.,0.,1.));
#8700 = DIRECTION('',(1.,0.,-0.));
#8701 = FACE_BOUND('',#8702,.F.);
#8702 = EDGE_LOOP('',(#8703,#8714,#8722,#8731,#8739,#8748,#8756,#8765));
#8703 = ORIENTED_EDGE('',*,*,#8704,.F.);
#8704 = EDGE_CURVE('',#8705,#8707,#8709,.T.);
#8705 = VERTEX_POINT('',#8706);
#8706 = CARTESIAN_POINT('',(-3.25,14.55,0.));
#8707 = VERTEX_POINT('',#8708);
#8708 = CARTESIAN_POINT('',(-2.95,14.25,0.));
#8709 = CIRCLE('',#8710,0.3);
#8710 = AXIS2_PLACEMENT_3D('',#8711,#8712,#8713);
#8711 = CARTESIAN_POINT('',(-2.95,14.55,0.));
#8712 = DIRECTION('',(0.,0.,1.));
#8713 = DIRECTION('',(1.,0.,-0.));
#8714 = ORIENTED_EDGE('',*,*,#8715,.T.);
#8715 = EDGE_CURVE('',#8705,#8716,#8718,.T.);
#8716 = VERTEX_POINT('',#8717);
#8717 = CARTESIAN_POINT('',(-3.25,15.45,0.));
#8718 = LINE('',#8719,#8720);
#8719 = CARTESIAN_POINT('',(-3.25,14.55,0.));
#8720 = VECTOR('',#8721,1.);
#8721 = DIRECTION('',(0.,1.,0.));
#8722 = ORIENTED_EDGE('',*,*,#8723,.F.);
#8723 = EDGE_CURVE('',#8724,#8716,#8726,.T.);
#8724 = VERTEX_POINT('',#8725);
#8725 = CARTESIAN_POINT('',(-2.95,15.75,0.));
#8726 = CIRCLE('',#8727,0.3);
#8727 = AXIS2_PLACEMENT_3D('',#8728,#8729,#8730);
#8728 = CARTESIAN_POINT('',(-2.95,15.45,0.));
#8729 = DIRECTION('',(0.,0.,1.));
#8730 = DIRECTION('',(1.,0.,-0.));
#8731 = ORIENTED_EDGE('',*,*,#8732,.T.);
#8732 = EDGE_CURVE('',#8724,#8733,#8735,.T.);
#8733 = VERTEX_POINT('',#8734);
#8734 = CARTESIAN_POINT('',(-2.05,15.75,0.));
#8735 = LINE('',#8736,#8737);
#8736 = CARTESIAN_POINT('',(-2.95,15.75,0.));
#8737 = VECTOR('',#8738,1.);
#8738 = DIRECTION('',(1.,0.,0.));
#8739 = ORIENTED_EDGE('',*,*,#8740,.F.);
#8740 = EDGE_CURVE('',#8741,#8733,#8743,.T.);
#8741 = VERTEX_POINT('',#8742);
#8742 = CARTESIAN_POINT('',(-1.75,15.45,0.));
#8743 = CIRCLE('',#8744,0.3);
#8744 = AXIS2_PLACEMENT_3D('',#8745,#8746,#8747);
#8745 = CARTESIAN_POINT('',(-2.05,15.45,0.));
#8746 = DIRECTION('',(0.,0.,1.));
#8747 = DIRECTION('',(1.,0.,-0.));
#8748 = ORIENTED_EDGE('',*,*,#8749,.T.);
#8749 = EDGE_CURVE('',#8741,#8750,#8752,.T.);
#8750 = VERTEX_POINT('',#8751);
#8751 = CARTESIAN_POINT('',(-1.75,14.55,0.));
#8752 = LINE('',#8753,#8754);
#8753 = CARTESIAN_POINT('',(-1.75,15.45,0.));
#8754 = VECTOR('',#8755,1.);
#8755 = DIRECTION('',(-1.2E-16,-1.,0.));
#8756 = ORIENTED_EDGE('',*,*,#8757,.F.);
#8757 = EDGE_CURVE('',#8758,#8750,#8760,.T.);
#8758 = VERTEX_POINT('',#8759);
#8759 = CARTESIAN_POINT('',(-2.05,14.25,0.));
#8760 = CIRCLE('',#8761,0.3);
#8761 = AXIS2_PLACEMENT_3D('',#8762,#8763,#8764);
#8762 = CARTESIAN_POINT('',(-2.05,14.55,0.));
#8763 = DIRECTION('',(0.,0.,1.));
#8764 = DIRECTION('',(1.,0.,-0.));
#8765 = ORIENTED_EDGE('',*,*,#8766,.T.);
#8766 = EDGE_CURVE('',#8758,#8707,#8767,.T.);
#8767 = LINE('',#8768,#8769);
#8768 = CARTESIAN_POINT('',(-2.05,14.25,0.));
#8769 = VECTOR('',#8770,1.);
#8770 = DIRECTION('',(-1.,0.,0.));
#8771 = FACE_BOUND('',#8772,.F.);
#8772 = EDGE_LOOP('',(#8773,#8784,#8792,#8801,#8809,#8818,#8826,#8835));
#8773 = ORIENTED_EDGE('',*,*,#8774,.F.);
#8774 = EDGE_CURVE('',#8775,#8777,#8779,.T.);
#8775 = VERTEX_POINT('',#8776);
#8776 = CARTESIAN_POINT('',(-3.25,17.05,0.));
#8777 = VERTEX_POINT('',#8778);
#8778 = CARTESIAN_POINT('',(-2.95,16.75,0.));
#8779 = CIRCLE('',#8780,0.3);
#8780 = AXIS2_PLACEMENT_3D('',#8781,#8782,#8783);
#8781 = CARTESIAN_POINT('',(-2.95,17.05,0.));
#8782 = DIRECTION('',(0.,0.,1.));
#8783 = DIRECTION('',(1.,0.,-0.));
#8784 = ORIENTED_EDGE('',*,*,#8785,.T.);
#8785 = EDGE_CURVE('',#8775,#8786,#8788,.T.);
#8786 = VERTEX_POINT('',#8787);
#8787 = CARTESIAN_POINT('',(-3.25,17.95,0.));
#8788 = LINE('',#8789,#8790);
#8789 = CARTESIAN_POINT('',(-3.25,17.05,0.));
#8790 = VECTOR('',#8791,1.);
#8791 = DIRECTION('',(0.,1.,0.));
#8792 = ORIENTED_EDGE('',*,*,#8793,.F.);
#8793 = EDGE_CURVE('',#8794,#8786,#8796,.T.);
#8794 = VERTEX_POINT('',#8795);
#8795 = CARTESIAN_POINT('',(-2.95,18.25,0.));
#8796 = CIRCLE('',#8797,0.3);
#8797 = AXIS2_PLACEMENT_3D('',#8798,#8799,#8800);
#8798 = CARTESIAN_POINT('',(-2.95,17.95,0.));
#8799 = DIRECTION('',(0.,0.,1.));
#8800 = DIRECTION('',(1.,0.,-0.));
#8801 = ORIENTED_EDGE('',*,*,#8802,.T.);
#8802 = EDGE_CURVE('',#8794,#8803,#8805,.T.);
#8803 = VERTEX_POINT('',#8804);
#8804 = CARTESIAN_POINT('',(-2.05,18.25,0.));
#8805 = LINE('',#8806,#8807);
#8806 = CARTESIAN_POINT('',(-2.95,18.25,0.));
#8807 = VECTOR('',#8808,1.);
#8808 = DIRECTION('',(1.,0.,0.));
#8809 = ORIENTED_EDGE('',*,*,#8810,.F.);
#8810 = EDGE_CURVE('',#8811,#8803,#8813,.T.);
#8811 = VERTEX_POINT('',#8812);
#8812 = CARTESIAN_POINT('',(-1.75,17.95,0.));
#8813 = CIRCLE('',#8814,0.3);
#8814 = AXIS2_PLACEMENT_3D('',#8815,#8816,#8817);
#8815 = CARTESIAN_POINT('',(-2.05,17.95,0.));
#8816 = DIRECTION('',(0.,0.,1.));
#8817 = DIRECTION('',(1.,0.,-0.));
#8818 = ORIENTED_EDGE('',*,*,#8819,.T.);
#8819 = EDGE_CURVE('',#8811,#8820,#8822,.T.);
#8820 = VERTEX_POINT('',#8821);
#8821 = CARTESIAN_POINT('',(-1.75,17.05,0.));
#8822 = LINE('',#8823,#8824);
#8823 = CARTESIAN_POINT('',(-1.75,17.95,0.));
#8824 = VECTOR('',#8825,1.);
#8825 = DIRECTION('',(-1.2E-16,-1.,0.));
#8826 = ORIENTED_EDGE('',*,*,#8827,.F.);
#8827 = EDGE_CURVE('',#8828,#8820,#8830,.T.);
#8828 = VERTEX_POINT('',#8829);
#8829 = CARTESIAN_POINT('',(-2.05,16.75,0.));
#8830 = CIRCLE('',#8831,0.3);
#8831 = AXIS2_PLACEMENT_3D('',#8832,#8833,#8834);
#8832 = CARTESIAN_POINT('',(-2.05,17.05,0.));
#8833 = DIRECTION('',(0.,0.,1.));
#8834 = DIRECTION('',(1.,0.,-0.));
#8835 = ORIENTED_EDGE('',*,*,#8836,.T.);
#8836 = EDGE_CURVE('',#8828,#8777,#8837,.T.);
#8837 = LINE('',#8838,#8839);
#8838 = CARTESIAN_POINT('',(-2.05,16.75,0.));
#8839 = VECTOR('',#8840,1.);
#8840 = DIRECTION('',(-1.,0.,0.));
#8841 = FACE_BOUND('',#8842,.F.);
#8842 = EDGE_LOOP('',(#8843,#8854,#8862,#8871));
#8843 = ORIENTED_EDGE('',*,*,#8844,.F.);
#8844 = EDGE_CURVE('',#8845,#8847,#8849,.T.);
#8845 = VERTEX_POINT('',#8846);
#8846 = CARTESIAN_POINT('',(-1.9,21.17,0.));
#8847 = VERTEX_POINT('',#8848);
#8848 = CARTESIAN_POINT('',(-2.95,21.17,0.));
#8849 = CIRCLE('',#8850,0.525);
#8850 = AXIS2_PLACEMENT_3D('',#8851,#8852,#8853);
#8851 = CARTESIAN_POINT('',(-2.425,21.17,0.));
#8852 = DIRECTION('',(0.,0.,1.));
#8853 = DIRECTION('',(1.,0.,-0.));
#8854 = ORIENTED_EDGE('',*,*,#8855,.F.);
#8855 = EDGE_CURVE('',#8856,#8845,#8858,.T.);
#8856 = VERTEX_POINT('',#8857);
#8857 = CARTESIAN_POINT('',(-1.9,20.77,0.));
#8858 = LINE('',#8859,#8860);
#8859 = CARTESIAN_POINT('',(-1.9,20.77,0.));
#8860 = VECTOR('',#8861,1.);
#8861 = DIRECTION('',(0.,1.,0.));
#8862 = ORIENTED_EDGE('',*,*,#8863,.F.);
#8863 = EDGE_CURVE('',#8864,#8856,#8866,.T.);
#8864 = VERTEX_POINT('',#8865);
#8865 = CARTESIAN_POINT('',(-2.95,20.77,0.));
#8866 = CIRCLE('',#8867,0.525);
#8867 = AXIS2_PLACEMENT_3D('',#8868,#8869,#8870);
#8868 = CARTESIAN_POINT('',(-2.425,20.77,0.));
#8869 = DIRECTION('',(0.,0.,1.));
#8870 = DIRECTION('',(1.,0.,-0.));
#8871 = ORIENTED_EDGE('',*,*,#8872,.F.);
#8872 = EDGE_CURVE('',#8847,#8864,#8873,.T.);
#8873 = LINE('',#8874,#8875);
#8874 = CARTESIAN_POINT('',(-2.95,21.17,0.));
#8875 = VECTOR('',#8876,1.);
#8876 = DIRECTION('',(0.,-1.,0.));
#8877 = FACE_BOUND('',#8878,.F.);
#8878 = EDGE_LOOP('',(#8879,#8890,#8898,#8907));
#8879 = ORIENTED_EDGE('',*,*,#8880,.F.);
#8880 = EDGE_CURVE('',#8881,#8883,#8885,.T.);
#8881 = VERTEX_POINT('',#8882);
#8882 = CARTESIAN_POINT('',(-3.275,23.65,0.));
#8883 = VERTEX_POINT('',#8884);
#8884 = CARTESIAN_POINT('',(-2.175,23.65,0.));
#8885 = CIRCLE('',#8886,0.55);
#8886 = AXIS2_PLACEMENT_3D('',#8887,#8888,#8889);
#8887 = CARTESIAN_POINT('',(-2.725,23.65,0.));
#8888 = DIRECTION('',(0.,0.,1.));
#8889 = DIRECTION('',(1.,0.,-0.));
#8890 = ORIENTED_EDGE('',*,*,#8891,.F.);
#8891 = EDGE_CURVE('',#8892,#8881,#8894,.T.);
#8892 = VERTEX_POINT('',#8893);
#8893 = CARTESIAN_POINT('',(-3.275,24.35,0.));
#8894 = LINE('',#8895,#8896);
#8895 = CARTESIAN_POINT('',(-3.275,24.35,0.));
#8896 = VECTOR('',#8897,1.);
#8897 = DIRECTION('',(0.,-1.,0.));
#8898 = ORIENTED_EDGE('',*,*,#8899,.F.);
#8899 = EDGE_CURVE('',#8900,#8892,#8902,.T.);
#8900 = VERTEX_POINT('',#8901);
#8901 = CARTESIAN_POINT('',(-2.175,24.35,0.));
#8902 = CIRCLE('',#8903,0.55);
#8903 = AXIS2_PLACEMENT_3D('',#8904,#8905,#8906);
#8904 = CARTESIAN_POINT('',(-2.725,24.35,0.));
#8905 = DIRECTION('',(0.,0.,1.));
#8906 = DIRECTION('',(1.,0.,-0.));
#8907 = ORIENTED_EDGE('',*,*,#8908,.F.);
#8908 = EDGE_CURVE('',#8883,#8900,#8909,.T.);
#8909 = LINE('',#8910,#8911);
#8910 = CARTESIAN_POINT('',(-2.175,23.65,0.));
#8911 = VECTOR('',#8912,1.);
#8912 = DIRECTION('',(0.,1.,0.));
#8913 = FACE_BOUND('',#8914,.F.);
#8914 = EDGE_LOOP('',(#8915,#8926,#8934,#8943,#8951,#8960,#8968,#8977));
#8915 = ORIENTED_EDGE('',*,*,#8916,.F.);
#8916 = EDGE_CURVE('',#8917,#8919,#8921,.T.);
#8917 = VERTEX_POINT('',#8918);
#8918 = CARTESIAN_POINT('',(-0.55,23.55,0.));
#8919 = VERTEX_POINT('',#8920);
#8920 = CARTESIAN_POINT('',(-0.25,23.85,0.));
#8921 = CIRCLE('',#8922,0.3);
#8922 = AXIS2_PLACEMENT_3D('',#8923,#8924,#8925);
#8923 = CARTESIAN_POINT('',(-0.55,23.85,0.));
#8924 = DIRECTION('',(0.,0.,1.));
#8925 = DIRECTION('',(1.,0.,-0.));
#8926 = ORIENTED_EDGE('',*,*,#8927,.T.);
#8927 = EDGE_CURVE('',#8917,#8928,#8930,.T.);
#8928 = VERTEX_POINT('',#8929);
#8929 = CARTESIAN_POINT('',(-1.45,23.55,0.));
#8930 = LINE('',#8931,#8932);
#8931 = CARTESIAN_POINT('',(-0.55,23.55,0.));
#8932 = VECTOR('',#8933,1.);
#8933 = DIRECTION('',(-1.,0.,0.));
#8934 = ORIENTED_EDGE('',*,*,#8935,.F.);
#8935 = EDGE_CURVE('',#8936,#8928,#8938,.T.);
#8936 = VERTEX_POINT('',#8937);
#8937 = CARTESIAN_POINT('',(-1.75,23.85,0.));
#8938 = CIRCLE('',#8939,0.3);
#8939 = AXIS2_PLACEMENT_3D('',#8940,#8941,#8942);
#8940 = CARTESIAN_POINT('',(-1.45,23.85,0.));
#8941 = DIRECTION('',(0.,0.,1.));
#8942 = DIRECTION('',(1.,0.,-0.));
#8943 = ORIENTED_EDGE('',*,*,#8944,.T.);
#8944 = EDGE_CURVE('',#8936,#8945,#8947,.T.);
#8945 = VERTEX_POINT('',#8946);
#8946 = CARTESIAN_POINT('',(-1.75,24.75,0.));
#8947 = LINE('',#8948,#8949);
#8948 = CARTESIAN_POINT('',(-1.75,23.85,0.));
#8949 = VECTOR('',#8950,1.);
#8950 = DIRECTION('',(0.,1.,0.));
#8951 = ORIENTED_EDGE('',*,*,#8952,.F.);
#8952 = EDGE_CURVE('',#8953,#8945,#8955,.T.);
#8953 = VERTEX_POINT('',#8954);
#8954 = CARTESIAN_POINT('',(-1.45,25.05,0.));
#8955 = CIRCLE('',#8956,0.3);
#8956 = AXIS2_PLACEMENT_3D('',#8957,#8958,#8959);
#8957 = CARTESIAN_POINT('',(-1.45,24.75,0.));
#8958 = DIRECTION('',(0.,0.,1.));
#8959 = DIRECTION('',(1.,0.,-0.));
#8960 = ORIENTED_EDGE('',*,*,#8961,.T.);
#8961 = EDGE_CURVE('',#8953,#8962,#8964,.T.);
#8962 = VERTEX_POINT('',#8963);
#8963 = CARTESIAN_POINT('',(-0.55,25.05,0.));
#8964 = LINE('',#8965,#8966);
#8965 = CARTESIAN_POINT('',(-1.45,25.05,0.));
#8966 = VECTOR('',#8967,1.);
#8967 = DIRECTION('',(1.,0.,0.));
#8968 = ORIENTED_EDGE('',*,*,#8969,.F.);
#8969 = EDGE_CURVE('',#8970,#8962,#8972,.T.);
#8970 = VERTEX_POINT('',#8971);
#8971 = CARTESIAN_POINT('',(-0.25,24.75,0.));
#8972 = CIRCLE('',#8973,0.3);
#8973 = AXIS2_PLACEMENT_3D('',#8974,#8975,#8976);
#8974 = CARTESIAN_POINT('',(-0.55,24.75,0.));
#8975 = DIRECTION('',(0.,0.,1.));
#8976 = DIRECTION('',(1.,0.,-0.));
#8977 = ORIENTED_EDGE('',*,*,#8978,.T.);
#8978 = EDGE_CURVE('',#8970,#8919,#8979,.T.);
#8979 = LINE('',#8980,#8981);
#8980 = CARTESIAN_POINT('',(-0.25,24.75,0.));
#8981 = VECTOR('',#8982,1.);
#8982 = DIRECTION('',(-1.2E-16,-1.,0.));
#8983 = FACE_BOUND('',#8984,.F.);
#8984 = EDGE_LOOP('',(#8985,#8996,#9004,#9013,#9021,#9030,#9038,#9047));
#8985 = ORIENTED_EDGE('',*,*,#8986,.F.);
#8986 = EDGE_CURVE('',#8987,#8989,#8991,.T.);
#8987 = VERTEX_POINT('',#8988);
#8988 = CARTESIAN_POINT('',(-0.75,20.55,0.));
#8989 = VERTEX_POINT('',#8990);
#8990 = CARTESIAN_POINT('',(-0.45,20.25,0.));
#8991 = CIRCLE('',#8992,0.3);
#8992 = AXIS2_PLACEMENT_3D('',#8993,#8994,#8995);
#8993 = CARTESIAN_POINT('',(-0.45,20.55,0.));
#8994 = DIRECTION('',(0.,0.,1.));
#8995 = DIRECTION('',(1.,0.,-0.));
#8996 = ORIENTED_EDGE('',*,*,#8997,.T.);
#8997 = EDGE_CURVE('',#8987,#8998,#9000,.T.);
#8998 = VERTEX_POINT('',#8999);
#8999 = CARTESIAN_POINT('',(-0.75,21.45,0.));
#9000 = LINE('',#9001,#9002);
#9001 = CARTESIAN_POINT('',(-0.75,20.55,0.));
#9002 = VECTOR('',#9003,1.);
#9003 = DIRECTION('',(0.,1.,0.));
#9004 = ORIENTED_EDGE('',*,*,#9005,.F.);
#9005 = EDGE_CURVE('',#9006,#8998,#9008,.T.);
#9006 = VERTEX_POINT('',#9007);
#9007 = CARTESIAN_POINT('',(-0.45,21.75,0.));
#9008 = CIRCLE('',#9009,0.3);
#9009 = AXIS2_PLACEMENT_3D('',#9010,#9011,#9012);
#9010 = CARTESIAN_POINT('',(-0.45,21.45,0.));
#9011 = DIRECTION('',(0.,0.,1.));
#9012 = DIRECTION('',(1.,0.,-0.));
#9013 = ORIENTED_EDGE('',*,*,#9014,.T.);
#9014 = EDGE_CURVE('',#9006,#9015,#9017,.T.);
#9015 = VERTEX_POINT('',#9016);
#9016 = CARTESIAN_POINT('',(0.45,21.75,0.));
#9017 = LINE('',#9018,#9019);
#9018 = CARTESIAN_POINT('',(-0.45,21.75,0.));
#9019 = VECTOR('',#9020,1.);
#9020 = DIRECTION('',(1.,0.,0.));
#9021 = ORIENTED_EDGE('',*,*,#9022,.F.);
#9022 = EDGE_CURVE('',#9023,#9015,#9025,.T.);
#9023 = VERTEX_POINT('',#9024);
#9024 = CARTESIAN_POINT('',(0.75,21.45,0.));
#9025 = CIRCLE('',#9026,0.3);
#9026 = AXIS2_PLACEMENT_3D('',#9027,#9028,#9029);
#9027 = CARTESIAN_POINT('',(0.45,21.45,0.));
#9028 = DIRECTION('',(0.,0.,1.));
#9029 = DIRECTION('',(1.,0.,-0.));
#9030 = ORIENTED_EDGE('',*,*,#9031,.T.);
#9031 = EDGE_CURVE('',#9023,#9032,#9034,.T.);
#9032 = VERTEX_POINT('',#9033);
#9033 = CARTESIAN_POINT('',(0.75,20.55,0.));
#9034 = LINE('',#9035,#9036);
#9035 = CARTESIAN_POINT('',(0.75,21.45,0.));
#9036 = VECTOR('',#9037,1.);
#9037 = DIRECTION('',(-1.2E-16,-1.,0.));
#9038 = ORIENTED_EDGE('',*,*,#9039,.F.);
#9039 = EDGE_CURVE('',#9040,#9032,#9042,.T.);
#9040 = VERTEX_POINT('',#9041);
#9041 = CARTESIAN_POINT('',(0.45,20.25,0.));
#9042 = CIRCLE('',#9043,0.3);
#9043 = AXIS2_PLACEMENT_3D('',#9044,#9045,#9046);
#9044 = CARTESIAN_POINT('',(0.45,20.55,0.));
#9045 = DIRECTION('',(0.,0.,1.));
#9046 = DIRECTION('',(1.,0.,-0.));
#9047 = ORIENTED_EDGE('',*,*,#9048,.T.);
#9048 = EDGE_CURVE('',#9040,#8989,#9049,.T.);
#9049 = LINE('',#9050,#9051);
#9050 = CARTESIAN_POINT('',(0.45,20.25,0.));
#9051 = VECTOR('',#9052,1.);
#9052 = DIRECTION('',(-1.,0.,0.));
#9053 = FACE_BOUND('',#9054,.F.);
#9054 = EDGE_LOOP('',(#9055,#9065,#9074,#9082,#9091,#9099,#9108,#9116));
#9055 = ORIENTED_EDGE('',*,*,#9056,.F.);
#9056 = EDGE_CURVE('',#9057,#9059,#9061,.T.);
#9057 = VERTEX_POINT('',#9058);
#9058 = CARTESIAN_POINT('',(1.75,23.85,0.));
#9059 = VERTEX_POINT('',#9060);
#9060 = CARTESIAN_POINT('',(1.75,24.75,0.));
#9061 = LINE('',#9062,#9063);
#9062 = CARTESIAN_POINT('',(1.75,23.85,3.9E-16));
#9063 = VECTOR('',#9064,1.);
#9064 = DIRECTION('',(2.2E-16,1.,0.));
#9065 = ORIENTED_EDGE('',*,*,#9066,.T.);
#9066 = EDGE_CURVE('',#9057,#9067,#9069,.T.);
#9067 = VERTEX_POINT('',#9068);
#9068 = CARTESIAN_POINT('',(1.45,23.55,0.));
#9069 = CIRCLE('',#9070,0.3);
#9070 = AXIS2_PLACEMENT_3D('',#9071,#9072,#9073);
#9071 = CARTESIAN_POINT('',(1.45,23.85,3.2E-16));
#9072 = DIRECTION('',(2.2E-16,0.,-1.));
#9073 = DIRECTION('',(-1.,2.2E-16,-2.2E-16));
#9074 = ORIENTED_EDGE('',*,*,#9075,.F.);
#9075 = EDGE_CURVE('',#9076,#9067,#9078,.T.);
#9076 = VERTEX_POINT('',#9077);
#9077 = CARTESIAN_POINT('',(0.55,23.55,0.));
#9078 = LINE('',#9079,#9080);
#9079 = CARTESIAN_POINT('',(0.55,23.55,1.2E-16));
#9080 = VECTOR('',#9081,1.);
#9081 = DIRECTION('',(1.,-2.2E-16,2.2E-16));
#9082 = ORIENTED_EDGE('',*,*,#9083,.T.);
#9083 = EDGE_CURVE('',#9076,#9084,#9086,.T.);
#9084 = VERTEX_POINT('',#9085);
#9085 = CARTESIAN_POINT('',(0.25,23.85,0.));
#9086 = CIRCLE('',#9087,0.3);
#9087 = AXIS2_PLACEMENT_3D('',#9088,#9089,#9090);
#9088 = CARTESIAN_POINT('',(0.55,23.85,1.2E-16));
#9089 = DIRECTION('',(2.2E-16,0.,-1.));
#9090 = DIRECTION('',(-1.,2.2E-16,-2.2E-16));
#9091 = ORIENTED_EDGE('',*,*,#9092,.F.);
#9092 = EDGE_CURVE('',#9093,#9084,#9095,.T.);
#9093 = VERTEX_POINT('',#9094);
#9094 = CARTESIAN_POINT('',(0.25,24.75,0.));
#9095 = LINE('',#9096,#9097);
#9096 = CARTESIAN_POINT('',(0.25,24.75,6.E-17));
#9097 = VECTOR('',#9098,1.);
#9098 = DIRECTION('',(-1.E-16,-1.,0.));
#9099 = ORIENTED_EDGE('',*,*,#9100,.T.);
#9100 = EDGE_CURVE('',#9093,#9101,#9103,.T.);
#9101 = VERTEX_POINT('',#9102);
#9102 = CARTESIAN_POINT('',(0.55,25.05,0.));
#9103 = CIRCLE('',#9104,0.3);
#9104 = AXIS2_PLACEMENT_3D('',#9105,#9106,#9107);
#9105 = CARTESIAN_POINT('',(0.55,24.75,1.2E-16));
#9106 = DIRECTION('',(2.2E-16,0.,-1.));
#9107 = DIRECTION('',(-1.,2.2E-16,-2.2E-16));
#9108 = ORIENTED_EDGE('',*,*,#9109,.F.);
#9109 = EDGE_CURVE('',#9110,#9101,#9112,.T.);
#9110 = VERTEX_POINT('',#9111);
#9111 = CARTESIAN_POINT('',(1.45,25.05,0.));
#9112 = LINE('',#9113,#9114);
#9113 = CARTESIAN_POINT('',(1.45,25.05,3.2E-16));
#9114 = VECTOR('',#9115,1.);
#9115 = DIRECTION('',(-1.,2.2E-16,-2.2E-16));
#9116 = ORIENTED_EDGE('',*,*,#9117,.T.);
#9117 = EDGE_CURVE('',#9110,#9059,#9118,.T.);
#9118 = CIRCLE('',#9119,0.3);
#9119 = AXIS2_PLACEMENT_3D('',#9120,#9121,#9122);
#9120 = CARTESIAN_POINT('',(1.45,24.75,3.2E-16));
#9121 = DIRECTION('',(2.2E-16,0.,-1.));
#9122 = DIRECTION('',(-1.,2.2E-16,-2.2E-16));
#9123 = FACE_BOUND('',#9124,.F.);
#9124 = EDGE_LOOP('',(#9125,#9135,#9144,#9152));
#9125 = ORIENTED_EDGE('',*,*,#9126,.T.);
#9126 = EDGE_CURVE('',#9127,#9129,#9131,.T.);
#9127 = VERTEX_POINT('',#9128);
#9128 = CARTESIAN_POINT('',(1.9,20.77,0.));
#9129 = VERTEX_POINT('',#9130);
#9130 = CARTESIAN_POINT('',(1.9,21.17,0.));
#9131 = LINE('',#9132,#9133);
#9132 = CARTESIAN_POINT('',(1.9,20.77,4.2E-16));
#9133 = VECTOR('',#9134,1.);
#9134 = DIRECTION('',(2.2E-16,1.,0.));
#9135 = ORIENTED_EDGE('',*,*,#9136,.T.);
#9136 = EDGE_CURVE('',#9129,#9137,#9139,.T.);
#9137 = VERTEX_POINT('',#9138);
#9138 = CARTESIAN_POINT('',(2.95,21.17,1.E-15));
#9139 = CIRCLE('',#9140,0.525);
#9140 = AXIS2_PLACEMENT_3D('',#9141,#9142,#9143);
#9141 = CARTESIAN_POINT('',(2.425,21.17,5.4E-16));
#9142 = DIRECTION('',(2.2E-16,0.,-1.));
#9143 = DIRECTION('',(-1.,2.2E-16,-2.2E-16));
#9144 = ORIENTED_EDGE('',*,*,#9145,.T.);
#9145 = EDGE_CURVE('',#9137,#9146,#9148,.T.);
#9146 = VERTEX_POINT('',#9147);
#9147 = CARTESIAN_POINT('',(2.95,20.77,1.E-15));
#9148 = LINE('',#9149,#9150);
#9149 = CARTESIAN_POINT('',(2.95,21.17,6.6E-16));
#9150 = VECTOR('',#9151,1.);
#9151 = DIRECTION('',(-2.2E-16,-1.,-0.));
#9152 = ORIENTED_EDGE('',*,*,#9153,.T.);
#9153 = EDGE_CURVE('',#9146,#9127,#9154,.T.);
#9154 = CIRCLE('',#9155,0.525);
#9155 = AXIS2_PLACEMENT_3D('',#9156,#9157,#9158);
#9156 = CARTESIAN_POINT('',(2.425,20.77,5.4E-16));
#9157 = DIRECTION('',(2.2E-16,0.,-1.));
#9158 = DIRECTION('',(-1.,2.2E-16,-2.2E-16));
#9159 = FACE_BOUND('',#9160,.F.);
#9160 = EDGE_LOOP('',(#9161,#9171,#9180,#9188));
#9161 = ORIENTED_EDGE('',*,*,#9162,.T.);
#9162 = EDGE_CURVE('',#9163,#9165,#9167,.T.);
#9163 = VERTEX_POINT('',#9164);
#9164 = CARTESIAN_POINT('',(3.275,24.35,1.E-15));
#9165 = VERTEX_POINT('',#9166);
#9166 = CARTESIAN_POINT('',(3.275,23.65,1.E-15));
#9167 = LINE('',#9168,#9169);
#9168 = CARTESIAN_POINT('',(3.275,24.35,7.3E-16));
#9169 = VECTOR('',#9170,1.);
#9170 = DIRECTION('',(-2.2E-16,-1.,-0.));
#9171 = ORIENTED_EDGE('',*,*,#9172,.T.);
#9172 = EDGE_CURVE('',#9165,#9173,#9175,.T.);
#9173 = VERTEX_POINT('',#9174);
#9174 = CARTESIAN_POINT('',(2.175,23.65,0.));
#9175 = CIRCLE('',#9176,0.55);
#9176 = AXIS2_PLACEMENT_3D('',#9177,#9178,#9179);
#9177 = CARTESIAN_POINT('',(2.725,23.65,6.1E-16));
#9178 = DIRECTION('',(2.2E-16,0.,-1.));
#9179 = DIRECTION('',(-1.,2.2E-16,-2.2E-16));
#9180 = ORIENTED_EDGE('',*,*,#9181,.T.);
#9181 = EDGE_CURVE('',#9173,#9182,#9184,.T.);
#9182 = VERTEX_POINT('',#9183);
#9183 = CARTESIAN_POINT('',(2.175,24.35,0.));
#9184 = LINE('',#9185,#9186);
#9185 = CARTESIAN_POINT('',(2.175,23.65,4.8E-16));
#9186 = VECTOR('',#9187,1.);
#9187 = DIRECTION('',(2.2E-16,1.,0.));
#9188 = ORIENTED_EDGE('',*,*,#9189,.T.);
#9189 = EDGE_CURVE('',#9182,#9163,#9190,.T.);
#9190 = CIRCLE('',#9191,0.55);
#9191 = AXIS2_PLACEMENT_3D('',#9192,#9193,#9194);
#9192 = CARTESIAN_POINT('',(2.725,24.35,6.1E-16));
#9193 = DIRECTION('',(2.2E-16,0.,-1.));
#9194 = DIRECTION('',(-1.,2.2E-16,-2.2E-16));
#9195 = FACE_BOUND('',#9196,.F.);
#9196 = EDGE_LOOP('',(#9197));
#9197 = ORIENTED_EDGE('',*,*,#9198,.F.);
#9198 = EDGE_CURVE('',#9199,#9199,#9201,.T.);
#9199 = VERTEX_POINT('',#9200);
#9200 = CARTESIAN_POINT('',(3.8,23.5,0.));
#9201 = CIRCLE('',#9202,1.9);
#9202 = AXIS2_PLACEMENT_3D('',#9203,#9204,#9205);
#9203 = CARTESIAN_POINT('',(5.7,23.5,0.));
#9204 = DIRECTION('',(-2.2E-16,0.,1.));
#9205 = DIRECTION('',(-1.,2.2E-16,-2.2E-16));
#9206 = PLANE('',#9207);
#9207 = AXIS2_PLACEMENT_3D('',#9208,#9209,#9210);
#9208 = CARTESIAN_POINT('',(4.3E-16,1.14E-15,0.));
#9209 = DIRECTION('',(0.,0.,1.));
#9210 = DIRECTION('',(1.,0.,-0.));
#9211 = ADVANCED_FACE('',(#9212),#9230,.T.);
#9212 = FACE_BOUND('',#9213,.T.);
#9213 = EDGE_LOOP('',(#9214,#9222,#9223,#9224));
#9214 = ORIENTED_EDGE('',*,*,#9215,.F.);
#9215 = EDGE_CURVE('',#2501,#9216,#9218,.T.);
#9216 = VERTEX_POINT('',#9217);
#9217 = CARTESIAN_POINT('',(-10.5,-24.62989998999,0.));
#9218 = LINE('',#9219,#9220);
#9219 = CARTESIAN_POINT('',(-10.5,-25.,0.));
#9220 = VECTOR('',#9221,1.);
#9221 = DIRECTION('',(4.E-17,1.,0.));
#9222 = ORIENTED_EDGE('',*,*,#2515,.T.);
#9223 = ORIENTED_EDGE('',*,*,#2529,.T.);
#9224 = ORIENTED_EDGE('',*,*,#9225,.F.);
#9225 = EDGE_CURVE('',#9216,#2530,#9226,.T.);
#9226 = LINE('',#9227,#9228);
#9227 = CARTESIAN_POINT('',(-10.5,-24.62989998999,55.905302825492));
#9228 = VECTOR('',#9229,1.);
#9229 = DIRECTION('',(0.,0.,1.));
#9230 = PLANE('',#9231);
#9231 = AXIS2_PLACEMENT_3D('',#9232,#9233,#9234);
#9232 = CARTESIAN_POINT('',(-10.5,-25.,0.));
#9233 = DIRECTION('',(-1.,4.E-17,0.));
#9234 = DIRECTION('',(4.E-17,1.,0.));
#9235 = ADVANCED_FACE('',(#9236),#9255,.F.);
#9236 = FACE_BOUND('',#9237,.F.);
#9237 = EDGE_LOOP('',(#9238,#9247,#9253,#9254));
#9238 = ORIENTED_EDGE('',*,*,#9239,.T.);
#9239 = EDGE_CURVE('',#9216,#9240,#9242,.T.);
#9240 = VERTEX_POINT('',#9241);
#9241 = CARTESIAN_POINT('',(-10.5,-23.63010001,0.));
#9242 = CIRCLE('',#9243,0.5);
#9243 = AXIS2_PLACEMENT_3D('',#9244,#9245,#9246);
#9244 = CARTESIAN_POINT('',(-10.49,-24.13,0.));
#9245 = DIRECTION('',(0.,0.,1.));
#9246 = DIRECTION('',(1.,0.,-0.));
#9247 = ORIENTED_EDGE('',*,*,#9248,.T.);
#9248 = EDGE_CURVE('',#9240,#2541,#9249,.T.);
#9249 = LINE('',#9250,#9251);
#9250 = CARTESIAN_POINT('',(-10.5,-23.63010001,55.905302825492));
#9251 = VECTOR('',#9252,1.);
#9252 = DIRECTION('',(0.,0.,1.));
#9253 = ORIENTED_EDGE('',*,*,#2548,.F.);
#9254 = ORIENTED_EDGE('',*,*,#9225,.F.);
#9255 = CYLINDRICAL_SURFACE('',#9256,0.5);
#9256 = AXIS2_PLACEMENT_3D('',#9257,#9258,#9259);
#9257 = CARTESIAN_POINT('',(-10.49,-24.13,55.905302825492));
#9258 = DIRECTION('',(0.,0.,1.));
#9259 = DIRECTION('',(1.,0.,-0.));
#9260 = ADVANCED_FACE('',(#9261),#9272,.T.);
#9261 = FACE_BOUND('',#9262,.T.);
#9262 = EDGE_LOOP('',(#9263,#9269,#9270,#9271));
#9263 = ORIENTED_EDGE('',*,*,#9264,.F.);
#9264 = EDGE_CURVE('',#9240,#2575,#9265,.T.);
#9265 = LINE('',#9266,#9267);
#9266 = CARTESIAN_POINT('',(-10.5,-25.,0.));
#9267 = VECTOR('',#9268,1.);
#9268 = DIRECTION('',(4.E-17,1.,0.));
#9269 = ORIENTED_EDGE('',*,*,#9248,.T.);
#9270 = ORIENTED_EDGE('',*,*,#2540,.T.);
#9271 = ORIENTED_EDGE('',*,*,#2584,.F.);
#9272 = PLANE('',#9273);
#9273 = AXIS2_PLACEMENT_3D('',#9274,#9275,#9276);
#9274 = CARTESIAN_POINT('',(-10.5,-25.,0.));
#9275 = DIRECTION('',(-1.,4.E-17,0.));
#9276 = DIRECTION('',(4.E-17,1.,0.));
#9277 = ADVANCED_FACE('',(#9278),#9297,.F.);
#9278 = FACE_BOUND('',#9279,.F.);
#9279 = EDGE_LOOP('',(#9280,#9288,#9289,#9290));
#9280 = ORIENTED_EDGE('',*,*,#9281,.F.);
#9281 = EDGE_CURVE('',#2558,#9282,#9284,.T.);
#9282 = VERTEX_POINT('',#9283);
#9283 = CARTESIAN_POINT('',(-9.39,-24.13,3.E-15));
#9284 = LINE('',#9285,#9286);
#9285 = CARTESIAN_POINT('',(-9.39,-24.13,55.715027595793));
#9286 = VECTOR('',#9287,1.);
#9287 = DIRECTION('',(-0.,-0.,-1.));
#9288 = ORIENTED_EDGE('',*,*,#2557,.F.);
#9289 = ORIENTED_EDGE('',*,*,#9281,.T.);
#9290 = ORIENTED_EDGE('',*,*,#9291,.T.);
#9291 = EDGE_CURVE('',#9282,#9282,#9292,.T.);
#9292 = CIRCLE('',#9293,0.5);
#9293 = AXIS2_PLACEMENT_3D('',#9294,#9295,#9296);
#9294 = CARTESIAN_POINT('',(-8.89,-24.13,0.));
#9295 = DIRECTION('',(0.,0.,1.));
#9296 = DIRECTION('',(1.,0.,-0.));
#9297 = CYLINDRICAL_SURFACE('',#9298,0.5);
#9298 = AXIS2_PLACEMENT_3D('',#9299,#9300,#9301);
#9299 = CARTESIAN_POINT('',(-8.89,-24.13,55.715027595793));
#9300 = DIRECTION('',(0.,0.,1.));
#9301 = DIRECTION('',(1.,0.,-0.));
#9302 = ADVANCED_FACE('',(#9303),#9321,.T.);
#9303 = FACE_BOUND('',#9304,.T.);
#9304 = EDGE_LOOP('',(#9305,#9313,#9314,#9315));
#9305 = ORIENTED_EDGE('',*,*,#9306,.F.);
#9306 = EDGE_CURVE('',#2577,#9307,#9309,.T.);
#9307 = VERTEX_POINT('',#9308);
#9308 = CARTESIAN_POINT('',(-10.5,-22.08989998999,0.));
#9309 = LINE('',#9310,#9311);
#9310 = CARTESIAN_POINT('',(-10.5,-25.,0.));
#9311 = VECTOR('',#9312,1.);
#9312 = DIRECTION('',(4.E-17,1.,0.));
#9313 = ORIENTED_EDGE('',*,*,#2591,.T.);
#9314 = ORIENTED_EDGE('',*,*,#2605,.T.);
#9315 = ORIENTED_EDGE('',*,*,#9316,.F.);
#9316 = EDGE_CURVE('',#9307,#2606,#9317,.T.);
#9317 = LINE('',#9318,#9319);
#9318 = CARTESIAN_POINT('',(-10.5,-22.08989998999,55.905302825492));
#9319 = VECTOR('',#9320,1.);
#9320 = DIRECTION('',(0.,0.,1.));
#9321 = PLANE('',#9322);
#9322 = AXIS2_PLACEMENT_3D('',#9323,#9324,#9325);
#9323 = CARTESIAN_POINT('',(-10.5,-25.,0.));
#9324 = DIRECTION('',(-1.,4.E-17,0.));
#9325 = DIRECTION('',(4.E-17,1.,0.));
#9326 = ADVANCED_FACE('',(#9327),#9346,.F.);
#9327 = FACE_BOUND('',#9328,.F.);
#9328 = EDGE_LOOP('',(#9329,#9338,#9344,#9345));
#9329 = ORIENTED_EDGE('',*,*,#9330,.T.);
#9330 = EDGE_CURVE('',#9307,#9331,#9333,.T.);
#9331 = VERTEX_POINT('',#9332);
#9332 = CARTESIAN_POINT('',(-10.5,-21.09010001,0.));
#9333 = CIRCLE('',#9334,0.5);
#9334 = AXIS2_PLACEMENT_3D('',#9335,#9336,#9337);
#9335 = CARTESIAN_POINT('',(-10.49,-21.59,0.));
#9336 = DIRECTION('',(0.,0.,1.));
#9337 = DIRECTION('',(1.,0.,-0.));
#9338 = ORIENTED_EDGE('',*,*,#9339,.T.);
#9339 = EDGE_CURVE('',#9331,#2617,#9340,.T.);
#9340 = LINE('',#9341,#9342);
#9341 = CARTESIAN_POINT('',(-10.5,-21.09010001,55.905302825492));
#9342 = VECTOR('',#9343,1.);
#9343 = DIRECTION('',(0.,0.,1.));
#9344 = ORIENTED_EDGE('',*,*,#2624,.F.);
#9345 = ORIENTED_EDGE('',*,*,#9316,.F.);
#9346 = CYLINDRICAL_SURFACE('',#9347,0.5);
#9347 = AXIS2_PLACEMENT_3D('',#9348,#9349,#9350);
#9348 = CARTESIAN_POINT('',(-10.49,-21.59,55.905302825492));
#9349 = DIRECTION('',(0.,0.,1.));
#9350 = DIRECTION('',(1.,0.,-0.));
#9351 = ADVANCED_FACE('',(#9352),#9363,.T.);
#9352 = FACE_BOUND('',#9353,.T.);
#9353 = EDGE_LOOP('',(#9354,#9360,#9361,#9362));
#9354 = ORIENTED_EDGE('',*,*,#9355,.F.);
#9355 = EDGE_CURVE('',#9331,#2651,#9356,.T.);
#9356 = LINE('',#9357,#9358);
#9357 = CARTESIAN_POINT('',(-10.5,-25.,0.));
#9358 = VECTOR('',#9359,1.);
#9359 = DIRECTION('',(4.E-17,1.,0.));
#9360 = ORIENTED_EDGE('',*,*,#9339,.T.);
#9361 = ORIENTED_EDGE('',*,*,#2616,.T.);
#9362 = ORIENTED_EDGE('',*,*,#2660,.F.);
#9363 = PLANE('',#9364);
#9364 = AXIS2_PLACEMENT_3D('',#9365,#9366,#9367);
#9365 = CARTESIAN_POINT('',(-10.5,-25.,0.));
#9366 = DIRECTION('',(-1.,4.E-17,0.));
#9367 = DIRECTION('',(4.E-17,1.,0.));
#9368 = ADVANCED_FACE('',(#9369),#9388,.F.);
#9369 = FACE_BOUND('',#9370,.F.);
#9370 = EDGE_LOOP('',(#9371,#9379,#9380,#9381));
#9371 = ORIENTED_EDGE('',*,*,#9372,.F.);
#9372 = EDGE_CURVE('',#2634,#9373,#9375,.T.);
#9373 = VERTEX_POINT('',#9374);
#9374 = CARTESIAN_POINT('',(-9.39,-21.59,2.E-15));
#9375 = LINE('',#9376,#9377);
#9376 = CARTESIAN_POINT('',(-9.39,-21.59,55.715027595793));
#9377 = VECTOR('',#9378,1.);
#9378 = DIRECTION('',(-0.,-0.,-1.));
#9379 = ORIENTED_EDGE('',*,*,#2633,.F.);
#9380 = ORIENTED_EDGE('',*,*,#9372,.T.);
#9381 = ORIENTED_EDGE('',*,*,#9382,.T.);
#9382 = EDGE_CURVE('',#9373,#9373,#9383,.T.);
#9383 = CIRCLE('',#9384,0.5);
#9384 = AXIS2_PLACEMENT_3D('',#9385,#9386,#9387);
#9385 = CARTESIAN_POINT('',(-8.89,-21.59,0.));
#9386 = DIRECTION('',(0.,0.,1.));
#9387 = DIRECTION('',(1.,0.,-0.));
#9388 = CYLINDRICAL_SURFACE('',#9389,0.5);
#9389 = AXIS2_PLACEMENT_3D('',#9390,#9391,#9392);
#9390 = CARTESIAN_POINT('',(-8.89,-21.59,55.715027595793));
#9391 = DIRECTION('',(0.,0.,1.));
#9392 = DIRECTION('',(1.,0.,-0.));
#9393 = ADVANCED_FACE('',(#9394),#9412,.T.);
#9394 = FACE_BOUND('',#9395,.T.);
#9395 = EDGE_LOOP('',(#9396,#9404,#9405,#9406));
#9396 = ORIENTED_EDGE('',*,*,#9397,.F.);
#9397 = EDGE_CURVE('',#2653,#9398,#9400,.T.);
#9398 = VERTEX_POINT('',#9399);
#9399 = CARTESIAN_POINT('',(-10.5,-19.54989998999,0.));
#9400 = LINE('',#9401,#9402);
#9401 = CARTESIAN_POINT('',(-10.5,-25.,0.));
#9402 = VECTOR('',#9403,1.);
#9403 = DIRECTION('',(4.E-17,1.,0.));
#9404 = ORIENTED_EDGE('',*,*,#2667,.T.);
#9405 = ORIENTED_EDGE('',*,*,#2681,.T.);
#9406 = ORIENTED_EDGE('',*,*,#9407,.F.);
#9407 = EDGE_CURVE('',#9398,#2682,#9408,.T.);
#9408 = LINE('',#9409,#9410);
#9409 = CARTESIAN_POINT('',(-10.5,-19.54989998999,55.905302825492));
#9410 = VECTOR('',#9411,1.);
#9411 = DIRECTION('',(0.,0.,1.));
#9412 = PLANE('',#9413);
#9413 = AXIS2_PLACEMENT_3D('',#9414,#9415,#9416);
#9414 = CARTESIAN_POINT('',(-10.5,-25.,0.));
#9415 = DIRECTION('',(-1.,4.E-17,0.));
#9416 = DIRECTION('',(4.E-17,1.,0.));
#9417 = ADVANCED_FACE('',(#9418),#9437,.F.);
#9418 = FACE_BOUND('',#9419,.F.);
#9419 = EDGE_LOOP('',(#9420,#9429,#9435,#9436));
#9420 = ORIENTED_EDGE('',*,*,#9421,.T.);
#9421 = EDGE_CURVE('',#9398,#9422,#9424,.T.);
#9422 = VERTEX_POINT('',#9423);
#9423 = CARTESIAN_POINT('',(-10.5,-18.55010001,0.));
#9424 = CIRCLE('',#9425,0.5);
#9425 = AXIS2_PLACEMENT_3D('',#9426,#9427,#9428);
#9426 = CARTESIAN_POINT('',(-10.49,-19.05,0.));
#9427 = DIRECTION('',(0.,0.,1.));
#9428 = DIRECTION('',(1.,0.,-0.));
#9429 = ORIENTED_EDGE('',*,*,#9430,.T.);
#9430 = EDGE_CURVE('',#9422,#2695,#9431,.T.);
#9431 = LINE('',#9432,#9433);
#9432 = CARTESIAN_POINT('',(-10.5,-18.55010001,55.905302825492));
#9433 = VECTOR('',#9434,1.);
#9434 = DIRECTION('',(0.,0.,1.));
#9435 = ORIENTED_EDGE('',*,*,#2702,.F.);
#9436 = ORIENTED_EDGE('',*,*,#9407,.F.);
#9437 = CYLINDRICAL_SURFACE('',#9438,0.5);
#9438 = AXIS2_PLACEMENT_3D('',#9439,#9440,#9441);
#9439 = CARTESIAN_POINT('',(-10.49,-19.05,55.905302825492));
#9440 = DIRECTION('',(0.,0.,1.));
#9441 = DIRECTION('',(1.,0.,-0.));
#9442 = ADVANCED_FACE('',(#9443),#9454,.T.);
#9443 = FACE_BOUND('',#9444,.T.);
#9444 = EDGE_LOOP('',(#9445,#9451,#9452,#9453));
#9445 = ORIENTED_EDGE('',*,*,#9446,.F.);
#9446 = EDGE_CURVE('',#9422,#2729,#9447,.T.);
#9447 = LINE('',#9448,#9449);
#9448 = CARTESIAN_POINT('',(-10.5,-25.,0.));
#9449 = VECTOR('',#9450,1.);
#9450 = DIRECTION('',(4.E-17,1.,0.));
#9451 = ORIENTED_EDGE('',*,*,#9430,.T.);
#9452 = ORIENTED_EDGE('',*,*,#2694,.T.);
#9453 = ORIENTED_EDGE('',*,*,#2738,.F.);
#9454 = PLANE('',#9455);
#9455 = AXIS2_PLACEMENT_3D('',#9456,#9457,#9458);
#9456 = CARTESIAN_POINT('',(-10.5,-25.,0.));
#9457 = DIRECTION('',(-1.,4.E-17,0.));
#9458 = DIRECTION('',(4.E-17,1.,0.));
#9459 = ADVANCED_FACE('',(#9460),#9479,.F.);
#9460 = FACE_BOUND('',#9461,.F.);
#9461 = EDGE_LOOP('',(#9462,#9470,#9471,#9472));
#9462 = ORIENTED_EDGE('',*,*,#9463,.F.);
#9463 = EDGE_CURVE('',#2712,#9464,#9466,.T.);
#9464 = VERTEX_POINT('',#9465);
#9465 = CARTESIAN_POINT('',(-9.39,-19.05,2.E-15));
#9466 = LINE('',#9467,#9468);
#9467 = CARTESIAN_POINT('',(-9.39,-19.05,55.715027595793));
#9468 = VECTOR('',#9469,1.);
#9469 = DIRECTION('',(-0.,-0.,-1.));
#9470 = ORIENTED_EDGE('',*,*,#2711,.F.);
#9471 = ORIENTED_EDGE('',*,*,#9463,.T.);
#9472 = ORIENTED_EDGE('',*,*,#9473,.T.);
#9473 = EDGE_CURVE('',#9464,#9464,#9474,.T.);
#9474 = CIRCLE('',#9475,0.5);
#9475 = AXIS2_PLACEMENT_3D('',#9476,#9477,#9478);
#9476 = CARTESIAN_POINT('',(-8.89,-19.05,0.));
#9477 = DIRECTION('',(0.,0.,1.));
#9478 = DIRECTION('',(1.,0.,-0.));
#9479 = CYLINDRICAL_SURFACE('',#9480,0.5);
#9480 = AXIS2_PLACEMENT_3D('',#9481,#9482,#9483);
#9481 = CARTESIAN_POINT('',(-8.89,-19.05,55.715027595793));
#9482 = DIRECTION('',(0.,0.,1.));
#9483 = DIRECTION('',(1.,0.,-0.));
#9484 = ADVANCED_FACE('',(#9485),#9503,.T.);
#9485 = FACE_BOUND('',#9486,.T.);
#9486 = EDGE_LOOP('',(#9487,#9495,#9496,#9497));
#9487 = ORIENTED_EDGE('',*,*,#9488,.F.);
#9488 = EDGE_CURVE('',#2731,#9489,#9491,.T.);
#9489 = VERTEX_POINT('',#9490);
#9490 = CARTESIAN_POINT('',(-10.5,-17.00989998999,0.));
#9491 = LINE('',#9492,#9493);
#9492 = CARTESIAN_POINT('',(-10.5,-25.,0.));
#9493 = VECTOR('',#9494,1.);
#9494 = DIRECTION('',(4.E-17,1.,0.));
#9495 = ORIENTED_EDGE('',*,*,#2745,.T.);
#9496 = ORIENTED_EDGE('',*,*,#2759,.T.);
#9497 = ORIENTED_EDGE('',*,*,#9498,.F.);
#9498 = EDGE_CURVE('',#9489,#2760,#9499,.T.);
#9499 = LINE('',#9500,#9501);
#9500 = CARTESIAN_POINT('',(-10.5,-17.00989998999,55.905302825492));
#9501 = VECTOR('',#9502,1.);
#9502 = DIRECTION('',(0.,0.,1.));
#9503 = PLANE('',#9504);
#9504 = AXIS2_PLACEMENT_3D('',#9505,#9506,#9507);
#9505 = CARTESIAN_POINT('',(-10.5,-25.,0.));
#9506 = DIRECTION('',(-1.,4.E-17,0.));
#9507 = DIRECTION('',(4.E-17,1.,0.));
#9508 = ADVANCED_FACE('',(#9509),#9528,.F.);
#9509 = FACE_BOUND('',#9510,.F.);
#9510 = EDGE_LOOP('',(#9511,#9520,#9526,#9527));
#9511 = ORIENTED_EDGE('',*,*,#9512,.T.);
#9512 = EDGE_CURVE('',#9489,#9513,#9515,.T.);
#9513 = VERTEX_POINT('',#9514);
#9514 = CARTESIAN_POINT('',(-10.5,-16.01010001,0.));
#9515 = CIRCLE('',#9516,0.5);
#9516 = AXIS2_PLACEMENT_3D('',#9517,#9518,#9519);
#9517 = CARTESIAN_POINT('',(-10.49,-16.51,0.));
#9518 = DIRECTION('',(0.,0.,1.));
#9519 = DIRECTION('',(1.,0.,-0.));
#9520 = ORIENTED_EDGE('',*,*,#9521,.T.);
#9521 = EDGE_CURVE('',#9513,#2771,#9522,.T.);
#9522 = LINE('',#9523,#9524);
#9523 = CARTESIAN_POINT('',(-10.5,-16.01010001,55.905302825492));
#9524 = VECTOR('',#9525,1.);
#9525 = DIRECTION('',(0.,0.,1.));
#9526 = ORIENTED_EDGE('',*,*,#2778,.F.);
#9527 = ORIENTED_EDGE('',*,*,#9498,.F.);
#9528 = CYLINDRICAL_SURFACE('',#9529,0.5);
#9529 = AXIS2_PLACEMENT_3D('',#9530,#9531,#9532);
#9530 = CARTESIAN_POINT('',(-10.49,-16.51,55.905302825492));
#9531 = DIRECTION('',(0.,0.,1.));
#9532 = DIRECTION('',(1.,0.,-0.));
#9533 = ADVANCED_FACE('',(#9534),#9545,.T.);
#9534 = FACE_BOUND('',#9535,.T.);
#9535 = EDGE_LOOP('',(#9536,#9542,#9543,#9544));
#9536 = ORIENTED_EDGE('',*,*,#9537,.F.);
#9537 = EDGE_CURVE('',#9513,#2805,#9538,.T.);
#9538 = LINE('',#9539,#9540);
#9539 = CARTESIAN_POINT('',(-10.5,-25.,0.));
#9540 = VECTOR('',#9541,1.);
#9541 = DIRECTION('',(4.E-17,1.,0.));
#9542 = ORIENTED_EDGE('',*,*,#9521,.T.);
#9543 = ORIENTED_EDGE('',*,*,#2770,.T.);
#9544 = ORIENTED_EDGE('',*,*,#2814,.F.);
#9545 = PLANE('',#9546);
#9546 = AXIS2_PLACEMENT_3D('',#9547,#9548,#9549);
#9547 = CARTESIAN_POINT('',(-10.5,-25.,0.));
#9548 = DIRECTION('',(-1.,4.E-17,0.));
#9549 = DIRECTION('',(4.E-17,1.,0.));
#9550 = ADVANCED_FACE('',(#9551),#9570,.F.);
#9551 = FACE_BOUND('',#9552,.F.);
#9552 = EDGE_LOOP('',(#9553,#9561,#9562,#9563));
#9553 = ORIENTED_EDGE('',*,*,#9554,.F.);
#9554 = EDGE_CURVE('',#2788,#9555,#9557,.T.);
#9555 = VERTEX_POINT('',#9556);
#9556 = CARTESIAN_POINT('',(-9.39,-16.51,2.E-15));
#9557 = LINE('',#9558,#9559);
#9558 = CARTESIAN_POINT('',(-9.39,-16.51,55.715027595793));
#9559 = VECTOR('',#9560,1.);
#9560 = DIRECTION('',(-0.,-0.,-1.));
#9561 = ORIENTED_EDGE('',*,*,#2787,.F.);
#9562 = ORIENTED_EDGE('',*,*,#9554,.T.);
#9563 = ORIENTED_EDGE('',*,*,#9564,.T.);
#9564 = EDGE_CURVE('',#9555,#9555,#9565,.T.);
#9565 = CIRCLE('',#9566,0.5);
#9566 = AXIS2_PLACEMENT_3D('',#9567,#9568,#9569);
#9567 = CARTESIAN_POINT('',(-8.89,-16.51,0.));
#9568 = DIRECTION('',(0.,0.,1.));
#9569 = DIRECTION('',(1.,0.,-0.));
#9570 = CYLINDRICAL_SURFACE('',#9571,0.5);
#9571 = AXIS2_PLACEMENT_3D('',#9572,#9573,#9574);
#9572 = CARTESIAN_POINT('',(-8.89,-16.51,55.715027595793));
#9573 = DIRECTION('',(0.,0.,1.));
#9574 = DIRECTION('',(1.,0.,-0.));
#9575 = ADVANCED_FACE('',(#9576),#9594,.T.);
#9576 = FACE_BOUND('',#9577,.T.);
#9577 = EDGE_LOOP('',(#9578,#9586,#9587,#9588));
#9578 = ORIENTED_EDGE('',*,*,#9579,.F.);
#9579 = EDGE_CURVE('',#2807,#9580,#9582,.T.);
#9580 = VERTEX_POINT('',#9581);
#9581 = CARTESIAN_POINT('',(-10.5,-14.46989998999,0.));
#9582 = LINE('',#9583,#9584);
#9583 = CARTESIAN_POINT('',(-10.5,-25.,0.));
#9584 = VECTOR('',#9585,1.);
#9585 = DIRECTION('',(4.E-17,1.,0.));
#9586 = ORIENTED_EDGE('',*,*,#2821,.T.);
#9587 = ORIENTED_EDGE('',*,*,#2835,.T.);
#9588 = ORIENTED_EDGE('',*,*,#9589,.F.);
#9589 = EDGE_CURVE('',#9580,#2836,#9590,.T.);
#9590 = LINE('',#9591,#9592);
#9591 = CARTESIAN_POINT('',(-10.5,-14.46989998999,55.905302825492));
#9592 = VECTOR('',#9593,1.);
#9593 = DIRECTION('',(0.,0.,1.));
#9594 = PLANE('',#9595);
#9595 = AXIS2_PLACEMENT_3D('',#9596,#9597,#9598);
#9596 = CARTESIAN_POINT('',(-10.5,-25.,0.));
#9597 = DIRECTION('',(-1.,4.E-17,0.));
#9598 = DIRECTION('',(4.E-17,1.,0.));
#9599 = ADVANCED_FACE('',(#9600),#9619,.F.);
#9600 = FACE_BOUND('',#9601,.F.);
#9601 = EDGE_LOOP('',(#9602,#9611,#9617,#9618));
#9602 = ORIENTED_EDGE('',*,*,#9603,.T.);
#9603 = EDGE_CURVE('',#9580,#9604,#9606,.T.);
#9604 = VERTEX_POINT('',#9605);
#9605 = CARTESIAN_POINT('',(-10.5,-13.47010001,0.));
#9606 = CIRCLE('',#9607,0.5);
#9607 = AXIS2_PLACEMENT_3D('',#9608,#9609,#9610);
#9608 = CARTESIAN_POINT('',(-10.49,-13.97,0.));
#9609 = DIRECTION('',(0.,0.,1.));
#9610 = DIRECTION('',(1.,0.,-0.));
#9611 = ORIENTED_EDGE('',*,*,#9612,.T.);
#9612 = EDGE_CURVE('',#9604,#2847,#9613,.T.);
#9613 = LINE('',#9614,#9615);
#9614 = CARTESIAN_POINT('',(-10.5,-13.47010001,55.905302825492));
#9615 = VECTOR('',#9616,1.);
#9616 = DIRECTION('',(0.,0.,1.));
#9617 = ORIENTED_EDGE('',*,*,#2854,.F.);
#9618 = ORIENTED_EDGE('',*,*,#9589,.F.);
#9619 = CYLINDRICAL_SURFACE('',#9620,0.5);
#9620 = AXIS2_PLACEMENT_3D('',#9621,#9622,#9623);
#9621 = CARTESIAN_POINT('',(-10.49,-13.97,55.905302825492));
#9622 = DIRECTION('',(0.,0.,1.));
#9623 = DIRECTION('',(1.,0.,-0.));
#9624 = ADVANCED_FACE('',(#9625),#9636,.T.);
#9625 = FACE_BOUND('',#9626,.T.);
#9626 = EDGE_LOOP('',(#9627,#9633,#9634,#9635));
#9627 = ORIENTED_EDGE('',*,*,#9628,.F.);
#9628 = EDGE_CURVE('',#9604,#2881,#9629,.T.);
#9629 = LINE('',#9630,#9631);
#9630 = CARTESIAN_POINT('',(-10.5,-25.,0.));
#9631 = VECTOR('',#9632,1.);
#9632 = DIRECTION('',(4.E-17,1.,0.));
#9633 = ORIENTED_EDGE('',*,*,#9612,.T.);
#9634 = ORIENTED_EDGE('',*,*,#2846,.T.);
#9635 = ORIENTED_EDGE('',*,*,#2890,.F.);
#9636 = PLANE('',#9637);
#9637 = AXIS2_PLACEMENT_3D('',#9638,#9639,#9640);
#9638 = CARTESIAN_POINT('',(-10.5,-25.,0.));
#9639 = DIRECTION('',(-1.,4.E-17,0.));
#9640 = DIRECTION('',(4.E-17,1.,0.));
#9641 = ADVANCED_FACE('',(#9642),#9661,.F.);
#9642 = FACE_BOUND('',#9643,.F.);
#9643 = EDGE_LOOP('',(#9644,#9652,#9653,#9654));
#9644 = ORIENTED_EDGE('',*,*,#9645,.F.);
#9645 = EDGE_CURVE('',#2864,#9646,#9648,.T.);
#9646 = VERTEX_POINT('',#9647);
#9647 = CARTESIAN_POINT('',(-9.39,-13.97,2.E-15));
#9648 = LINE('',#9649,#9650);
#9649 = CARTESIAN_POINT('',(-9.39,-13.97,55.715027595793));
#9650 = VECTOR('',#9651,1.);
#9651 = DIRECTION('',(-0.,-0.,-1.));
#9652 = ORIENTED_EDGE('',*,*,#2863,.F.);
#9653 = ORIENTED_EDGE('',*,*,#9645,.T.);
#9654 = ORIENTED_EDGE('',*,*,#9655,.T.);
#9655 = EDGE_CURVE('',#9646,#9646,#9656,.T.);
#9656 = CIRCLE('',#9657,0.5);
#9657 = AXIS2_PLACEMENT_3D('',#9658,#9659,#9660);
#9658 = CARTESIAN_POINT('',(-8.89,-13.97,0.));
#9659 = DIRECTION('',(0.,0.,1.));
#9660 = DIRECTION('',(1.,0.,-0.));
#9661 = CYLINDRICAL_SURFACE('',#9662,0.5);
#9662 = AXIS2_PLACEMENT_3D('',#9663,#9664,#9665);
#9663 = CARTESIAN_POINT('',(-8.89,-13.97,55.715027595793));
#9664 = DIRECTION('',(0.,0.,1.));
#9665 = DIRECTION('',(1.,0.,-0.));
#9666 = ADVANCED_FACE('',(#9667),#9685,.T.);
#9667 = FACE_BOUND('',#9668,.T.);
#9668 = EDGE_LOOP('',(#9669,#9677,#9678,#9679));
#9669 = ORIENTED_EDGE('',*,*,#9670,.F.);
#9670 = EDGE_CURVE('',#2883,#9671,#9673,.T.);
#9671 = VERTEX_POINT('',#9672);
#9672 = CARTESIAN_POINT('',(-10.5,-11.92989998999,0.));
#9673 = LINE('',#9674,#9675);
#9674 = CARTESIAN_POINT('',(-10.5,-25.,0.));
#9675 = VECTOR('',#9676,1.);
#9676 = DIRECTION('',(4.E-17,1.,0.));
#9677 = ORIENTED_EDGE('',*,*,#2897,.T.);
#9678 = ORIENTED_EDGE('',*,*,#2911,.T.);
#9679 = ORIENTED_EDGE('',*,*,#9680,.F.);
#9680 = EDGE_CURVE('',#9671,#2912,#9681,.T.);
#9681 = LINE('',#9682,#9683);
#9682 = CARTESIAN_POINT('',(-10.5,-11.92989998999,55.905302825492));
#9683 = VECTOR('',#9684,1.);
#9684 = DIRECTION('',(0.,0.,1.));
#9685 = PLANE('',#9686);
#9686 = AXIS2_PLACEMENT_3D('',#9687,#9688,#9689);
#9687 = CARTESIAN_POINT('',(-10.5,-25.,0.));
#9688 = DIRECTION('',(-1.,4.E-17,0.));
#9689 = DIRECTION('',(4.E-17,1.,0.));
#9690 = ADVANCED_FACE('',(#9691),#9710,.F.);
#9691 = FACE_BOUND('',#9692,.F.);
#9692 = EDGE_LOOP('',(#9693,#9702,#9708,#9709));
#9693 = ORIENTED_EDGE('',*,*,#9694,.T.);
#9694 = EDGE_CURVE('',#9671,#9695,#9697,.T.);
#9695 = VERTEX_POINT('',#9696);
#9696 = CARTESIAN_POINT('',(-10.5,-10.93010001,0.));
#9697 = CIRCLE('',#9698,0.5);
#9698 = AXIS2_PLACEMENT_3D('',#9699,#9700,#9701);
#9699 = CARTESIAN_POINT('',(-10.49,-11.43,0.));
#9700 = DIRECTION('',(0.,0.,1.));
#9701 = DIRECTION('',(1.,0.,-0.));
#9702 = ORIENTED_EDGE('',*,*,#9703,.T.);
#9703 = EDGE_CURVE('',#9695,#2923,#9704,.T.);
#9704 = LINE('',#9705,#9706);
#9705 = CARTESIAN_POINT('',(-10.5,-10.93010001,55.905302825492));
#9706 = VECTOR('',#9707,1.);
#9707 = DIRECTION('',(0.,0.,1.));
#9708 = ORIENTED_EDGE('',*,*,#2930,.F.);
#9709 = ORIENTED_EDGE('',*,*,#9680,.F.);
#9710 = CYLINDRICAL_SURFACE('',#9711,0.5);
#9711 = AXIS2_PLACEMENT_3D('',#9712,#9713,#9714);
#9712 = CARTESIAN_POINT('',(-10.49,-11.43,55.905302825492));
#9713 = DIRECTION('',(0.,0.,1.));
#9714 = DIRECTION('',(1.,0.,-0.));
#9715 = ADVANCED_FACE('',(#9716),#9727,.T.);
#9716 = FACE_BOUND('',#9717,.T.);
#9717 = EDGE_LOOP('',(#9718,#9724,#9725,#9726));
#9718 = ORIENTED_EDGE('',*,*,#9719,.F.);
#9719 = EDGE_CURVE('',#9695,#2957,#9720,.T.);
#9720 = LINE('',#9721,#9722);
#9721 = CARTESIAN_POINT('',(-10.5,-25.,0.));
#9722 = VECTOR('',#9723,1.);
#9723 = DIRECTION('',(4.E-17,1.,0.));
#9724 = ORIENTED_EDGE('',*,*,#9703,.T.);
#9725 = ORIENTED_EDGE('',*,*,#2922,.T.);
#9726 = ORIENTED_EDGE('',*,*,#2966,.F.);
#9727 = PLANE('',#9728);
#9728 = AXIS2_PLACEMENT_3D('',#9729,#9730,#9731);
#9729 = CARTESIAN_POINT('',(-10.5,-25.,0.));
#9730 = DIRECTION('',(-1.,4.E-17,0.));
#9731 = DIRECTION('',(4.E-17,1.,0.));
#9732 = ADVANCED_FACE('',(#9733),#9752,.F.);
#9733 = FACE_BOUND('',#9734,.F.);
#9734 = EDGE_LOOP('',(#9735,#9743,#9744,#9745));
#9735 = ORIENTED_EDGE('',*,*,#9736,.F.);
#9736 = EDGE_CURVE('',#2940,#9737,#9739,.T.);
#9737 = VERTEX_POINT('',#9738);
#9738 = CARTESIAN_POINT('',(-9.39,-11.43,2.E-15));
#9739 = LINE('',#9740,#9741);
#9740 = CARTESIAN_POINT('',(-9.39,-11.43,55.715027595793));
#9741 = VECTOR('',#9742,1.);
#9742 = DIRECTION('',(-0.,-0.,-1.));
#9743 = ORIENTED_EDGE('',*,*,#2939,.F.);
#9744 = ORIENTED_EDGE('',*,*,#9736,.T.);
#9745 = ORIENTED_EDGE('',*,*,#9746,.T.);
#9746 = EDGE_CURVE('',#9737,#9737,#9747,.T.);
#9747 = CIRCLE('',#9748,0.5);
#9748 = AXIS2_PLACEMENT_3D('',#9749,#9750,#9751);
#9749 = CARTESIAN_POINT('',(-8.89,-11.43,0.));
#9750 = DIRECTION('',(0.,0.,1.));
#9751 = DIRECTION('',(1.,0.,-0.));
#9752 = CYLINDRICAL_SURFACE('',#9753,0.5);
#9753 = AXIS2_PLACEMENT_3D('',#9754,#9755,#9756);
#9754 = CARTESIAN_POINT('',(-8.89,-11.43,55.715027595793));
#9755 = DIRECTION('',(0.,0.,1.));
#9756 = DIRECTION('',(1.,0.,-0.));
#9757 = ADVANCED_FACE('',(#9758),#9776,.T.);
#9758 = FACE_BOUND('',#9759,.T.);
#9759 = EDGE_LOOP('',(#9760,#9768,#9769,#9770));
#9760 = ORIENTED_EDGE('',*,*,#9761,.F.);
#9761 = EDGE_CURVE('',#2959,#9762,#9764,.T.);
#9762 = VERTEX_POINT('',#9763);
#9763 = CARTESIAN_POINT('',(-10.5,-9.389899989998,0.));
#9764 = LINE('',#9765,#9766);
#9765 = CARTESIAN_POINT('',(-10.5,-25.,0.));
#9766 = VECTOR('',#9767,1.);
#9767 = DIRECTION('',(4.E-17,1.,0.));
#9768 = ORIENTED_EDGE('',*,*,#2973,.T.);
#9769 = ORIENTED_EDGE('',*,*,#2987,.T.);
#9770 = ORIENTED_EDGE('',*,*,#9771,.F.);
#9771 = EDGE_CURVE('',#9762,#2988,#9772,.T.);
#9772 = LINE('',#9773,#9774);
#9773 = CARTESIAN_POINT('',(-10.5,-9.389899989998,55.905302825492));
#9774 = VECTOR('',#9775,1.);
#9775 = DIRECTION('',(0.,0.,1.));
#9776 = PLANE('',#9777);
#9777 = AXIS2_PLACEMENT_3D('',#9778,#9779,#9780);
#9778 = CARTESIAN_POINT('',(-10.5,-25.,0.));
#9779 = DIRECTION('',(-1.,4.E-17,0.));
#9780 = DIRECTION('',(4.E-17,1.,0.));
#9781 = ADVANCED_FACE('',(#9782),#9801,.F.);
#9782 = FACE_BOUND('',#9783,.F.);
#9783 = EDGE_LOOP('',(#9784,#9793,#9799,#9800));
#9784 = ORIENTED_EDGE('',*,*,#9785,.T.);
#9785 = EDGE_CURVE('',#9762,#9786,#9788,.T.);
#9786 = VERTEX_POINT('',#9787);
#9787 = CARTESIAN_POINT('',(-10.5,-8.390100010002,0.));
#9788 = CIRCLE('',#9789,0.5);
#9789 = AXIS2_PLACEMENT_3D('',#9790,#9791,#9792);
#9790 = CARTESIAN_POINT('',(-10.49,-8.89,0.));
#9791 = DIRECTION('',(0.,0.,1.));
#9792 = DIRECTION('',(1.,0.,-0.));
#9793 = ORIENTED_EDGE('',*,*,#9794,.T.);
#9794 = EDGE_CURVE('',#9786,#2999,#9795,.T.);
#9795 = LINE('',#9796,#9797);
#9796 = CARTESIAN_POINT('',(-10.5,-8.390100010002,55.905302825492));
#9797 = VECTOR('',#9798,1.);
#9798 = DIRECTION('',(0.,0.,1.));
#9799 = ORIENTED_EDGE('',*,*,#3006,.F.);
#9800 = ORIENTED_EDGE('',*,*,#9771,.F.);
#9801 = CYLINDRICAL_SURFACE('',#9802,0.5);
#9802 = AXIS2_PLACEMENT_3D('',#9803,#9804,#9805);
#9803 = CARTESIAN_POINT('',(-10.49,-8.89,55.905302825492));
#9804 = DIRECTION('',(0.,0.,1.));
#9805 = DIRECTION('',(1.,0.,-0.));
#9806 = ADVANCED_FACE('',(#9807),#9818,.T.);
#9807 = FACE_BOUND('',#9808,.T.);
#9808 = EDGE_LOOP('',(#9809,#9815,#9816,#9817));
#9809 = ORIENTED_EDGE('',*,*,#9810,.F.);
#9810 = EDGE_CURVE('',#9786,#3033,#9811,.T.);
#9811 = LINE('',#9812,#9813);
#9812 = CARTESIAN_POINT('',(-10.5,-25.,0.));
#9813 = VECTOR('',#9814,1.);
#9814 = DIRECTION('',(4.E-17,1.,0.));
#9815 = ORIENTED_EDGE('',*,*,#9794,.T.);
#9816 = ORIENTED_EDGE('',*,*,#2998,.T.);
#9817 = ORIENTED_EDGE('',*,*,#3042,.F.);
#9818 = PLANE('',#9819);
#9819 = AXIS2_PLACEMENT_3D('',#9820,#9821,#9822);
#9820 = CARTESIAN_POINT('',(-10.5,-25.,0.));
#9821 = DIRECTION('',(-1.,4.E-17,0.));
#9822 = DIRECTION('',(4.E-17,1.,0.));
#9823 = ADVANCED_FACE('',(#9824),#9843,.F.);
#9824 = FACE_BOUND('',#9825,.F.);
#9825 = EDGE_LOOP('',(#9826,#9834,#9835,#9836));
#9826 = ORIENTED_EDGE('',*,*,#9827,.F.);
#9827 = EDGE_CURVE('',#3016,#9828,#9830,.T.);
#9828 = VERTEX_POINT('',#9829);
#9829 = CARTESIAN_POINT('',(-9.39,-8.89,2.E-15));
#9830 = LINE('',#9831,#9832);
#9831 = CARTESIAN_POINT('',(-9.39,-8.89,55.715027595793));
#9832 = VECTOR('',#9833,1.);
#9833 = DIRECTION('',(-0.,-0.,-1.));
#9834 = ORIENTED_EDGE('',*,*,#3015,.F.);
#9835 = ORIENTED_EDGE('',*,*,#9827,.T.);
#9836 = ORIENTED_EDGE('',*,*,#9837,.T.);
#9837 = EDGE_CURVE('',#9828,#9828,#9838,.T.);
#9838 = CIRCLE('',#9839,0.5);
#9839 = AXIS2_PLACEMENT_3D('',#9840,#9841,#9842);
#9840 = CARTESIAN_POINT('',(-8.89,-8.89,0.));
#9841 = DIRECTION('',(0.,0.,1.));
#9842 = DIRECTION('',(1.,0.,-0.));
#9843 = CYLINDRICAL_SURFACE('',#9844,0.5);
#9844 = AXIS2_PLACEMENT_3D('',#9845,#9846,#9847);
#9845 = CARTESIAN_POINT('',(-8.89,-8.89,55.715027595793));
#9846 = DIRECTION('',(0.,0.,1.));
#9847 = DIRECTION('',(1.,0.,-0.));
#9848 = ADVANCED_FACE('',(#9849),#9867,.T.);
#9849 = FACE_BOUND('',#9850,.T.);
#9850 = EDGE_LOOP('',(#9851,#9859,#9860,#9861));
#9851 = ORIENTED_EDGE('',*,*,#9852,.F.);
#9852 = EDGE_CURVE('',#3035,#9853,#9855,.T.);
#9853 = VERTEX_POINT('',#9854);
#9854 = CARTESIAN_POINT('',(-10.5,-6.849899989998,0.));
#9855 = LINE('',#9856,#9857);
#9856 = CARTESIAN_POINT('',(-10.5,-25.,0.));
#9857 = VECTOR('',#9858,1.);
#9858 = DIRECTION('',(4.E-17,1.,0.));
#9859 = ORIENTED_EDGE('',*,*,#3049,.T.);
#9860 = ORIENTED_EDGE('',*,*,#3063,.T.);
#9861 = ORIENTED_EDGE('',*,*,#9862,.F.);
#9862 = EDGE_CURVE('',#9853,#3064,#9863,.T.);
#9863 = LINE('',#9864,#9865);
#9864 = CARTESIAN_POINT('',(-10.5,-6.849899989998,55.905302825492));
#9865 = VECTOR('',#9866,1.);
#9866 = DIRECTION('',(0.,0.,1.));
#9867 = PLANE('',#9868);
#9868 = AXIS2_PLACEMENT_3D('',#9869,#9870,#9871);
#9869 = CARTESIAN_POINT('',(-10.5,-25.,0.));
#9870 = DIRECTION('',(-1.,4.E-17,0.));
#9871 = DIRECTION('',(4.E-17,1.,0.));
#9872 = ADVANCED_FACE('',(#9873),#9892,.F.);
#9873 = FACE_BOUND('',#9874,.F.);
#9874 = EDGE_LOOP('',(#9875,#9884,#9890,#9891));
#9875 = ORIENTED_EDGE('',*,*,#9876,.T.);
#9876 = EDGE_CURVE('',#9853,#9877,#9879,.T.);
#9877 = VERTEX_POINT('',#9878);
#9878 = CARTESIAN_POINT('',(-10.5,-5.850100010002,0.));
#9879 = CIRCLE('',#9880,0.5);
#9880 = AXIS2_PLACEMENT_3D('',#9881,#9882,#9883);
#9881 = CARTESIAN_POINT('',(-10.49,-6.35,0.));
#9882 = DIRECTION('',(0.,0.,1.));
#9883 = DIRECTION('',(1.,0.,-0.));
#9884 = ORIENTED_EDGE('',*,*,#9885,.T.);
#9885 = EDGE_CURVE('',#9877,#3077,#9886,.T.);
#9886 = LINE('',#9887,#9888);
#9887 = CARTESIAN_POINT('',(-10.5,-5.850100010002,55.905302825492));
#9888 = VECTOR('',#9889,1.);
#9889 = DIRECTION('',(0.,0.,1.));
#9890 = ORIENTED_EDGE('',*,*,#3084,.F.);
#9891 = ORIENTED_EDGE('',*,*,#9862,.F.);
#9892 = CYLINDRICAL_SURFACE('',#9893,0.5);
#9893 = AXIS2_PLACEMENT_3D('',#9894,#9895,#9896);
#9894 = CARTESIAN_POINT('',(-10.49,-6.35,55.905302825492));
#9895 = DIRECTION('',(0.,0.,1.));
#9896 = DIRECTION('',(1.,0.,-0.));
#9897 = ADVANCED_FACE('',(#9898),#9909,.T.);
#9898 = FACE_BOUND('',#9899,.T.);
#9899 = EDGE_LOOP('',(#9900,#9906,#9907,#9908));
#9900 = ORIENTED_EDGE('',*,*,#9901,.F.);
#9901 = EDGE_CURVE('',#9877,#3111,#9902,.T.);
#9902 = LINE('',#9903,#9904);
#9903 = CARTESIAN_POINT('',(-10.5,-25.,0.));
#9904 = VECTOR('',#9905,1.);
#9905 = DIRECTION('',(4.E-17,1.,0.));
#9906 = ORIENTED_EDGE('',*,*,#9885,.T.);
#9907 = ORIENTED_EDGE('',*,*,#3076,.T.);
#9908 = ORIENTED_EDGE('',*,*,#3120,.F.);
#9909 = PLANE('',#9910);
#9910 = AXIS2_PLACEMENT_3D('',#9911,#9912,#9913);
#9911 = CARTESIAN_POINT('',(-10.5,-25.,0.));
#9912 = DIRECTION('',(-1.,4.E-17,0.));
#9913 = DIRECTION('',(4.E-17,1.,0.));
#9914 = ADVANCED_FACE('',(#9915),#9934,.F.);
#9915 = FACE_BOUND('',#9916,.F.);
#9916 = EDGE_LOOP('',(#9917,#9925,#9926,#9927));
#9917 = ORIENTED_EDGE('',*,*,#9918,.F.);
#9918 = EDGE_CURVE('',#3094,#9919,#9921,.T.);
#9919 = VERTEX_POINT('',#9920);
#9920 = CARTESIAN_POINT('',(-9.39,-6.35,1.E-15));
#9921 = LINE('',#9922,#9923);
#9922 = CARTESIAN_POINT('',(-9.39,-6.35,55.715027595793));
#9923 = VECTOR('',#9924,1.);
#9924 = DIRECTION('',(-0.,-0.,-1.));
#9925 = ORIENTED_EDGE('',*,*,#3093,.F.);
#9926 = ORIENTED_EDGE('',*,*,#9918,.T.);
#9927 = ORIENTED_EDGE('',*,*,#9928,.T.);
#9928 = EDGE_CURVE('',#9919,#9919,#9929,.T.);
#9929 = CIRCLE('',#9930,0.5);
#9930 = AXIS2_PLACEMENT_3D('',#9931,#9932,#9933);
#9931 = CARTESIAN_POINT('',(-8.89,-6.35,0.));
#9932 = DIRECTION('',(0.,0.,1.));
#9933 = DIRECTION('',(1.,0.,-0.));
#9934 = CYLINDRICAL_SURFACE('',#9935,0.5);
#9935 = AXIS2_PLACEMENT_3D('',#9936,#9937,#9938);
#9936 = CARTESIAN_POINT('',(-8.89,-6.35,55.715027595793));
#9937 = DIRECTION('',(0.,0.,1.));
#9938 = DIRECTION('',(1.,0.,-0.));
#9939 = ADVANCED_FACE('',(#9940),#9958,.T.);
#9940 = FACE_BOUND('',#9941,.T.);
#9941 = EDGE_LOOP('',(#9942,#9950,#9951,#9952));
#9942 = ORIENTED_EDGE('',*,*,#9943,.F.);
#9943 = EDGE_CURVE('',#3113,#9944,#9946,.T.);
#9944 = VERTEX_POINT('',#9945);
#9945 = CARTESIAN_POINT('',(-10.5,-4.309899989998,0.));
#9946 = LINE('',#9947,#9948);
#9947 = CARTESIAN_POINT('',(-10.5,-25.,0.));
#9948 = VECTOR('',#9949,1.);
#9949 = DIRECTION('',(4.E-17,1.,0.));
#9950 = ORIENTED_EDGE('',*,*,#3127,.T.);
#9951 = ORIENTED_EDGE('',*,*,#3141,.T.);
#9952 = ORIENTED_EDGE('',*,*,#9953,.F.);
#9953 = EDGE_CURVE('',#9944,#3142,#9954,.T.);
#9954 = LINE('',#9955,#9956);
#9955 = CARTESIAN_POINT('',(-10.5,-4.309899989998,55.905302825492));
#9956 = VECTOR('',#9957,1.);
#9957 = DIRECTION('',(0.,0.,1.));
#9958 = PLANE('',#9959);
#9959 = AXIS2_PLACEMENT_3D('',#9960,#9961,#9962);
#9960 = CARTESIAN_POINT('',(-10.5,-25.,0.));
#9961 = DIRECTION('',(-1.,4.E-17,0.));
#9962 = DIRECTION('',(4.E-17,1.,0.));
#9963 = ADVANCED_FACE('',(#9964),#9983,.F.);
#9964 = FACE_BOUND('',#9965,.F.);
#9965 = EDGE_LOOP('',(#9966,#9975,#9981,#9982));
#9966 = ORIENTED_EDGE('',*,*,#9967,.T.);
#9967 = EDGE_CURVE('',#9944,#9968,#9970,.T.);
#9968 = VERTEX_POINT('',#9969);
#9969 = CARTESIAN_POINT('',(-10.5,-3.310100010002,0.));
#9970 = CIRCLE('',#9971,0.5);
#9971 = AXIS2_PLACEMENT_3D('',#9972,#9973,#9974);
#9972 = CARTESIAN_POINT('',(-10.49,-3.81,0.));
#9973 = DIRECTION('',(0.,0.,1.));
#9974 = DIRECTION('',(1.,0.,-0.));
#9975 = ORIENTED_EDGE('',*,*,#9976,.T.);
#9976 = EDGE_CURVE('',#9968,#3153,#9977,.T.);
#9977 = LINE('',#9978,#9979);
#9978 = CARTESIAN_POINT('',(-10.5,-3.310100010002,55.905302825492));
#9979 = VECTOR('',#9980,1.);
#9980 = DIRECTION('',(0.,0.,1.));
#9981 = ORIENTED_EDGE('',*,*,#3160,.F.);
#9982 = ORIENTED_EDGE('',*,*,#9953,.F.);
#9983 = CYLINDRICAL_SURFACE('',#9984,0.5);
#9984 = AXIS2_PLACEMENT_3D('',#9985,#9986,#9987);
#9985 = CARTESIAN_POINT('',(-10.49,-3.81,55.905302825492));
#9986 = DIRECTION('',(0.,0.,1.));
#9987 = DIRECTION('',(1.,0.,-0.));
#9988 = ADVANCED_FACE('',(#9989),#10000,.T.);
#9989 = FACE_BOUND('',#9990,.T.);
#9990 = EDGE_LOOP('',(#9991,#9997,#9998,#9999));
#9991 = ORIENTED_EDGE('',*,*,#9992,.F.);
#9992 = EDGE_CURVE('',#9968,#3187,#9993,.T.);
#9993 = LINE('',#9994,#9995);
#9994 = CARTESIAN_POINT('',(-10.5,-25.,0.));
#9995 = VECTOR('',#9996,1.);
#9996 = DIRECTION('',(4.E-17,1.,0.));
#9997 = ORIENTED_EDGE('',*,*,#9976,.T.);
#9998 = ORIENTED_EDGE('',*,*,#3152,.T.);
#9999 = ORIENTED_EDGE('',*,*,#3196,.F.);
#10000 = PLANE('',#10001);
#10001 = AXIS2_PLACEMENT_3D('',#10002,#10003,#10004);
#10002 = CARTESIAN_POINT('',(-10.5,-25.,0.));
#10003 = DIRECTION('',(-1.,4.E-17,0.));
#10004 = DIRECTION('',(4.E-17,1.,0.));
#10005 = ADVANCED_FACE('',(#10006),#10025,.F.);
#10006 = FACE_BOUND('',#10007,.F.);
#10007 = EDGE_LOOP('',(#10008,#10016,#10017,#10018));
#10008 = ORIENTED_EDGE('',*,*,#10009,.F.);
#10009 = EDGE_CURVE('',#3170,#10010,#10012,.T.);
#10010 = VERTEX_POINT('',#10011);
#10011 = CARTESIAN_POINT('',(-9.39,-3.81,1.E-15));
#10012 = LINE('',#10013,#10014);
#10013 = CARTESIAN_POINT('',(-9.39,-3.81,55.715027595793));
#10014 = VECTOR('',#10015,1.);
#10015 = DIRECTION('',(-0.,-0.,-1.));
#10016 = ORIENTED_EDGE('',*,*,#3169,.F.);
#10017 = ORIENTED_EDGE('',*,*,#10009,.T.);
#10018 = ORIENTED_EDGE('',*,*,#10019,.T.);
#10019 = EDGE_CURVE('',#10010,#10010,#10020,.T.);
#10020 = CIRCLE('',#10021,0.5);
#10021 = AXIS2_PLACEMENT_3D('',#10022,#10023,#10024);
#10022 = CARTESIAN_POINT('',(-8.89,-3.81,0.));
#10023 = DIRECTION('',(0.,0.,1.));
#10024 = DIRECTION('',(1.,0.,-0.));
#10025 = CYLINDRICAL_SURFACE('',#10026,0.5);
#10026 = AXIS2_PLACEMENT_3D('',#10027,#10028,#10029);
#10027 = CARTESIAN_POINT('',(-8.89,-3.81,55.715027595793));
#10028 = DIRECTION('',(0.,0.,1.));
#10029 = DIRECTION('',(1.,0.,-0.));
#10030 = ADVANCED_FACE('',(#10031),#10049,.T.);
#10031 = FACE_BOUND('',#10032,.T.);
#10032 = EDGE_LOOP('',(#10033,#10041,#10042,#10043));
#10033 = ORIENTED_EDGE('',*,*,#10034,.F.);
#10034 = EDGE_CURVE('',#3189,#10035,#10037,.T.);
#10035 = VERTEX_POINT('',#10036);
#10036 = CARTESIAN_POINT('',(-10.5,-1.769899989998,0.));
#10037 = LINE('',#10038,#10039);
#10038 = CARTESIAN_POINT('',(-10.5,-25.,0.));
#10039 = VECTOR('',#10040,1.);
#10040 = DIRECTION('',(4.E-17,1.,0.));
#10041 = ORIENTED_EDGE('',*,*,#3203,.T.);
#10042 = ORIENTED_EDGE('',*,*,#3217,.T.);
#10043 = ORIENTED_EDGE('',*,*,#10044,.F.);
#10044 = EDGE_CURVE('',#10035,#3218,#10045,.T.);
#10045 = LINE('',#10046,#10047);
#10046 = CARTESIAN_POINT('',(-10.5,-1.769899989998,55.905302825492));
#10047 = VECTOR('',#10048,1.);
#10048 = DIRECTION('',(0.,0.,1.));
#10049 = PLANE('',#10050);
#10050 = AXIS2_PLACEMENT_3D('',#10051,#10052,#10053);
#10051 = CARTESIAN_POINT('',(-10.5,-25.,0.));
#10052 = DIRECTION('',(-1.,4.E-17,0.));
#10053 = DIRECTION('',(4.E-17,1.,0.));
#10054 = ADVANCED_FACE('',(#10055),#10074,.F.);
#10055 = FACE_BOUND('',#10056,.F.);
#10056 = EDGE_LOOP('',(#10057,#10066,#10072,#10073));
#10057 = ORIENTED_EDGE('',*,*,#10058,.T.);
#10058 = EDGE_CURVE('',#10035,#10059,#10061,.T.);
#10059 = VERTEX_POINT('',#10060);
#10060 = CARTESIAN_POINT('',(-10.5,-0.770100010002,0.));
#10061 = CIRCLE('',#10062,0.5);
#10062 = AXIS2_PLACEMENT_3D('',#10063,#10064,#10065);
#10063 = CARTESIAN_POINT('',(-10.49,-1.27,0.));
#10064 = DIRECTION('',(0.,0.,1.));
#10065 = DIRECTION('',(1.,0.,-0.));
#10066 = ORIENTED_EDGE('',*,*,#10067,.T.);
#10067 = EDGE_CURVE('',#10059,#3229,#10068,.T.);
#10068 = LINE('',#10069,#10070);
#10069 = CARTESIAN_POINT('',(-10.5,-0.770100010002,55.905302825492));
#10070 = VECTOR('',#10071,1.);
#10071 = DIRECTION('',(0.,0.,1.));
#10072 = ORIENTED_EDGE('',*,*,#3236,.F.);
#10073 = ORIENTED_EDGE('',*,*,#10044,.F.);
#10074 = CYLINDRICAL_SURFACE('',#10075,0.5);
#10075 = AXIS2_PLACEMENT_3D('',#10076,#10077,#10078);
#10076 = CARTESIAN_POINT('',(-10.49,-1.27,55.905302825492));
#10077 = DIRECTION('',(0.,0.,1.));
#10078 = DIRECTION('',(1.,0.,-0.));
#10079 = ADVANCED_FACE('',(#10080),#10091,.T.);
#10080 = FACE_BOUND('',#10081,.T.);
#10081 = EDGE_LOOP('',(#10082,#10088,#10089,#10090));
#10082 = ORIENTED_EDGE('',*,*,#10083,.F.);
#10083 = EDGE_CURVE('',#10059,#3263,#10084,.T.);
#10084 = LINE('',#10085,#10086);
#10085 = CARTESIAN_POINT('',(-10.5,-25.,0.));
#10086 = VECTOR('',#10087,1.);
#10087 = DIRECTION('',(4.E-17,1.,0.));
#10088 = ORIENTED_EDGE('',*,*,#10067,.T.);
#10089 = ORIENTED_EDGE('',*,*,#3228,.T.);
#10090 = ORIENTED_EDGE('',*,*,#3272,.F.);
#10091 = PLANE('',#10092);
#10092 = AXIS2_PLACEMENT_3D('',#10093,#10094,#10095);
#10093 = CARTESIAN_POINT('',(-10.5,-25.,0.));
#10094 = DIRECTION('',(-1.,4.E-17,0.));
#10095 = DIRECTION('',(4.E-17,1.,0.));
#10096 = ADVANCED_FACE('',(#10097),#10116,.F.);
#10097 = FACE_BOUND('',#10098,.F.);
#10098 = EDGE_LOOP('',(#10099,#10107,#10108,#10109));
#10099 = ORIENTED_EDGE('',*,*,#10100,.F.);
#10100 = EDGE_CURVE('',#3246,#10101,#10103,.T.);
#10101 = VERTEX_POINT('',#10102);
#10102 = CARTESIAN_POINT('',(-9.39,-1.27,1.E-15));
#10103 = LINE('',#10104,#10105);
#10104 = CARTESIAN_POINT('',(-9.39,-1.27,55.715027595793));
#10105 = VECTOR('',#10106,1.);
#10106 = DIRECTION('',(-0.,-0.,-1.));
#10107 = ORIENTED_EDGE('',*,*,#3245,.F.);
#10108 = ORIENTED_EDGE('',*,*,#10100,.T.);
#10109 = ORIENTED_EDGE('',*,*,#10110,.T.);
#10110 = EDGE_CURVE('',#10101,#10101,#10111,.T.);
#10111 = CIRCLE('',#10112,0.5);
#10112 = AXIS2_PLACEMENT_3D('',#10113,#10114,#10115);
#10113 = CARTESIAN_POINT('',(-8.89,-1.27,0.));
#10114 = DIRECTION('',(0.,0.,1.));
#10115 = DIRECTION('',(1.,0.,-0.));
#10116 = CYLINDRICAL_SURFACE('',#10117,0.5);
#10117 = AXIS2_PLACEMENT_3D('',#10118,#10119,#10120);
#10118 = CARTESIAN_POINT('',(-8.89,-1.27,55.715027595793));
#10119 = DIRECTION('',(0.,0.,1.));
#10120 = DIRECTION('',(1.,0.,-0.));
#10121 = ADVANCED_FACE('',(#10122),#10140,.T.);
#10122 = FACE_BOUND('',#10123,.T.);
#10123 = EDGE_LOOP('',(#10124,#10132,#10133,#10134));
#10124 = ORIENTED_EDGE('',*,*,#10125,.F.);
#10125 = EDGE_CURVE('',#3265,#10126,#10128,.T.);
#10126 = VERTEX_POINT('',#10127);
#10127 = CARTESIAN_POINT('',(-10.5,0.770100010002,0.));
#10128 = LINE('',#10129,#10130);
#10129 = CARTESIAN_POINT('',(-10.5,-25.,0.));
#10130 = VECTOR('',#10131,1.);
#10131 = DIRECTION('',(4.E-17,1.,0.));
#10132 = ORIENTED_EDGE('',*,*,#3279,.T.);
#10133 = ORIENTED_EDGE('',*,*,#3293,.T.);
#10134 = ORIENTED_EDGE('',*,*,#10135,.F.);
#10135 = EDGE_CURVE('',#10126,#3294,#10136,.T.);
#10136 = LINE('',#10137,#10138);
#10137 = CARTESIAN_POINT('',(-10.5,0.770100010002,55.905302825492));
#10138 = VECTOR('',#10139,1.);
#10139 = DIRECTION('',(0.,0.,1.));
#10140 = PLANE('',#10141);
#10141 = AXIS2_PLACEMENT_3D('',#10142,#10143,#10144);
#10142 = CARTESIAN_POINT('',(-10.5,-25.,0.));
#10143 = DIRECTION('',(-1.,4.E-17,0.));
#10144 = DIRECTION('',(4.E-17,1.,0.));
#10145 = ADVANCED_FACE('',(#10146),#10165,.F.);
#10146 = FACE_BOUND('',#10147,.F.);
#10147 = EDGE_LOOP('',(#10148,#10157,#10163,#10164));
#10148 = ORIENTED_EDGE('',*,*,#10149,.T.);
#10149 = EDGE_CURVE('',#10126,#10150,#10152,.T.);
#10150 = VERTEX_POINT('',#10151);
#10151 = CARTESIAN_POINT('',(-10.5,1.769899989998,0.));
#10152 = CIRCLE('',#10153,0.5);
#10153 = AXIS2_PLACEMENT_3D('',#10154,#10155,#10156);
#10154 = CARTESIAN_POINT('',(-10.49,1.27,0.));
#10155 = DIRECTION('',(0.,0.,1.));
#10156 = DIRECTION('',(1.,0.,-0.));
#10157 = ORIENTED_EDGE('',*,*,#10158,.T.);
#10158 = EDGE_CURVE('',#10150,#3305,#10159,.T.);
#10159 = LINE('',#10160,#10161);
#10160 = CARTESIAN_POINT('',(-10.5,1.769899989998,55.905302825492));
#10161 = VECTOR('',#10162,1.);
#10162 = DIRECTION('',(0.,0.,1.));
#10163 = ORIENTED_EDGE('',*,*,#3312,.F.);
#10164 = ORIENTED_EDGE('',*,*,#10135,.F.);
#10165 = CYLINDRICAL_SURFACE('',#10166,0.5);
#10166 = AXIS2_PLACEMENT_3D('',#10167,#10168,#10169);
#10167 = CARTESIAN_POINT('',(-10.49,1.27,55.905302825492));
#10168 = DIRECTION('',(0.,0.,1.));
#10169 = DIRECTION('',(1.,0.,-0.));
#10170 = ADVANCED_FACE('',(#10171),#10182,.T.);
#10171 = FACE_BOUND('',#10172,.T.);
#10172 = EDGE_LOOP('',(#10173,#10179,#10180,#10181));
#10173 = ORIENTED_EDGE('',*,*,#10174,.F.);
#10174 = EDGE_CURVE('',#10150,#3339,#10175,.T.);
#10175 = LINE('',#10176,#10177);
#10176 = CARTESIAN_POINT('',(-10.5,-25.,0.));
#10177 = VECTOR('',#10178,1.);
#10178 = DIRECTION('',(4.E-17,1.,0.));
#10179 = ORIENTED_EDGE('',*,*,#10158,.T.);
#10180 = ORIENTED_EDGE('',*,*,#3304,.T.);
#10181 = ORIENTED_EDGE('',*,*,#3348,.F.);
#10182 = PLANE('',#10183);
#10183 = AXIS2_PLACEMENT_3D('',#10184,#10185,#10186);
#10184 = CARTESIAN_POINT('',(-10.5,-25.,0.));
#10185 = DIRECTION('',(-1.,4.E-17,0.));
#10186 = DIRECTION('',(4.E-17,1.,0.));
#10187 = ADVANCED_FACE('',(#10188),#10207,.F.);
#10188 = FACE_BOUND('',#10189,.F.);
#10189 = EDGE_LOOP('',(#10190,#10198,#10199,#10200));
#10190 = ORIENTED_EDGE('',*,*,#10191,.F.);
#10191 = EDGE_CURVE('',#3322,#10192,#10194,.T.);
#10192 = VERTEX_POINT('',#10193);
#10193 = CARTESIAN_POINT('',(-9.39,1.27,1.E-15));
#10194 = LINE('',#10195,#10196);
#10195 = CARTESIAN_POINT('',(-9.39,1.27,55.715027595793));
#10196 = VECTOR('',#10197,1.);
#10197 = DIRECTION('',(-0.,-0.,-1.));
#10198 = ORIENTED_EDGE('',*,*,#3321,.F.);
#10199 = ORIENTED_EDGE('',*,*,#10191,.T.);
#10200 = ORIENTED_EDGE('',*,*,#10201,.T.);
#10201 = EDGE_CURVE('',#10192,#10192,#10202,.T.);
#10202 = CIRCLE('',#10203,0.5);
#10203 = AXIS2_PLACEMENT_3D('',#10204,#10205,#10206);
#10204 = CARTESIAN_POINT('',(-8.89,1.27,0.));
#10205 = DIRECTION('',(0.,0.,1.));
#10206 = DIRECTION('',(1.,0.,-0.));
#10207 = CYLINDRICAL_SURFACE('',#10208,0.5);
#10208 = AXIS2_PLACEMENT_3D('',#10209,#10210,#10211);
#10209 = CARTESIAN_POINT('',(-8.89,1.27,55.715027595793));
#10210 = DIRECTION('',(0.,0.,1.));
#10211 = DIRECTION('',(1.,0.,-0.));
#10212 = ADVANCED_FACE('',(#10213),#10231,.T.);
#10213 = FACE_BOUND('',#10214,.T.);
#10214 = EDGE_LOOP('',(#10215,#10223,#10224,#10225));
#10215 = ORIENTED_EDGE('',*,*,#10216,.F.);
#10216 = EDGE_CURVE('',#3341,#10217,#10219,.T.);
#10217 = VERTEX_POINT('',#10218);
#10218 = CARTESIAN_POINT('',(-10.5,3.310100010002,0.));
#10219 = LINE('',#10220,#10221);
#10220 = CARTESIAN_POINT('',(-10.5,-25.,0.));
#10221 = VECTOR('',#10222,1.);
#10222 = DIRECTION('',(4.E-17,1.,0.));
#10223 = ORIENTED_EDGE('',*,*,#3355,.T.);
#10224 = ORIENTED_EDGE('',*,*,#3369,.T.);
#10225 = ORIENTED_EDGE('',*,*,#10226,.F.);
#10226 = EDGE_CURVE('',#10217,#3370,#10227,.T.);
#10227 = LINE('',#10228,#10229);
#10228 = CARTESIAN_POINT('',(-10.5,3.310100010002,55.905302825492));
#10229 = VECTOR('',#10230,1.);
#10230 = DIRECTION('',(0.,0.,1.));
#10231 = PLANE('',#10232);
#10232 = AXIS2_PLACEMENT_3D('',#10233,#10234,#10235);
#10233 = CARTESIAN_POINT('',(-10.5,-25.,0.));
#10234 = DIRECTION('',(-1.,4.E-17,0.));
#10235 = DIRECTION('',(4.E-17,1.,0.));
#10236 = ADVANCED_FACE('',(#10237),#10256,.F.);
#10237 = FACE_BOUND('',#10238,.F.);
#10238 = EDGE_LOOP('',(#10239,#10248,#10254,#10255));
#10239 = ORIENTED_EDGE('',*,*,#10240,.T.);
#10240 = EDGE_CURVE('',#10217,#10241,#10243,.T.);
#10241 = VERTEX_POINT('',#10242);
#10242 = CARTESIAN_POINT('',(-10.5,4.309899989998,0.));
#10243 = CIRCLE('',#10244,0.5);
#10244 = AXIS2_PLACEMENT_3D('',#10245,#10246,#10247);
#10245 = CARTESIAN_POINT('',(-10.49,3.81,0.));
#10246 = DIRECTION('',(0.,0.,1.));
#10247 = DIRECTION('',(1.,0.,-0.));
#10248 = ORIENTED_EDGE('',*,*,#10249,.T.);
#10249 = EDGE_CURVE('',#10241,#3381,#10250,.T.);
#10250 = LINE('',#10251,#10252);
#10251 = CARTESIAN_POINT('',(-10.5,4.309899989998,55.905302825492));
#10252 = VECTOR('',#10253,1.);
#10253 = DIRECTION('',(0.,0.,1.));
#10254 = ORIENTED_EDGE('',*,*,#3388,.F.);
#10255 = ORIENTED_EDGE('',*,*,#10226,.F.);
#10256 = CYLINDRICAL_SURFACE('',#10257,0.5);
#10257 = AXIS2_PLACEMENT_3D('',#10258,#10259,#10260);
#10258 = CARTESIAN_POINT('',(-10.49,3.81,55.905302825492));
#10259 = DIRECTION('',(0.,0.,1.));
#10260 = DIRECTION('',(1.,0.,-0.));
#10261 = ADVANCED_FACE('',(#10262),#10273,.T.);
#10262 = FACE_BOUND('',#10263,.T.);
#10263 = EDGE_LOOP('',(#10264,#10270,#10271,#10272));
#10264 = ORIENTED_EDGE('',*,*,#10265,.F.);
#10265 = EDGE_CURVE('',#10241,#3415,#10266,.T.);
#10266 = LINE('',#10267,#10268);
#10267 = CARTESIAN_POINT('',(-10.5,-25.,0.));
#10268 = VECTOR('',#10269,1.);
#10269 = DIRECTION('',(4.E-17,1.,0.));
#10270 = ORIENTED_EDGE('',*,*,#10249,.T.);
#10271 = ORIENTED_EDGE('',*,*,#3380,.T.);
#10272 = ORIENTED_EDGE('',*,*,#3424,.F.);
#10273 = PLANE('',#10274);
#10274 = AXIS2_PLACEMENT_3D('',#10275,#10276,#10277);
#10275 = CARTESIAN_POINT('',(-10.5,-25.,0.));
#10276 = DIRECTION('',(-1.,4.E-17,0.));
#10277 = DIRECTION('',(4.E-17,1.,0.));
#10278 = ADVANCED_FACE('',(#10279),#10298,.F.);
#10279 = FACE_BOUND('',#10280,.F.);
#10280 = EDGE_LOOP('',(#10281,#10289,#10290,#10291));
#10281 = ORIENTED_EDGE('',*,*,#10282,.F.);
#10282 = EDGE_CURVE('',#3398,#10283,#10285,.T.);
#10283 = VERTEX_POINT('',#10284);
#10284 = CARTESIAN_POINT('',(-9.39,3.81,1.E-15));
#10285 = LINE('',#10286,#10287);
#10286 = CARTESIAN_POINT('',(-9.39,3.81,55.715027595793));
#10287 = VECTOR('',#10288,1.);
#10288 = DIRECTION('',(-0.,-0.,-1.));
#10289 = ORIENTED_EDGE('',*,*,#3397,.F.);
#10290 = ORIENTED_EDGE('',*,*,#10282,.T.);
#10291 = ORIENTED_EDGE('',*,*,#10292,.T.);
#10292 = EDGE_CURVE('',#10283,#10283,#10293,.T.);
#10293 = CIRCLE('',#10294,0.5);
#10294 = AXIS2_PLACEMENT_3D('',#10295,#10296,#10297);
#10295 = CARTESIAN_POINT('',(-8.89,3.81,0.));
#10296 = DIRECTION('',(0.,0.,1.));
#10297 = DIRECTION('',(1.,0.,-0.));
#10298 = CYLINDRICAL_SURFACE('',#10299,0.5);
#10299 = AXIS2_PLACEMENT_3D('',#10300,#10301,#10302);
#10300 = CARTESIAN_POINT('',(-8.89,3.81,55.715027595793));
#10301 = DIRECTION('',(0.,0.,1.));
#10302 = DIRECTION('',(1.,0.,-0.));
#10303 = ADVANCED_FACE('',(#10304),#10322,.T.);
#10304 = FACE_BOUND('',#10305,.T.);
#10305 = EDGE_LOOP('',(#10306,#10314,#10315,#10316));
#10306 = ORIENTED_EDGE('',*,*,#10307,.F.);
#10307 = EDGE_CURVE('',#3417,#10308,#10310,.T.);
#10308 = VERTEX_POINT('',#10309);
#10309 = CARTESIAN_POINT('',(-10.5,5.850100010002,0.));
#10310 = LINE('',#10311,#10312);
#10311 = CARTESIAN_POINT('',(-10.5,-25.,0.));
#10312 = VECTOR('',#10313,1.);
#10313 = DIRECTION('',(4.E-17,1.,0.));
#10314 = ORIENTED_EDGE('',*,*,#3431,.T.);
#10315 = ORIENTED_EDGE('',*,*,#3445,.T.);
#10316 = ORIENTED_EDGE('',*,*,#10317,.F.);
#10317 = EDGE_CURVE('',#10308,#3446,#10318,.T.);
#10318 = LINE('',#10319,#10320);
#10319 = CARTESIAN_POINT('',(-10.5,5.850100010002,55.905302825492));
#10320 = VECTOR('',#10321,1.);
#10321 = DIRECTION('',(0.,0.,1.));
#10322 = PLANE('',#10323);
#10323 = AXIS2_PLACEMENT_3D('',#10324,#10325,#10326);
#10324 = CARTESIAN_POINT('',(-10.5,-25.,0.));
#10325 = DIRECTION('',(-1.,4.E-17,0.));
#10326 = DIRECTION('',(4.E-17,1.,0.));
#10327 = ADVANCED_FACE('',(#10328),#10347,.F.);
#10328 = FACE_BOUND('',#10329,.F.);
#10329 = EDGE_LOOP('',(#10330,#10339,#10345,#10346));
#10330 = ORIENTED_EDGE('',*,*,#10331,.T.);
#10331 = EDGE_CURVE('',#10308,#10332,#10334,.T.);
#10332 = VERTEX_POINT('',#10333);
#10333 = CARTESIAN_POINT('',(-10.5,6.849899989998,0.));
#10334 = CIRCLE('',#10335,0.5);
#10335 = AXIS2_PLACEMENT_3D('',#10336,#10337,#10338);
#10336 = CARTESIAN_POINT('',(-10.49,6.35,0.));
#10337 = DIRECTION('',(0.,0.,1.));
#10338 = DIRECTION('',(1.,0.,-0.));
#10339 = ORIENTED_EDGE('',*,*,#10340,.T.);
#10340 = EDGE_CURVE('',#10332,#3459,#10341,.T.);
#10341 = LINE('',#10342,#10343);
#10342 = CARTESIAN_POINT('',(-10.5,6.849899989998,55.905302825492));
#10343 = VECTOR('',#10344,1.);
#10344 = DIRECTION('',(0.,0.,1.));
#10345 = ORIENTED_EDGE('',*,*,#3466,.F.);
#10346 = ORIENTED_EDGE('',*,*,#10317,.F.);
#10347 = CYLINDRICAL_SURFACE('',#10348,0.5);
#10348 = AXIS2_PLACEMENT_3D('',#10349,#10350,#10351);
#10349 = CARTESIAN_POINT('',(-10.49,6.35,55.905302825492));
#10350 = DIRECTION('',(0.,0.,1.));
#10351 = DIRECTION('',(1.,0.,-0.));
#10352 = ADVANCED_FACE('',(#10353),#10364,.T.);
#10353 = FACE_BOUND('',#10354,.T.);
#10354 = EDGE_LOOP('',(#10355,#10361,#10362,#10363));
#10355 = ORIENTED_EDGE('',*,*,#10356,.F.);
#10356 = EDGE_CURVE('',#10332,#3493,#10357,.T.);
#10357 = LINE('',#10358,#10359);
#10358 = CARTESIAN_POINT('',(-10.5,-25.,0.));
#10359 = VECTOR('',#10360,1.);
#10360 = DIRECTION('',(4.E-17,1.,0.));
#10361 = ORIENTED_EDGE('',*,*,#10340,.T.);
#10362 = ORIENTED_EDGE('',*,*,#3458,.T.);
#10363 = ORIENTED_EDGE('',*,*,#3502,.F.);
#10364 = PLANE('',#10365);
#10365 = AXIS2_PLACEMENT_3D('',#10366,#10367,#10368);
#10366 = CARTESIAN_POINT('',(-10.5,-25.,0.));
#10367 = DIRECTION('',(-1.,4.E-17,0.));
#10368 = DIRECTION('',(4.E-17,1.,0.));
#10369 = ADVANCED_FACE('',(#10370),#10389,.F.);
#10370 = FACE_BOUND('',#10371,.F.);
#10371 = EDGE_LOOP('',(#10372,#10380,#10381,#10382));
#10372 = ORIENTED_EDGE('',*,*,#10373,.F.);
#10373 = EDGE_CURVE('',#3476,#10374,#10376,.T.);
#10374 = VERTEX_POINT('',#10375);
#10375 = CARTESIAN_POINT('',(-9.39,6.35,1.E-15));
#10376 = LINE('',#10377,#10378);
#10377 = CARTESIAN_POINT('',(-9.39,6.35,55.715027595793));
#10378 = VECTOR('',#10379,1.);
#10379 = DIRECTION('',(-0.,-0.,-1.));
#10380 = ORIENTED_EDGE('',*,*,#3475,.F.);
#10381 = ORIENTED_EDGE('',*,*,#10373,.T.);
#10382 = ORIENTED_EDGE('',*,*,#10383,.T.);
#10383 = EDGE_CURVE('',#10374,#10374,#10384,.T.);
#10384 = CIRCLE('',#10385,0.5);
#10385 = AXIS2_PLACEMENT_3D('',#10386,#10387,#10388);
#10386 = CARTESIAN_POINT('',(-8.89,6.35,0.));
#10387 = DIRECTION('',(0.,0.,1.));
#10388 = DIRECTION('',(1.,0.,-0.));
#10389 = CYLINDRICAL_SURFACE('',#10390,0.5);
#10390 = AXIS2_PLACEMENT_3D('',#10391,#10392,#10393);
#10391 = CARTESIAN_POINT('',(-8.89,6.35,55.715027595793));
#10392 = DIRECTION('',(0.,0.,1.));
#10393 = DIRECTION('',(1.,0.,-0.));
#10394 = ADVANCED_FACE('',(#10395),#10413,.T.);
#10395 = FACE_BOUND('',#10396,.T.);
#10396 = EDGE_LOOP('',(#10397,#10405,#10406,#10407));
#10397 = ORIENTED_EDGE('',*,*,#10398,.F.);
#10398 = EDGE_CURVE('',#3495,#10399,#10401,.T.);
#10399 = VERTEX_POINT('',#10400);
#10400 = CARTESIAN_POINT('',(-10.5,8.390100010002,0.));
#10401 = LINE('',#10402,#10403);
#10402 = CARTESIAN_POINT('',(-10.5,-25.,0.));
#10403 = VECTOR('',#10404,1.);
#10404 = DIRECTION('',(4.E-17,1.,0.));
#10405 = ORIENTED_EDGE('',*,*,#3509,.T.);
#10406 = ORIENTED_EDGE('',*,*,#3523,.T.);
#10407 = ORIENTED_EDGE('',*,*,#10408,.F.);
#10408 = EDGE_CURVE('',#10399,#3524,#10409,.T.);
#10409 = LINE('',#10410,#10411);
#10410 = CARTESIAN_POINT('',(-10.5,8.390100010002,55.905302825492));
#10411 = VECTOR('',#10412,1.);
#10412 = DIRECTION('',(0.,0.,1.));
#10413 = PLANE('',#10414);
#10414 = AXIS2_PLACEMENT_3D('',#10415,#10416,#10417);
#10415 = CARTESIAN_POINT('',(-10.5,-25.,0.));
#10416 = DIRECTION('',(-1.,4.E-17,0.));
#10417 = DIRECTION('',(4.E-17,1.,0.));
#10418 = ADVANCED_FACE('',(#10419),#10438,.F.);
#10419 = FACE_BOUND('',#10420,.F.);
#10420 = EDGE_LOOP('',(#10421,#10430,#10436,#10437));
#10421 = ORIENTED_EDGE('',*,*,#10422,.T.);
#10422 = EDGE_CURVE('',#10399,#10423,#10425,.T.);
#10423 = VERTEX_POINT('',#10424);
#10424 = CARTESIAN_POINT('',(-10.5,9.389899989998,0.));
#10425 = CIRCLE('',#10426,0.5);
#10426 = AXIS2_PLACEMENT_3D('',#10427,#10428,#10429);
#10427 = CARTESIAN_POINT('',(-10.49,8.89,0.));
#10428 = DIRECTION('',(0.,0.,1.));
#10429 = DIRECTION('',(1.,0.,-0.));
#10430 = ORIENTED_EDGE('',*,*,#10431,.T.);
#10431 = EDGE_CURVE('',#10423,#3535,#10432,.T.);
#10432 = LINE('',#10433,#10434);
#10433 = CARTESIAN_POINT('',(-10.5,9.389899989998,55.905302825492));
#10434 = VECTOR('',#10435,1.);
#10435 = DIRECTION('',(0.,0.,1.));
#10436 = ORIENTED_EDGE('',*,*,#3542,.F.);
#10437 = ORIENTED_EDGE('',*,*,#10408,.F.);
#10438 = CYLINDRICAL_SURFACE('',#10439,0.5);
#10439 = AXIS2_PLACEMENT_3D('',#10440,#10441,#10442);
#10440 = CARTESIAN_POINT('',(-10.49,8.89,55.905302825492));
#10441 = DIRECTION('',(0.,0.,1.));
#10442 = DIRECTION('',(1.,0.,-0.));
#10443 = ADVANCED_FACE('',(#10444),#10455,.T.);
#10444 = FACE_BOUND('',#10445,.T.);
#10445 = EDGE_LOOP('',(#10446,#10452,#10453,#10454));
#10446 = ORIENTED_EDGE('',*,*,#10447,.F.);
#10447 = EDGE_CURVE('',#10423,#3569,#10448,.T.);
#10448 = LINE('',#10449,#10450);
#10449 = CARTESIAN_POINT('',(-10.5,-25.,0.));
#10450 = VECTOR('',#10451,1.);
#10451 = DIRECTION('',(4.E-17,1.,0.));
#10452 = ORIENTED_EDGE('',*,*,#10431,.T.);
#10453 = ORIENTED_EDGE('',*,*,#3534,.T.);
#10454 = ORIENTED_EDGE('',*,*,#3578,.F.);
#10455 = PLANE('',#10456);
#10456 = AXIS2_PLACEMENT_3D('',#10457,#10458,#10459);
#10457 = CARTESIAN_POINT('',(-10.5,-25.,0.));
#10458 = DIRECTION('',(-1.,4.E-17,0.));
#10459 = DIRECTION('',(4.E-17,1.,0.));
#10460 = ADVANCED_FACE('',(#10461),#10480,.F.);
#10461 = FACE_BOUND('',#10462,.F.);
#10462 = EDGE_LOOP('',(#10463,#10471,#10472,#10473));
#10463 = ORIENTED_EDGE('',*,*,#10464,.F.);
#10464 = EDGE_CURVE('',#3552,#10465,#10467,.T.);
#10465 = VERTEX_POINT('',#10466);
#10466 = CARTESIAN_POINT('',(-9.39,8.89,1.E-15));
#10467 = LINE('',#10468,#10469);
#10468 = CARTESIAN_POINT('',(-9.39,8.89,55.715027595793));
#10469 = VECTOR('',#10470,1.);
#10470 = DIRECTION('',(-0.,-0.,-1.));
#10471 = ORIENTED_EDGE('',*,*,#3551,.F.);
#10472 = ORIENTED_EDGE('',*,*,#10464,.T.);
#10473 = ORIENTED_EDGE('',*,*,#10474,.T.);
#10474 = EDGE_CURVE('',#10465,#10465,#10475,.T.);
#10475 = CIRCLE('',#10476,0.5);
#10476 = AXIS2_PLACEMENT_3D('',#10477,#10478,#10479);
#10477 = CARTESIAN_POINT('',(-8.89,8.89,0.));
#10478 = DIRECTION('',(0.,0.,1.));
#10479 = DIRECTION('',(1.,0.,-0.));
#10480 = CYLINDRICAL_SURFACE('',#10481,0.5);
#10481 = AXIS2_PLACEMENT_3D('',#10482,#10483,#10484);
#10482 = CARTESIAN_POINT('',(-8.89,8.89,55.715027595793));
#10483 = DIRECTION('',(0.,0.,1.));
#10484 = DIRECTION('',(1.,0.,-0.));
#10485 = ADVANCED_FACE('',(#10486),#10504,.T.);
#10486 = FACE_BOUND('',#10487,.T.);
#10487 = EDGE_LOOP('',(#10488,#10496,#10497,#10498));
#10488 = ORIENTED_EDGE('',*,*,#10489,.F.);
#10489 = EDGE_CURVE('',#3571,#10490,#10492,.T.);
#10490 = VERTEX_POINT('',#10491);
#10491 = CARTESIAN_POINT('',(-10.5,10.930100010002,0.));
#10492 = LINE('',#10493,#10494);
#10493 = CARTESIAN_POINT('',(-10.5,-25.,0.));
#10494 = VECTOR('',#10495,1.);
#10495 = DIRECTION('',(4.E-17,1.,0.));
#10496 = ORIENTED_EDGE('',*,*,#3585,.T.);
#10497 = ORIENTED_EDGE('',*,*,#3599,.T.);
#10498 = ORIENTED_EDGE('',*,*,#10499,.F.);
#10499 = EDGE_CURVE('',#10490,#3600,#10500,.T.);
#10500 = LINE('',#10501,#10502);
#10501 = CARTESIAN_POINT('',(-10.5,10.930100010002,55.905302825492));
#10502 = VECTOR('',#10503,1.);
#10503 = DIRECTION('',(0.,0.,1.));
#10504 = PLANE('',#10505);
#10505 = AXIS2_PLACEMENT_3D('',#10506,#10507,#10508);
#10506 = CARTESIAN_POINT('',(-10.5,-25.,0.));
#10507 = DIRECTION('',(-1.,4.E-17,0.));
#10508 = DIRECTION('',(4.E-17,1.,0.));
#10509 = ADVANCED_FACE('',(#10510),#10529,.F.);
#10510 = FACE_BOUND('',#10511,.F.);
#10511 = EDGE_LOOP('',(#10512,#10521,#10527,#10528));
#10512 = ORIENTED_EDGE('',*,*,#10513,.T.);
#10513 = EDGE_CURVE('',#10490,#10514,#10516,.T.);
#10514 = VERTEX_POINT('',#10515);
#10515 = CARTESIAN_POINT('',(-10.5,11.929899989998,0.));
#10516 = CIRCLE('',#10517,0.5);
#10517 = AXIS2_PLACEMENT_3D('',#10518,#10519,#10520);
#10518 = CARTESIAN_POINT('',(-10.49,11.43,0.));
#10519 = DIRECTION('',(0.,0.,1.));
#10520 = DIRECTION('',(1.,0.,-0.));
#10521 = ORIENTED_EDGE('',*,*,#10522,.T.);
#10522 = EDGE_CURVE('',#10514,#3611,#10523,.T.);
#10523 = LINE('',#10524,#10525);
#10524 = CARTESIAN_POINT('',(-10.5,11.929899989998,55.905302825492));
#10525 = VECTOR('',#10526,1.);
#10526 = DIRECTION('',(0.,0.,1.));
#10527 = ORIENTED_EDGE('',*,*,#3618,.F.);
#10528 = ORIENTED_EDGE('',*,*,#10499,.F.);
#10529 = CYLINDRICAL_SURFACE('',#10530,0.5);
#10530 = AXIS2_PLACEMENT_3D('',#10531,#10532,#10533);
#10531 = CARTESIAN_POINT('',(-10.49,11.43,55.905302825492));
#10532 = DIRECTION('',(0.,0.,1.));
#10533 = DIRECTION('',(1.,0.,-0.));
#10534 = ADVANCED_FACE('',(#10535),#10546,.T.);
#10535 = FACE_BOUND('',#10536,.T.);
#10536 = EDGE_LOOP('',(#10537,#10543,#10544,#10545));
#10537 = ORIENTED_EDGE('',*,*,#10538,.F.);
#10538 = EDGE_CURVE('',#10514,#3645,#10539,.T.);
#10539 = LINE('',#10540,#10541);
#10540 = CARTESIAN_POINT('',(-10.5,-25.,0.));
#10541 = VECTOR('',#10542,1.);
#10542 = DIRECTION('',(4.E-17,1.,0.));
#10543 = ORIENTED_EDGE('',*,*,#10522,.T.);
#10544 = ORIENTED_EDGE('',*,*,#3610,.T.);
#10545 = ORIENTED_EDGE('',*,*,#3654,.F.);
#10546 = PLANE('',#10547);
#10547 = AXIS2_PLACEMENT_3D('',#10548,#10549,#10550);
#10548 = CARTESIAN_POINT('',(-10.5,-25.,0.));
#10549 = DIRECTION('',(-1.,4.E-17,0.));
#10550 = DIRECTION('',(4.E-17,1.,0.));
#10551 = ADVANCED_FACE('',(#10552),#10571,.F.);
#10552 = FACE_BOUND('',#10553,.F.);
#10553 = EDGE_LOOP('',(#10554,#10562,#10563,#10564));
#10554 = ORIENTED_EDGE('',*,*,#10555,.F.);
#10555 = EDGE_CURVE('',#3628,#10556,#10558,.T.);
#10556 = VERTEX_POINT('',#10557);
#10557 = CARTESIAN_POINT('',(-9.39,11.43,1.E-15));
#10558 = LINE('',#10559,#10560);
#10559 = CARTESIAN_POINT('',(-9.39,11.43,55.715027595793));
#10560 = VECTOR('',#10561,1.);
#10561 = DIRECTION('',(-0.,-0.,-1.));
#10562 = ORIENTED_EDGE('',*,*,#3627,.F.);
#10563 = ORIENTED_EDGE('',*,*,#10555,.T.);
#10564 = ORIENTED_EDGE('',*,*,#10565,.T.);
#10565 = EDGE_CURVE('',#10556,#10556,#10566,.T.);
#10566 = CIRCLE('',#10567,0.5);
#10567 = AXIS2_PLACEMENT_3D('',#10568,#10569,#10570);
#10568 = CARTESIAN_POINT('',(-8.89,11.43,0.));
#10569 = DIRECTION('',(0.,0.,1.));
#10570 = DIRECTION('',(1.,0.,-0.));
#10571 = CYLINDRICAL_SURFACE('',#10572,0.5);
#10572 = AXIS2_PLACEMENT_3D('',#10573,#10574,#10575);
#10573 = CARTESIAN_POINT('',(-8.89,11.43,55.715027595793));
#10574 = DIRECTION('',(0.,0.,1.));
#10575 = DIRECTION('',(1.,0.,-0.));
#10576 = ADVANCED_FACE('',(#10577),#10595,.T.);
#10577 = FACE_BOUND('',#10578,.T.);
#10578 = EDGE_LOOP('',(#10579,#10587,#10588,#10589));
#10579 = ORIENTED_EDGE('',*,*,#10580,.F.);
#10580 = EDGE_CURVE('',#3647,#10581,#10583,.T.);
#10581 = VERTEX_POINT('',#10582);
#10582 = CARTESIAN_POINT('',(-10.5,13.470100010002,0.));
#10583 = LINE('',#10584,#10585);
#10584 = CARTESIAN_POINT('',(-10.5,-25.,0.));
#10585 = VECTOR('',#10586,1.);
#10586 = DIRECTION('',(4.E-17,1.,0.));
#10587 = ORIENTED_EDGE('',*,*,#3661,.T.);
#10588 = ORIENTED_EDGE('',*,*,#3675,.T.);
#10589 = ORIENTED_EDGE('',*,*,#10590,.F.);
#10590 = EDGE_CURVE('',#10581,#3676,#10591,.T.);
#10591 = LINE('',#10592,#10593);
#10592 = CARTESIAN_POINT('',(-10.5,13.470100010002,55.905302825492));
#10593 = VECTOR('',#10594,1.);
#10594 = DIRECTION('',(0.,0.,1.));
#10595 = PLANE('',#10596);
#10596 = AXIS2_PLACEMENT_3D('',#10597,#10598,#10599);
#10597 = CARTESIAN_POINT('',(-10.5,-25.,0.));
#10598 = DIRECTION('',(-1.,4.E-17,0.));
#10599 = DIRECTION('',(4.E-17,1.,0.));
#10600 = ADVANCED_FACE('',(#10601),#10620,.F.);
#10601 = FACE_BOUND('',#10602,.F.);
#10602 = EDGE_LOOP('',(#10603,#10612,#10618,#10619));
#10603 = ORIENTED_EDGE('',*,*,#10604,.T.);
#10604 = EDGE_CURVE('',#10581,#10605,#10607,.T.);
#10605 = VERTEX_POINT('',#10606);
#10606 = CARTESIAN_POINT('',(-10.5,14.469899989998,0.));
#10607 = CIRCLE('',#10608,0.5);
#10608 = AXIS2_PLACEMENT_3D('',#10609,#10610,#10611);
#10609 = CARTESIAN_POINT('',(-10.49,13.97,0.));
#10610 = DIRECTION('',(0.,0.,1.));
#10611 = DIRECTION('',(1.,0.,-0.));
#10612 = ORIENTED_EDGE('',*,*,#10613,.T.);
#10613 = EDGE_CURVE('',#10605,#3687,#10614,.T.);
#10614 = LINE('',#10615,#10616);
#10615 = CARTESIAN_POINT('',(-10.5,14.469899989998,55.905302825492));
#10616 = VECTOR('',#10617,1.);
#10617 = DIRECTION('',(0.,0.,1.));
#10618 = ORIENTED_EDGE('',*,*,#3694,.F.);
#10619 = ORIENTED_EDGE('',*,*,#10590,.F.);
#10620 = CYLINDRICAL_SURFACE('',#10621,0.5);
#10621 = AXIS2_PLACEMENT_3D('',#10622,#10623,#10624);
#10622 = CARTESIAN_POINT('',(-10.49,13.97,55.905302825492));
#10623 = DIRECTION('',(0.,0.,1.));
#10624 = DIRECTION('',(1.,0.,-0.));
#10625 = ADVANCED_FACE('',(#10626),#10637,.T.);
#10626 = FACE_BOUND('',#10627,.T.);
#10627 = EDGE_LOOP('',(#10628,#10634,#10635,#10636));
#10628 = ORIENTED_EDGE('',*,*,#10629,.F.);
#10629 = EDGE_CURVE('',#10605,#3721,#10630,.T.);
#10630 = LINE('',#10631,#10632);
#10631 = CARTESIAN_POINT('',(-10.5,-25.,0.));
#10632 = VECTOR('',#10633,1.);
#10633 = DIRECTION('',(4.E-17,1.,0.));
#10634 = ORIENTED_EDGE('',*,*,#10613,.T.);
#10635 = ORIENTED_EDGE('',*,*,#3686,.T.);
#10636 = ORIENTED_EDGE('',*,*,#3730,.F.);
#10637 = PLANE('',#10638);
#10638 = AXIS2_PLACEMENT_3D('',#10639,#10640,#10641);
#10639 = CARTESIAN_POINT('',(-10.5,-25.,0.));
#10640 = DIRECTION('',(-1.,4.E-17,0.));
#10641 = DIRECTION('',(4.E-17,1.,0.));
#10642 = ADVANCED_FACE('',(#10643),#10662,.F.);
#10643 = FACE_BOUND('',#10644,.F.);
#10644 = EDGE_LOOP('',(#10645,#10653,#10654,#10655));
#10645 = ORIENTED_EDGE('',*,*,#10646,.F.);
#10646 = EDGE_CURVE('',#3704,#10647,#10649,.T.);
#10647 = VERTEX_POINT('',#10648);
#10648 = CARTESIAN_POINT('',(-9.39,13.97,0.));
#10649 = LINE('',#10650,#10651);
#10650 = CARTESIAN_POINT('',(-9.39,13.97,55.715027595793));
#10651 = VECTOR('',#10652,1.);
#10652 = DIRECTION('',(-0.,-0.,-1.));
#10653 = ORIENTED_EDGE('',*,*,#3703,.F.);
#10654 = ORIENTED_EDGE('',*,*,#10646,.T.);
#10655 = ORIENTED_EDGE('',*,*,#10656,.T.);
#10656 = EDGE_CURVE('',#10647,#10647,#10657,.T.);
#10657 = CIRCLE('',#10658,0.5);
#10658 = AXIS2_PLACEMENT_3D('',#10659,#10660,#10661);
#10659 = CARTESIAN_POINT('',(-8.89,13.97,0.));
#10660 = DIRECTION('',(0.,0.,1.));
#10661 = DIRECTION('',(1.,0.,-0.));
#10662 = CYLINDRICAL_SURFACE('',#10663,0.5);
#10663 = AXIS2_PLACEMENT_3D('',#10664,#10665,#10666);
#10664 = CARTESIAN_POINT('',(-8.89,13.97,55.715027595793));
#10665 = DIRECTION('',(0.,0.,1.));
#10666 = DIRECTION('',(1.,0.,-0.));
#10667 = ADVANCED_FACE('',(#10668),#10686,.T.);
#10668 = FACE_BOUND('',#10669,.T.);
#10669 = EDGE_LOOP('',(#10670,#10678,#10679,#10680));
#10670 = ORIENTED_EDGE('',*,*,#10671,.F.);
#10671 = EDGE_CURVE('',#3723,#10672,#10674,.T.);
#10672 = VERTEX_POINT('',#10673);
#10673 = CARTESIAN_POINT('',(-10.5,16.010100010002,0.));
#10674 = LINE('',#10675,#10676);
#10675 = CARTESIAN_POINT('',(-10.5,-25.,0.));
#10676 = VECTOR('',#10677,1.);
#10677 = DIRECTION('',(4.E-17,1.,0.));
#10678 = ORIENTED_EDGE('',*,*,#3737,.T.);
#10679 = ORIENTED_EDGE('',*,*,#3751,.T.);
#10680 = ORIENTED_EDGE('',*,*,#10681,.F.);
#10681 = EDGE_CURVE('',#10672,#3752,#10682,.T.);
#10682 = LINE('',#10683,#10684);
#10683 = CARTESIAN_POINT('',(-10.5,16.010100010002,55.905302825492));
#10684 = VECTOR('',#10685,1.);
#10685 = DIRECTION('',(0.,0.,1.));
#10686 = PLANE('',#10687);
#10687 = AXIS2_PLACEMENT_3D('',#10688,#10689,#10690);
#10688 = CARTESIAN_POINT('',(-10.5,-25.,0.));
#10689 = DIRECTION('',(-1.,4.E-17,0.));
#10690 = DIRECTION('',(4.E-17,1.,0.));
#10691 = ADVANCED_FACE('',(#10692),#10711,.F.);
#10692 = FACE_BOUND('',#10693,.F.);
#10693 = EDGE_LOOP('',(#10694,#10703,#10709,#10710));
#10694 = ORIENTED_EDGE('',*,*,#10695,.T.);
#10695 = EDGE_CURVE('',#10672,#10696,#10698,.T.);
#10696 = VERTEX_POINT('',#10697);
#10697 = CARTESIAN_POINT('',(-10.5,17.009899989998,0.));
#10698 = CIRCLE('',#10699,0.5);
#10699 = AXIS2_PLACEMENT_3D('',#10700,#10701,#10702);
#10700 = CARTESIAN_POINT('',(-10.49,16.51,0.));
#10701 = DIRECTION('',(0.,0.,1.));
#10702 = DIRECTION('',(1.,0.,-0.));
#10703 = ORIENTED_EDGE('',*,*,#10704,.T.);
#10704 = EDGE_CURVE('',#10696,#3763,#10705,.T.);
#10705 = LINE('',#10706,#10707);
#10706 = CARTESIAN_POINT('',(-10.5,17.009899989998,55.905302825492));
#10707 = VECTOR('',#10708,1.);
#10708 = DIRECTION('',(0.,0.,1.));
#10709 = ORIENTED_EDGE('',*,*,#3770,.F.);
#10710 = ORIENTED_EDGE('',*,*,#10681,.F.);
#10711 = CYLINDRICAL_SURFACE('',#10712,0.5);
#10712 = AXIS2_PLACEMENT_3D('',#10713,#10714,#10715);
#10713 = CARTESIAN_POINT('',(-10.49,16.51,55.905302825492));
#10714 = DIRECTION('',(0.,0.,1.));
#10715 = DIRECTION('',(1.,0.,-0.));
#10716 = ADVANCED_FACE('',(#10717),#10728,.T.);
#10717 = FACE_BOUND('',#10718,.T.);
#10718 = EDGE_LOOP('',(#10719,#10725,#10726,#10727));
#10719 = ORIENTED_EDGE('',*,*,#10720,.F.);
#10720 = EDGE_CURVE('',#10696,#3797,#10721,.T.);
#10721 = LINE('',#10722,#10723);
#10722 = CARTESIAN_POINT('',(-10.5,-25.,0.));
#10723 = VECTOR('',#10724,1.);
#10724 = DIRECTION('',(4.E-17,1.,0.));
#10725 = ORIENTED_EDGE('',*,*,#10704,.T.);
#10726 = ORIENTED_EDGE('',*,*,#3762,.T.);
#10727 = ORIENTED_EDGE('',*,*,#3806,.F.);
#10728 = PLANE('',#10729);
#10729 = AXIS2_PLACEMENT_3D('',#10730,#10731,#10732);
#10730 = CARTESIAN_POINT('',(-10.5,-25.,0.));
#10731 = DIRECTION('',(-1.,4.E-17,0.));
#10732 = DIRECTION('',(4.E-17,1.,0.));
#10733 = ADVANCED_FACE('',(#10734),#10753,.F.);
#10734 = FACE_BOUND('',#10735,.F.);
#10735 = EDGE_LOOP('',(#10736,#10744,#10745,#10746));
#10736 = ORIENTED_EDGE('',*,*,#10737,.F.);
#10737 = EDGE_CURVE('',#3780,#10738,#10740,.T.);
#10738 = VERTEX_POINT('',#10739);
#10739 = CARTESIAN_POINT('',(-9.39,16.51,0.));
#10740 = LINE('',#10741,#10742);
#10741 = CARTESIAN_POINT('',(-9.39,16.51,55.715027595793));
#10742 = VECTOR('',#10743,1.);
#10743 = DIRECTION('',(-0.,-0.,-1.));
#10744 = ORIENTED_EDGE('',*,*,#3779,.F.);
#10745 = ORIENTED_EDGE('',*,*,#10737,.T.);
#10746 = ORIENTED_EDGE('',*,*,#10747,.T.);
#10747 = EDGE_CURVE('',#10738,#10738,#10748,.T.);
#10748 = CIRCLE('',#10749,0.5);
#10749 = AXIS2_PLACEMENT_3D('',#10750,#10751,#10752);
#10750 = CARTESIAN_POINT('',(-8.89,16.51,0.));
#10751 = DIRECTION('',(0.,0.,1.));
#10752 = DIRECTION('',(1.,0.,-0.));
#10753 = CYLINDRICAL_SURFACE('',#10754,0.5);
#10754 = AXIS2_PLACEMENT_3D('',#10755,#10756,#10757);
#10755 = CARTESIAN_POINT('',(-8.89,16.51,55.715027595793));
#10756 = DIRECTION('',(0.,0.,1.));
#10757 = DIRECTION('',(1.,0.,-0.));
#10758 = ADVANCED_FACE('',(#10759),#10777,.T.);
#10759 = FACE_BOUND('',#10760,.T.);
#10760 = EDGE_LOOP('',(#10761,#10769,#10770,#10771));
#10761 = ORIENTED_EDGE('',*,*,#10762,.F.);
#10762 = EDGE_CURVE('',#3799,#10763,#10765,.T.);
#10763 = VERTEX_POINT('',#10764);
#10764 = CARTESIAN_POINT('',(-10.5,18.550100010002,0.));
#10765 = LINE('',#10766,#10767);
#10766 = CARTESIAN_POINT('',(-10.5,-25.,0.));
#10767 = VECTOR('',#10768,1.);
#10768 = DIRECTION('',(4.E-17,1.,0.));
#10769 = ORIENTED_EDGE('',*,*,#3813,.T.);
#10770 = ORIENTED_EDGE('',*,*,#3827,.T.);
#10771 = ORIENTED_EDGE('',*,*,#10772,.F.);
#10772 = EDGE_CURVE('',#10763,#3828,#10773,.T.);
#10773 = LINE('',#10774,#10775);
#10774 = CARTESIAN_POINT('',(-10.5,18.550100010002,55.905302825492));
#10775 = VECTOR('',#10776,1.);
#10776 = DIRECTION('',(0.,0.,1.));
#10777 = PLANE('',#10778);
#10778 = AXIS2_PLACEMENT_3D('',#10779,#10780,#10781);
#10779 = CARTESIAN_POINT('',(-10.5,-25.,0.));
#10780 = DIRECTION('',(-1.,4.E-17,0.));
#10781 = DIRECTION('',(4.E-17,1.,0.));
#10782 = ADVANCED_FACE('',(#10783),#10802,.F.);
#10783 = FACE_BOUND('',#10784,.F.);
#10784 = EDGE_LOOP('',(#10785,#10794,#10800,#10801));
#10785 = ORIENTED_EDGE('',*,*,#10786,.T.);
#10786 = EDGE_CURVE('',#10763,#10787,#10789,.T.);
#10787 = VERTEX_POINT('',#10788);
#10788 = CARTESIAN_POINT('',(-10.5,19.549899989998,0.));
#10789 = CIRCLE('',#10790,0.5);
#10790 = AXIS2_PLACEMENT_3D('',#10791,#10792,#10793);
#10791 = CARTESIAN_POINT('',(-10.49,19.05,0.));
#10792 = DIRECTION('',(0.,0.,1.));
#10793 = DIRECTION('',(1.,0.,-0.));
#10794 = ORIENTED_EDGE('',*,*,#10795,.T.);
#10795 = EDGE_CURVE('',#10787,#3841,#10796,.T.);
#10796 = LINE('',#10797,#10798);
#10797 = CARTESIAN_POINT('',(-10.5,19.549899989998,55.905302825492));
#10798 = VECTOR('',#10799,1.);
#10799 = DIRECTION('',(0.,0.,1.));
#10800 = ORIENTED_EDGE('',*,*,#3848,.F.);
#10801 = ORIENTED_EDGE('',*,*,#10772,.F.);
#10802 = CYLINDRICAL_SURFACE('',#10803,0.5);
#10803 = AXIS2_PLACEMENT_3D('',#10804,#10805,#10806);
#10804 = CARTESIAN_POINT('',(-10.49,19.05,55.905302825492));
#10805 = DIRECTION('',(0.,0.,1.));
#10806 = DIRECTION('',(1.,0.,-0.));
#10807 = ADVANCED_FACE('',(#10808),#10819,.T.);
#10808 = FACE_BOUND('',#10809,.T.);
#10809 = EDGE_LOOP('',(#10810,#10816,#10817,#10818));
#10810 = ORIENTED_EDGE('',*,*,#10811,.F.);
#10811 = EDGE_CURVE('',#10787,#3875,#10812,.T.);
#10812 = LINE('',#10813,#10814);
#10813 = CARTESIAN_POINT('',(-10.5,-25.,0.));
#10814 = VECTOR('',#10815,1.);
#10815 = DIRECTION('',(4.E-17,1.,0.));
#10816 = ORIENTED_EDGE('',*,*,#10795,.T.);
#10817 = ORIENTED_EDGE('',*,*,#3840,.T.);
#10818 = ORIENTED_EDGE('',*,*,#3884,.F.);
#10819 = PLANE('',#10820);
#10820 = AXIS2_PLACEMENT_3D('',#10821,#10822,#10823);
#10821 = CARTESIAN_POINT('',(-10.5,-25.,0.));
#10822 = DIRECTION('',(-1.,4.E-17,0.));
#10823 = DIRECTION('',(4.E-17,1.,0.));
#10824 = ADVANCED_FACE('',(#10825),#10844,.F.);
#10825 = FACE_BOUND('',#10826,.F.);
#10826 = EDGE_LOOP('',(#10827,#10835,#10836,#10837));
#10827 = ORIENTED_EDGE('',*,*,#10828,.F.);
#10828 = EDGE_CURVE('',#3858,#10829,#10831,.T.);
#10829 = VERTEX_POINT('',#10830);
#10830 = CARTESIAN_POINT('',(-9.39,19.05,0.));
#10831 = LINE('',#10832,#10833);
#10832 = CARTESIAN_POINT('',(-9.39,19.05,55.715027595793));
#10833 = VECTOR('',#10834,1.);
#10834 = DIRECTION('',(-0.,-0.,-1.));
#10835 = ORIENTED_EDGE('',*,*,#3857,.F.);
#10836 = ORIENTED_EDGE('',*,*,#10828,.T.);
#10837 = ORIENTED_EDGE('',*,*,#10838,.T.);
#10838 = EDGE_CURVE('',#10829,#10829,#10839,.T.);
#10839 = CIRCLE('',#10840,0.5);
#10840 = AXIS2_PLACEMENT_3D('',#10841,#10842,#10843);
#10841 = CARTESIAN_POINT('',(-8.89,19.05,0.));
#10842 = DIRECTION('',(0.,0.,1.));
#10843 = DIRECTION('',(1.,0.,-0.));
#10844 = CYLINDRICAL_SURFACE('',#10845,0.5);
#10845 = AXIS2_PLACEMENT_3D('',#10846,#10847,#10848);
#10846 = CARTESIAN_POINT('',(-8.89,19.05,55.715027595793));
#10847 = DIRECTION('',(0.,0.,1.));
#10848 = DIRECTION('',(1.,0.,-0.));
#10849 = ADVANCED_FACE('',(#10850),#10868,.T.);
#10850 = FACE_BOUND('',#10851,.T.);
#10851 = EDGE_LOOP('',(#10852,#10860,#10861,#10862));
#10852 = ORIENTED_EDGE('',*,*,#10853,.F.);
#10853 = EDGE_CURVE('',#3877,#10854,#10856,.T.);
#10854 = VERTEX_POINT('',#10855);
#10855 = CARTESIAN_POINT('',(-10.5,21.090100010002,0.));
#10856 = LINE('',#10857,#10858);
#10857 = CARTESIAN_POINT('',(-10.5,-25.,0.));
#10858 = VECTOR('',#10859,1.);
#10859 = DIRECTION('',(4.E-17,1.,0.));
#10860 = ORIENTED_EDGE('',*,*,#3891,.T.);
#10861 = ORIENTED_EDGE('',*,*,#3905,.T.);
#10862 = ORIENTED_EDGE('',*,*,#10863,.F.);
#10863 = EDGE_CURVE('',#10854,#3906,#10864,.T.);
#10864 = LINE('',#10865,#10866);
#10865 = CARTESIAN_POINT('',(-10.5,21.090100010002,55.905302825492));
#10866 = VECTOR('',#10867,1.);
#10867 = DIRECTION('',(0.,0.,1.));
#10868 = PLANE('',#10869);
#10869 = AXIS2_PLACEMENT_3D('',#10870,#10871,#10872);
#10870 = CARTESIAN_POINT('',(-10.5,-25.,0.));
#10871 = DIRECTION('',(-1.,4.E-17,0.));
#10872 = DIRECTION('',(4.E-17,1.,0.));
#10873 = ADVANCED_FACE('',(#10874),#10893,.F.);
#10874 = FACE_BOUND('',#10875,.F.);
#10875 = EDGE_LOOP('',(#10876,#10885,#10891,#10892));
#10876 = ORIENTED_EDGE('',*,*,#10877,.T.);
#10877 = EDGE_CURVE('',#10854,#10878,#10880,.T.);
#10878 = VERTEX_POINT('',#10879);
#10879 = CARTESIAN_POINT('',(-10.5,22.089899989998,0.));
#10880 = CIRCLE('',#10881,0.5);
#10881 = AXIS2_PLACEMENT_3D('',#10882,#10883,#10884);
#10882 = CARTESIAN_POINT('',(-10.49,21.59,0.));
#10883 = DIRECTION('',(0.,0.,1.));
#10884 = DIRECTION('',(1.,0.,-0.));
#10885 = ORIENTED_EDGE('',*,*,#10886,.T.);
#10886 = EDGE_CURVE('',#10878,#3917,#10887,.T.);
#10887 = LINE('',#10888,#10889);
#10888 = CARTESIAN_POINT('',(-10.5,22.089899989998,55.905302825492));
#10889 = VECTOR('',#10890,1.);
#10890 = DIRECTION('',(0.,0.,1.));
#10891 = ORIENTED_EDGE('',*,*,#3924,.F.);
#10892 = ORIENTED_EDGE('',*,*,#10863,.F.);
#10893 = CYLINDRICAL_SURFACE('',#10894,0.5);
#10894 = AXIS2_PLACEMENT_3D('',#10895,#10896,#10897);
#10895 = CARTESIAN_POINT('',(-10.49,21.59,55.905302825492));
#10896 = DIRECTION('',(0.,0.,1.));
#10897 = DIRECTION('',(1.,0.,-0.));
#10898 = ADVANCED_FACE('',(#10899),#10910,.T.);
#10899 = FACE_BOUND('',#10900,.T.);
#10900 = EDGE_LOOP('',(#10901,#10907,#10908,#10909));
#10901 = ORIENTED_EDGE('',*,*,#10902,.F.);
#10902 = EDGE_CURVE('',#10878,#3951,#10903,.T.);
#10903 = LINE('',#10904,#10905);
#10904 = CARTESIAN_POINT('',(-10.5,-25.,0.));
#10905 = VECTOR('',#10906,1.);
#10906 = DIRECTION('',(4.E-17,1.,0.));
#10907 = ORIENTED_EDGE('',*,*,#10886,.T.);
#10908 = ORIENTED_EDGE('',*,*,#3916,.T.);
#10909 = ORIENTED_EDGE('',*,*,#3960,.F.);
#10910 = PLANE('',#10911);
#10911 = AXIS2_PLACEMENT_3D('',#10912,#10913,#10914);
#10912 = CARTESIAN_POINT('',(-10.5,-25.,0.));
#10913 = DIRECTION('',(-1.,4.E-17,0.));
#10914 = DIRECTION('',(4.E-17,1.,0.));
#10915 = ADVANCED_FACE('',(#10916),#10935,.F.);
#10916 = FACE_BOUND('',#10917,.F.);
#10917 = EDGE_LOOP('',(#10918,#10926,#10927,#10928));
#10918 = ORIENTED_EDGE('',*,*,#10919,.F.);
#10919 = EDGE_CURVE('',#3934,#10920,#10922,.T.);
#10920 = VERTEX_POINT('',#10921);
#10921 = CARTESIAN_POINT('',(-9.39,21.59,0.));
#10922 = LINE('',#10923,#10924);
#10923 = CARTESIAN_POINT('',(-9.39,21.59,55.715027595793));
#10924 = VECTOR('',#10925,1.);
#10925 = DIRECTION('',(-0.,-0.,-1.));
#10926 = ORIENTED_EDGE('',*,*,#3933,.F.);
#10927 = ORIENTED_EDGE('',*,*,#10919,.T.);
#10928 = ORIENTED_EDGE('',*,*,#10929,.T.);
#10929 = EDGE_CURVE('',#10920,#10920,#10930,.T.);
#10930 = CIRCLE('',#10931,0.5);
#10931 = AXIS2_PLACEMENT_3D('',#10932,#10933,#10934);
#10932 = CARTESIAN_POINT('',(-8.89,21.59,0.));
#10933 = DIRECTION('',(0.,0.,1.));
#10934 = DIRECTION('',(1.,0.,-0.));
#10935 = CYLINDRICAL_SURFACE('',#10936,0.5);
#10936 = AXIS2_PLACEMENT_3D('',#10937,#10938,#10939);
#10937 = CARTESIAN_POINT('',(-8.89,21.59,55.715027595793));
#10938 = DIRECTION('',(0.,0.,1.));
#10939 = DIRECTION('',(1.,0.,-0.));
#10940 = ADVANCED_FACE('',(#10941),#10959,.T.);
#10941 = FACE_BOUND('',#10942,.T.);
#10942 = EDGE_LOOP('',(#10943,#10951,#10952,#10953));
#10943 = ORIENTED_EDGE('',*,*,#10944,.F.);
#10944 = EDGE_CURVE('',#3953,#10945,#10947,.T.);
#10945 = VERTEX_POINT('',#10946);
#10946 = CARTESIAN_POINT('',(-10.5,23.630100010003,0.));
#10947 = LINE('',#10948,#10949);
#10948 = CARTESIAN_POINT('',(-10.5,-25.,0.));
#10949 = VECTOR('',#10950,1.);
#10950 = DIRECTION('',(4.E-17,1.,0.));
#10951 = ORIENTED_EDGE('',*,*,#3967,.T.);
#10952 = ORIENTED_EDGE('',*,*,#3981,.T.);
#10953 = ORIENTED_EDGE('',*,*,#10954,.F.);
#10954 = EDGE_CURVE('',#10945,#3982,#10955,.T.);
#10955 = LINE('',#10956,#10957);
#10956 = CARTESIAN_POINT('',(-10.5,23.630100010002,55.905302825492));
#10957 = VECTOR('',#10958,1.);
#10958 = DIRECTION('',(0.,0.,1.));
#10959 = PLANE('',#10960);
#10960 = AXIS2_PLACEMENT_3D('',#10961,#10962,#10963);
#10961 = CARTESIAN_POINT('',(-10.5,-25.,0.));
#10962 = DIRECTION('',(-1.,4.E-17,0.));
#10963 = DIRECTION('',(4.E-17,1.,0.));
#10964 = ADVANCED_FACE('',(#10965),#10984,.F.);
#10965 = FACE_BOUND('',#10966,.F.);
#10966 = EDGE_LOOP('',(#10967,#10976,#10982,#10983));
#10967 = ORIENTED_EDGE('',*,*,#10968,.T.);
#10968 = EDGE_CURVE('',#10945,#10969,#10971,.T.);
#10969 = VERTEX_POINT('',#10970);
#10970 = CARTESIAN_POINT('',(-10.5,24.629899989997,0.));
#10971 = CIRCLE('',#10972,0.5);
#10972 = AXIS2_PLACEMENT_3D('',#10973,#10974,#10975);
#10973 = CARTESIAN_POINT('',(-10.49,24.13,0.));
#10974 = DIRECTION('',(0.,0.,1.));
#10975 = DIRECTION('',(1.,0.,-0.));
#10976 = ORIENTED_EDGE('',*,*,#10977,.T.);
#10977 = EDGE_CURVE('',#10969,#3993,#10978,.T.);
#10978 = LINE('',#10979,#10980);
#10979 = CARTESIAN_POINT('',(-10.5,24.629899989998,55.905302825492));
#10980 = VECTOR('',#10981,1.);
#10981 = DIRECTION('',(0.,0.,1.));
#10982 = ORIENTED_EDGE('',*,*,#4000,.F.);
#10983 = ORIENTED_EDGE('',*,*,#10954,.F.);
#10984 = CYLINDRICAL_SURFACE('',#10985,0.5);
#10985 = AXIS2_PLACEMENT_3D('',#10986,#10987,#10988);
#10986 = CARTESIAN_POINT('',(-10.49,24.13,55.905302825492));
#10987 = DIRECTION('',(0.,0.,1.));
#10988 = DIRECTION('',(1.,0.,-0.));
#10989 = ADVANCED_FACE('',(#10990),#11001,.T.);
#10990 = FACE_BOUND('',#10991,.T.);
#10991 = EDGE_LOOP('',(#10992,#10998,#10999,#11000));
#10992 = ORIENTED_EDGE('',*,*,#10993,.F.);
#10993 = EDGE_CURVE('',#10969,#4027,#10994,.T.);
#10994 = LINE('',#10995,#10996);
#10995 = CARTESIAN_POINT('',(-10.5,-25.,0.));
#10996 = VECTOR('',#10997,1.);
#10997 = DIRECTION('',(4.E-17,1.,0.));
#10998 = ORIENTED_EDGE('',*,*,#10977,.T.);
#10999 = ORIENTED_EDGE('',*,*,#3992,.T.);
#11000 = ORIENTED_EDGE('',*,*,#4036,.F.);
#11001 = PLANE('',#11002);
#11002 = AXIS2_PLACEMENT_3D('',#11003,#11004,#11005);
#11003 = CARTESIAN_POINT('',(-10.5,-25.,0.));
#11004 = DIRECTION('',(-1.,4.E-17,0.));
#11005 = DIRECTION('',(4.E-17,1.,0.));
#11006 = ADVANCED_FACE('',(#11007),#11026,.F.);
#11007 = FACE_BOUND('',#11008,.F.);
#11008 = EDGE_LOOP('',(#11009,#11017,#11018,#11019));
#11009 = ORIENTED_EDGE('',*,*,#11010,.F.);
#11010 = EDGE_CURVE('',#4010,#11011,#11013,.T.);
#11011 = VERTEX_POINT('',#11012);
#11012 = CARTESIAN_POINT('',(-9.39,24.13,0.));
#11013 = LINE('',#11014,#11015);
#11014 = CARTESIAN_POINT('',(-9.39,24.13,55.715027595793));
#11015 = VECTOR('',#11016,1.);
#11016 = DIRECTION('',(-0.,-0.,-1.));
#11017 = ORIENTED_EDGE('',*,*,#4009,.F.);
#11018 = ORIENTED_EDGE('',*,*,#11010,.T.);
#11019 = ORIENTED_EDGE('',*,*,#11020,.T.);
#11020 = EDGE_CURVE('',#11011,#11011,#11021,.T.);
#11021 = CIRCLE('',#11022,0.5);
#11022 = AXIS2_PLACEMENT_3D('',#11023,#11024,#11025);
#11023 = CARTESIAN_POINT('',(-8.89,24.13,0.));
#11024 = DIRECTION('',(0.,0.,1.));
#11025 = DIRECTION('',(1.,0.,-0.));
#11026 = CYLINDRICAL_SURFACE('',#11027,0.5);
#11027 = AXIS2_PLACEMENT_3D('',#11028,#11029,#11030);
#11028 = CARTESIAN_POINT('',(-8.89,24.13,55.715027595793));
#11029 = DIRECTION('',(0.,0.,1.));
#11030 = DIRECTION('',(1.,0.,-0.));
#11031 = ADVANCED_FACE('',(#11032),#11075,.T.);
#11032 = FACE_BOUND('',#11033,.T.);
#11033 = EDGE_LOOP('',(#11034,#11044,#11052,#11058,#11059,#11060,#11061,
    #11069));
#11034 = ORIENTED_EDGE('',*,*,#11035,.F.);
#11035 = EDGE_CURVE('',#11036,#11038,#11040,.T.);
#11036 = VERTEX_POINT('',#11037);
#11037 = CARTESIAN_POINT('',(2.575,26.257279579762,1.));
#11038 = VERTEX_POINT('',#11039);
#11039 = CARTESIAN_POINT('',(-2.575,26.257279579762,1.));
#11040 = LINE('',#11041,#11042);
#11041 = CARTESIAN_POINT('',(2.575,26.257279579762,1.));
#11042 = VECTOR('',#11043,1.);
#11043 = DIRECTION('',(-1.,1.1E-16,-4.4E-16));
#11044 = ORIENTED_EDGE('',*,*,#11045,.F.);
#11045 = EDGE_CURVE('',#11046,#11036,#11048,.T.);
#11046 = VERTEX_POINT('',#11047);
#11047 = CARTESIAN_POINT('',(2.575,26.2,1.));
#11048 = LINE('',#11049,#11050);
#11049 = CARTESIAN_POINT('',(2.575,26.2,1.));
#11050 = VECTOR('',#11051,1.);
#11051 = DIRECTION('',(0.,1.,0.));
#11052 = ORIENTED_EDGE('',*,*,#11053,.T.);
#11053 = EDGE_CURVE('',#11046,#4248,#11054,.T.);
#11054 = LINE('',#11055,#11056);
#11055 = CARTESIAN_POINT('',(-2.836764068712,26.2,1.));
#11056 = VECTOR('',#11057,1.);
#11057 = DIRECTION('',(1.,0.,0.));
#11058 = ORIENTED_EDGE('',*,*,#4266,.T.);
#11059 = ORIENTED_EDGE('',*,*,#4084,.F.);
#11060 = ORIENTED_EDGE('',*,*,#4113,.F.);
#11061 = ORIENTED_EDGE('',*,*,#11062,.T.);
#11062 = EDGE_CURVE('',#4114,#11063,#11065,.T.);
#11063 = VERTEX_POINT('',#11064);
#11064 = CARTESIAN_POINT('',(-2.575,26.2,1.));
#11065 = LINE('',#11066,#11067);
#11066 = CARTESIAN_POINT('',(-2.836764068712,26.2,1.));
#11067 = VECTOR('',#11068,1.);
#11068 = DIRECTION('',(1.,0.,0.));
#11069 = ORIENTED_EDGE('',*,*,#11070,.T.);
#11070 = EDGE_CURVE('',#11063,#11038,#11071,.T.);
#11071 = LINE('',#11072,#11073);
#11072 = CARTESIAN_POINT('',(-2.575,26.2,1.));
#11073 = VECTOR('',#11074,1.);
#11074 = DIRECTION('',(0.,1.,0.));
#11075 = PLANE('',#11076);
#11076 = AXIS2_PLACEMENT_3D('',#11077,#11078,#11079);
#11077 = CARTESIAN_POINT('',(5.E-17,23.728166688001,1.));
#11078 = DIRECTION('',(1.1E-16,1.1E-16,-1.));
#11079 = DIRECTION('',(0.,-1.,-1.1E-16));
#11080 = ADVANCED_FACE('',(#11081),#11166,.T.);
#11081 = FACE_BOUND('',#11082,.T.);
#11082 = EDGE_LOOP('',(#11083,#11084,#11085,#11093,#11102,#11110,#11118,
    #11126,#11135,#11143,#11152,#11160));
#11083 = ORIENTED_EDGE('',*,*,#11062,.F.);
#11084 = ORIENTED_EDGE('',*,*,#4139,.T.);
#11085 = ORIENTED_EDGE('',*,*,#11086,.T.);
#11086 = EDGE_CURVE('',#4132,#11087,#11089,.T.);
#11087 = VERTEX_POINT('',#11088);
#11088 = CARTESIAN_POINT('',(-3.625520382004,26.2,1.788756313292));
#11089 = LINE('',#11090,#11091);
#11090 = CARTESIAN_POINT('',(-2.836764068712,26.2,1.));
#11091 = VECTOR('',#11092,1.);
#11092 = DIRECTION('',(-0.707106781187,0.,0.707106781187));
#11093 = ORIENTED_EDGE('',*,*,#11094,.F.);
#11094 = EDGE_CURVE('',#11095,#11087,#11097,.T.);
#11095 = VERTEX_POINT('',#11096);
#11096 = CARTESIAN_POINT('',(-3.75,26.2,2.089276695297));
#11097 = CIRCLE('',#11098,0.425);
#11098 = AXIS2_PLACEMENT_3D('',#11099,#11100,#11101);
#11099 = CARTESIAN_POINT('',(-3.325,26.2,2.089276695297));
#11100 = DIRECTION('',(0.,-1.,0.));
#11101 = DIRECTION('',(0.,0.,-1.));
#11102 = ORIENTED_EDGE('',*,*,#11103,.T.);
#11103 = EDGE_CURVE('',#11095,#11104,#11106,.T.);
#11104 = VERTEX_POINT('',#11105);
#11105 = CARTESIAN_POINT('',(-3.75,26.2,2.107138347648));
#11106 = LINE('',#11107,#11108);
#11107 = CARTESIAN_POINT('',(-3.75,26.2,1.913235931288));
#11108 = VECTOR('',#11109,1.);
#11109 = DIRECTION('',(0.,0.,1.));
#11110 = ORIENTED_EDGE('',*,*,#11111,.F.);
#11111 = EDGE_CURVE('',#11112,#11104,#11114,.T.);
#11112 = VERTEX_POINT('',#11113);
#11113 = CARTESIAN_POINT('',(-3.45,26.2,2.107138347648));
#11114 = LINE('',#11115,#11116);
#11115 = CARTESIAN_POINT('',(-3.45,26.2,2.107138347648));
#11116 = VECTOR('',#11117,1.);
#11117 = DIRECTION('',(-1.,0.,0.));
#11118 = ORIENTED_EDGE('',*,*,#11119,.F.);
#11119 = EDGE_CURVE('',#11120,#11112,#11122,.T.);
#11120 = VERTEX_POINT('',#11121);
#11121 = CARTESIAN_POINT('',(-3.45,26.2,2.089276695297));
#11122 = LINE('',#11123,#11124);
#11123 = CARTESIAN_POINT('',(-3.45,26.2,1.913235931288));
#11124 = VECTOR('',#11125,1.);
#11125 = DIRECTION('',(0.,0.,1.));
#11126 = ORIENTED_EDGE('',*,*,#11127,.T.);
#11127 = EDGE_CURVE('',#11120,#11128,#11130,.T.);
#11128 = VERTEX_POINT('',#11129);
#11129 = CARTESIAN_POINT('',(-3.413388347648,26.2,2.000888347648));
#11130 = CIRCLE('',#11131,0.125);
#11131 = AXIS2_PLACEMENT_3D('',#11132,#11133,#11134);
#11132 = CARTESIAN_POINT('',(-3.325,26.2,2.089276695297));
#11133 = DIRECTION('',(0.,-1.,0.));
#11134 = DIRECTION('',(2.2E-16,0.,-1.));
#11135 = ORIENTED_EDGE('',*,*,#11136,.F.);
#11136 = EDGE_CURVE('',#11137,#11128,#11139,.T.);
#11137 = VERTEX_POINT('',#11138);
#11138 = CARTESIAN_POINT('',(-2.749111652352,26.2,1.336611652352));
#11139 = LINE('',#11140,#11141);
#11140 = CARTESIAN_POINT('',(-2.624632034356,26.2,1.212132034356));
#11141 = VECTOR('',#11142,1.);
#11142 = DIRECTION('',(-0.707106781187,0.,0.707106781187));
#11143 = ORIENTED_EDGE('',*,*,#11144,.F.);
#11144 = EDGE_CURVE('',#11145,#11137,#11147,.T.);
#11145 = VERTEX_POINT('',#11146);
#11146 = CARTESIAN_POINT('',(-2.660723304703,26.2,1.3));
#11147 = CIRCLE('',#11148,0.125);
#11148 = AXIS2_PLACEMENT_3D('',#11149,#11150,#11151);
#11149 = CARTESIAN_POINT('',(-2.660723304703,26.2,1.425));
#11150 = DIRECTION('',(0.,1.,0.));
#11151 = DIRECTION('',(0.,0.,-1.));
#11152 = ORIENTED_EDGE('',*,*,#11153,.T.);
#11153 = EDGE_CURVE('',#11145,#11154,#11156,.T.);
#11154 = VERTEX_POINT('',#11155);
#11155 = CARTESIAN_POINT('',(-2.575,26.2,1.3));
#11156 = LINE('',#11157,#11158);
#11157 = CARTESIAN_POINT('',(-2.836764068712,26.2,1.3));
#11158 = VECTOR('',#11159,1.);
#11159 = DIRECTION('',(1.,0.,0.));
#11160 = ORIENTED_EDGE('',*,*,#11161,.T.);
#11161 = EDGE_CURVE('',#11154,#11063,#11162,.T.);
#11162 = LINE('',#11163,#11164);
#11163 = CARTESIAN_POINT('',(-2.575,26.2,1.3));
#11164 = VECTOR('',#11165,1.);
#11165 = DIRECTION('',(0.,0.,-1.));
#11166 = PLANE('',#11167);
#11167 = AXIS2_PLACEMENT_3D('',#11168,#11169,#11170);
#11168 = CARTESIAN_POINT('',(0.,26.2,2.312950198131));
#11169 = DIRECTION('',(0.,1.,2.2E-16));
#11170 = DIRECTION('',(0.,-2.2E-16,1.));
#11171 = ADVANCED_FACE('',(#11172),#11183,.T.);
#11172 = FACE_BOUND('',#11173,.T.);
#11173 = EDGE_LOOP('',(#11174,#11175,#11176,#11177));
#11174 = ORIENTED_EDGE('',*,*,#11086,.F.);
#11175 = ORIENTED_EDGE('',*,*,#4131,.T.);
#11176 = ORIENTED_EDGE('',*,*,#4156,.T.);
#11177 = ORIENTED_EDGE('',*,*,#11178,.F.);
#11178 = EDGE_CURVE('',#11087,#4157,#11179,.T.);
#11179 = LINE('',#11180,#11181);
#11180 = CARTESIAN_POINT('',(-3.625520382004,26.2,1.788756313292));
#11181 = VECTOR('',#11182,1.);
#11182 = DIRECTION('',(0.,-1.,0.));
#11183 = PLANE('',#11184);
#11184 = AXIS2_PLACEMENT_3D('',#11185,#11186,#11187);
#11185 = CARTESIAN_POINT('',(-2.836764068712,26.2,1.));
#11186 = DIRECTION('',(-0.707106781187,-0.,-0.707106781187));
#11187 = DIRECTION('',(-0.707106781187,0.,0.707106781187));
#11188 = ADVANCED_FACE('',(#11189),#11207,.T.);
#11189 = FACE_BOUND('',#11190,.T.);
#11190 = EDGE_LOOP('',(#11191,#11199,#11205,#11206));
#11191 = ORIENTED_EDGE('',*,*,#11192,.F.);
#11192 = EDGE_CURVE('',#11193,#4250,#11195,.T.);
#11193 = VERTEX_POINT('',#11194);
#11194 = CARTESIAN_POINT('',(3.625520382004,26.2,1.788756313292));
#11195 = LINE('',#11196,#11197);
#11196 = CARTESIAN_POINT('',(3.75,26.2,1.913235931288));
#11197 = VECTOR('',#11198,1.);
#11198 = DIRECTION('',(-0.707106781187,-0.,-0.707106781187));
#11199 = ORIENTED_EDGE('',*,*,#11200,.T.);
#11200 = EDGE_CURVE('',#11193,#4216,#11201,.T.);
#11201 = LINE('',#11202,#11203);
#11202 = CARTESIAN_POINT('',(3.625520382004,26.2,1.788756313292));
#11203 = VECTOR('',#11204,1.);
#11204 = DIRECTION('',(0.,-1.,0.));
#11205 = ORIENTED_EDGE('',*,*,#4224,.T.);
#11206 = ORIENTED_EDGE('',*,*,#4258,.F.);
#11207 = PLANE('',#11208);
#11208 = AXIS2_PLACEMENT_3D('',#11209,#11210,#11211);
#11209 = CARTESIAN_POINT('',(3.75,26.2,1.913235931288));
#11210 = DIRECTION('',(0.707106781187,0.,-0.707106781187));
#11211 = DIRECTION('',(-0.707106781187,-0.,-0.707106781187));
#11212 = ADVANCED_FACE('',(#11213),#11224,.T.);
#11213 = FACE_BOUND('',#11214,.T.);
#11214 = EDGE_LOOP('',(#11215,#11216,#11217,#11218));
#11215 = ORIENTED_EDGE('',*,*,#11094,.T.);
#11216 = ORIENTED_EDGE('',*,*,#11178,.T.);
#11217 = ORIENTED_EDGE('',*,*,#4164,.F.);
#11218 = ORIENTED_EDGE('',*,*,#11219,.F.);
#11219 = EDGE_CURVE('',#11095,#4165,#11220,.T.);
#11220 = LINE('',#11221,#11222);
#11221 = CARTESIAN_POINT('',(-3.75,26.2,2.089276695297));
#11222 = VECTOR('',#11223,1.);
#11223 = DIRECTION('',(0.,-1.,0.));
#11224 = CYLINDRICAL_SURFACE('',#11225,0.425);
#11225 = AXIS2_PLACEMENT_3D('',#11226,#11227,#11228);
#11226 = CARTESIAN_POINT('',(-3.325,26.2,2.089276695297));
#11227 = DIRECTION('',(0.,-1.,0.));
#11228 = DIRECTION('',(-1.,0.,0.));
#11229 = ADVANCED_FACE('',(#11230),#11249,.T.);
#11230 = FACE_BOUND('',#11231,.T.);
#11231 = EDGE_LOOP('',(#11232,#11241,#11247,#11248));
#11232 = ORIENTED_EDGE('',*,*,#11233,.T.);
#11233 = EDGE_CURVE('',#11193,#11234,#11236,.T.);
#11234 = VERTEX_POINT('',#11235);
#11235 = CARTESIAN_POINT('',(3.75,26.2,2.089276695297));
#11236 = CIRCLE('',#11237,0.425);
#11237 = AXIS2_PLACEMENT_3D('',#11238,#11239,#11240);
#11238 = CARTESIAN_POINT('',(3.325,26.2,2.089276695297));
#11239 = DIRECTION('',(0.,-1.,0.));
#11240 = DIRECTION('',(0.,0.,-1.));
#11241 = ORIENTED_EDGE('',*,*,#11242,.T.);
#11242 = EDGE_CURVE('',#11234,#4208,#11243,.T.);
#11243 = LINE('',#11244,#11245);
#11244 = CARTESIAN_POINT('',(3.75,26.2,2.089276695297));
#11245 = VECTOR('',#11246,1.);
#11246 = DIRECTION('',(0.,-1.,0.));
#11247 = ORIENTED_EDGE('',*,*,#4215,.F.);
#11248 = ORIENTED_EDGE('',*,*,#11200,.F.);
#11249 = CYLINDRICAL_SURFACE('',#11250,0.425);
#11250 = AXIS2_PLACEMENT_3D('',#11251,#11252,#11253);
#11251 = CARTESIAN_POINT('',(3.325,26.2,2.089276695297));
#11252 = DIRECTION('',(0.,-1.,0.));
#11253 = DIRECTION('',(0.707106781187,0.,-0.707106781187));
#11254 = ADVANCED_FACE('',(#11255),#11298,.T.);
#11255 = FACE_BOUND('',#11256,.T.);
#11256 = EDGE_LOOP('',(#11257,#11258,#11259,#11260,#11268,#11276,#11284,
    #11292));
#11257 = ORIENTED_EDGE('',*,*,#11103,.F.);
#11258 = ORIENTED_EDGE('',*,*,#11219,.T.);
#11259 = ORIENTED_EDGE('',*,*,#4173,.T.);
#11260 = ORIENTED_EDGE('',*,*,#11261,.F.);
#11261 = EDGE_CURVE('',#11262,#4174,#11264,.T.);
#11262 = VERTEX_POINT('',#11263);
#11263 = CARTESIAN_POINT('',(-3.75,26.2,3.025));
#11264 = LINE('',#11265,#11266);
#11265 = CARTESIAN_POINT('',(-3.75,26.2,3.025));
#11266 = VECTOR('',#11267,1.);
#11267 = DIRECTION('',(0.,-1.,0.));
#11268 = ORIENTED_EDGE('',*,*,#11269,.F.);
#11269 = EDGE_CURVE('',#11270,#11262,#11272,.T.);
#11270 = VERTEX_POINT('',#11271);
#11271 = CARTESIAN_POINT('',(-3.75,26.2,3.007138347648));
#11272 = LINE('',#11273,#11274);
#11273 = CARTESIAN_POINT('',(-3.75,26.2,1.913235931288));
#11274 = VECTOR('',#11275,1.);
#11275 = DIRECTION('',(0.,0.,1.));
#11276 = ORIENTED_EDGE('',*,*,#11277,.T.);
#11277 = EDGE_CURVE('',#11270,#11278,#11280,.T.);
#11278 = VERTEX_POINT('',#11279);
#11279 = CARTESIAN_POINT('',(-3.75,26.257279579762,3.007138347648));
#11280 = LINE('',#11281,#11282);
#11281 = CARTESIAN_POINT('',(-3.75,26.2,3.007138347648));
#11282 = VECTOR('',#11283,1.);
#11283 = DIRECTION('',(0.,1.,0.));
#11284 = ORIENTED_EDGE('',*,*,#11285,.F.);
#11285 = EDGE_CURVE('',#11286,#11278,#11288,.T.);
#11286 = VERTEX_POINT('',#11287);
#11287 = CARTESIAN_POINT('',(-3.75,26.257279579762,2.107138347648));
#11288 = LINE('',#11289,#11290);
#11289 = CARTESIAN_POINT('',(-3.75,26.257279579762,2.107138347648));
#11290 = VECTOR('',#11291,1.);
#11291 = DIRECTION('',(0.,0.,1.));
#11292 = ORIENTED_EDGE('',*,*,#11293,.F.);
#11293 = EDGE_CURVE('',#11104,#11286,#11294,.T.);
#11294 = LINE('',#11295,#11296);
#11295 = CARTESIAN_POINT('',(-3.75,26.2,2.107138347648));
#11296 = VECTOR('',#11297,1.);
#11297 = DIRECTION('',(0.,1.,0.));
#11298 = PLANE('',#11299);
#11299 = AXIS2_PLACEMENT_3D('',#11300,#11301,#11302);
#11300 = CARTESIAN_POINT('',(-3.75,23.728469072803,2.557138347648));
#11301 = DIRECTION('',(-1.,0.,0.));
#11302 = DIRECTION('',(0.,0.,-1.));
#11303 = ADVANCED_FACE('',(#11304),#11354,.T.);
#11304 = FACE_BOUND('',#11305,.T.);
#11305 = EDGE_LOOP('',(#11306,#11316,#11322,#11323,#11324,#11332,#11340,
    #11348));
#11306 = ORIENTED_EDGE('',*,*,#11307,.F.);
#11307 = EDGE_CURVE('',#11308,#11310,#11312,.T.);
#11308 = VERTEX_POINT('',#11309);
#11309 = CARTESIAN_POINT('',(3.75,26.2,3.025));
#11310 = VERTEX_POINT('',#11311);
#11311 = CARTESIAN_POINT('',(3.75,26.2,3.007138347648));
#11312 = LINE('',#11313,#11314);
#11313 = CARTESIAN_POINT('',(3.75,26.2,3.45));
#11314 = VECTOR('',#11315,1.);
#11315 = DIRECTION('',(0.,0.,-1.));
#11316 = ORIENTED_EDGE('',*,*,#11317,.T.);
#11317 = EDGE_CURVE('',#11308,#4199,#11318,.T.);
#11318 = LINE('',#11319,#11320);
#11319 = CARTESIAN_POINT('',(3.75,26.2,3.025));
#11320 = VECTOR('',#11321,1.);
#11321 = DIRECTION('',(0.,-1.,0.));
#11322 = ORIENTED_EDGE('',*,*,#4207,.T.);
#11323 = ORIENTED_EDGE('',*,*,#11242,.F.);
#11324 = ORIENTED_EDGE('',*,*,#11325,.F.);
#11325 = EDGE_CURVE('',#11326,#11234,#11328,.T.);
#11326 = VERTEX_POINT('',#11327);
#11327 = CARTESIAN_POINT('',(3.75,26.2,2.107138347648));
#11328 = LINE('',#11329,#11330);
#11329 = CARTESIAN_POINT('',(3.75,26.2,3.45));
#11330 = VECTOR('',#11331,1.);
#11331 = DIRECTION('',(0.,0.,-1.));
#11332 = ORIENTED_EDGE('',*,*,#11333,.T.);
#11333 = EDGE_CURVE('',#11326,#11334,#11336,.T.);
#11334 = VERTEX_POINT('',#11335);
#11335 = CARTESIAN_POINT('',(3.75,26.257279579762,2.107138347648));
#11336 = LINE('',#11337,#11338);
#11337 = CARTESIAN_POINT('',(3.75,26.2,2.107138347648));
#11338 = VECTOR('',#11339,1.);
#11339 = DIRECTION('',(6.7E-16,1.,0.));
#11340 = ORIENTED_EDGE('',*,*,#11341,.T.);
#11341 = EDGE_CURVE('',#11334,#11342,#11344,.T.);
#11342 = VERTEX_POINT('',#11343);
#11343 = CARTESIAN_POINT('',(3.75,26.257279579762,3.007138347648));
#11344 = LINE('',#11345,#11346);
#11345 = CARTESIAN_POINT('',(3.75,26.257279579762,2.107138347648));
#11346 = VECTOR('',#11347,1.);
#11347 = DIRECTION('',(-2.2E-16,0.,1.));
#11348 = ORIENTED_EDGE('',*,*,#11349,.F.);
#11349 = EDGE_CURVE('',#11310,#11342,#11350,.T.);
#11350 = LINE('',#11351,#11352);
#11351 = CARTESIAN_POINT('',(3.75,26.2,3.007138347648));
#11352 = VECTOR('',#11353,1.);
#11353 = DIRECTION('',(6.7E-16,1.,0.));
#11354 = PLANE('',#11355);
#11355 = AXIS2_PLACEMENT_3D('',#11356,#11357,#11358);
#11356 = CARTESIAN_POINT('',(3.75,23.728469072803,2.557138347648));
#11357 = DIRECTION('',(1.,0.,0.));
#11358 = DIRECTION('',(0.,0.,1.));
#11359 = ADVANCED_FACE('',(#11360),#11379,.T.);
#11360 = FACE_BOUND('',#11361,.T.);
#11361 = EDGE_LOOP('',(#11362,#11371,#11372,#11373));
#11362 = ORIENTED_EDGE('',*,*,#11363,.T.);
#11363 = EDGE_CURVE('',#11364,#11262,#11366,.T.);
#11364 = VERTEX_POINT('',#11365);
#11365 = CARTESIAN_POINT('',(-3.325,26.2,3.45));
#11366 = CIRCLE('',#11367,0.425);
#11367 = AXIS2_PLACEMENT_3D('',#11368,#11369,#11370);
#11368 = CARTESIAN_POINT('',(-3.325,26.2,3.025));
#11369 = DIRECTION('',(0.,-1.,0.));
#11370 = DIRECTION('',(0.,0.,-1.));
#11371 = ORIENTED_EDGE('',*,*,#11261,.T.);
#11372 = ORIENTED_EDGE('',*,*,#4181,.F.);
#11373 = ORIENTED_EDGE('',*,*,#11374,.F.);
#11374 = EDGE_CURVE('',#11364,#4182,#11375,.T.);
#11375 = LINE('',#11376,#11377);
#11376 = CARTESIAN_POINT('',(-3.325,26.2,3.45));
#11377 = VECTOR('',#11378,1.);
#11378 = DIRECTION('',(0.,-1.,0.));
#11379 = CYLINDRICAL_SURFACE('',#11380,0.425);
#11380 = AXIS2_PLACEMENT_3D('',#11381,#11382,#11383);
#11381 = CARTESIAN_POINT('',(-3.325,26.2,3.025));
#11382 = DIRECTION('',(0.,-1.,0.));
#11383 = DIRECTION('',(0.,0.,1.));
#11384 = ADVANCED_FACE('',(#11385),#11404,.T.);
#11385 = FACE_BOUND('',#11386,.T.);
#11386 = EDGE_LOOP('',(#11387,#11396,#11402,#11403));
#11387 = ORIENTED_EDGE('',*,*,#11388,.T.);
#11388 = EDGE_CURVE('',#11308,#11389,#11391,.T.);
#11389 = VERTEX_POINT('',#11390);
#11390 = CARTESIAN_POINT('',(3.325,26.2,3.45));
#11391 = CIRCLE('',#11392,0.425);
#11392 = AXIS2_PLACEMENT_3D('',#11393,#11394,#11395);
#11393 = CARTESIAN_POINT('',(3.325,26.2,3.025));
#11394 = DIRECTION('',(0.,-1.,0.));
#11395 = DIRECTION('',(0.,0.,-1.));
#11396 = ORIENTED_EDGE('',*,*,#11397,.T.);
#11397 = EDGE_CURVE('',#11389,#4191,#11398,.T.);
#11398 = LINE('',#11399,#11400);
#11399 = CARTESIAN_POINT('',(3.325,26.2,3.45));
#11400 = VECTOR('',#11401,1.);
#11401 = DIRECTION('',(0.,-1.,0.));
#11402 = ORIENTED_EDGE('',*,*,#4198,.F.);
#11403 = ORIENTED_EDGE('',*,*,#11317,.F.);
#11404 = CYLINDRICAL_SURFACE('',#11405,0.425);
#11405 = AXIS2_PLACEMENT_3D('',#11406,#11407,#11408);
#11406 = CARTESIAN_POINT('',(3.325,26.2,3.025));
#11407 = DIRECTION('',(0.,-1.,0.));
#11408 = DIRECTION('',(1.,0.,0.));
#11409 = ADVANCED_FACE('',(#11410),#11453,.T.);
#11410 = FACE_BOUND('',#11411,.T.);
#11411 = EDGE_LOOP('',(#11412,#11420,#11421,#11422,#11423,#11431,#11439,
    #11447));
#11412 = ORIENTED_EDGE('',*,*,#11413,.F.);
#11413 = EDGE_CURVE('',#11364,#11414,#11416,.T.);
#11414 = VERTEX_POINT('',#11415);
#11415 = CARTESIAN_POINT('',(-3.2,26.2,3.45));
#11416 = LINE('',#11417,#11418);
#11417 = CARTESIAN_POINT('',(-3.75,26.2,3.45));
#11418 = VECTOR('',#11419,1.);
#11419 = DIRECTION('',(1.,0.,0.));
#11420 = ORIENTED_EDGE('',*,*,#11374,.T.);
#11421 = ORIENTED_EDGE('',*,*,#4190,.T.);
#11422 = ORIENTED_EDGE('',*,*,#11397,.F.);
#11423 = ORIENTED_EDGE('',*,*,#11424,.F.);
#11424 = EDGE_CURVE('',#11425,#11389,#11427,.T.);
#11425 = VERTEX_POINT('',#11426);
#11426 = CARTESIAN_POINT('',(3.2,26.2,3.45));
#11427 = LINE('',#11428,#11429);
#11428 = CARTESIAN_POINT('',(-3.75,26.2,3.45));
#11429 = VECTOR('',#11430,1.);
#11430 = DIRECTION('',(1.,0.,0.));
#11431 = ORIENTED_EDGE('',*,*,#11432,.T.);
#11432 = EDGE_CURVE('',#11425,#11433,#11435,.T.);
#11433 = VERTEX_POINT('',#11434);
#11434 = CARTESIAN_POINT('',(3.2,26.257279579762,3.45));
#11435 = LINE('',#11436,#11437);
#11436 = CARTESIAN_POINT('',(3.2,26.2,3.45));
#11437 = VECTOR('',#11438,1.);
#11438 = DIRECTION('',(0.,1.,0.));
#11439 = ORIENTED_EDGE('',*,*,#11440,.F.);
#11440 = EDGE_CURVE('',#11441,#11433,#11443,.T.);
#11441 = VERTEX_POINT('',#11442);
#11442 = CARTESIAN_POINT('',(-3.2,26.257279579762,3.45));
#11443 = LINE('',#11444,#11445);
#11444 = CARTESIAN_POINT('',(-3.2,26.257279579762,3.45));
#11445 = VECTOR('',#11446,1.);
#11446 = DIRECTION('',(1.,-2.2E-16,2.8E-16));
#11447 = ORIENTED_EDGE('',*,*,#11448,.F.);
#11448 = EDGE_CURVE('',#11414,#11441,#11449,.T.);
#11449 = LINE('',#11450,#11451);
#11450 = CARTESIAN_POINT('',(-3.2,26.2,3.45));
#11451 = VECTOR('',#11452,1.);
#11452 = DIRECTION('',(0.,1.,0.));
#11453 = PLANE('',#11454);
#11454 = AXIS2_PLACEMENT_3D('',#11455,#11456,#11457);
#11455 = CARTESIAN_POINT('',(9.E-17,23.728028209076,3.45));
#11456 = DIRECTION('',(-7.E-17,-3.E-17,1.));
#11457 = DIRECTION('',(1.,0.,7.E-17));
#11458 = ADVANCED_FACE('',(#11459),#11522,.T.);
#11459 = FACE_BOUND('',#11460,.T.);
#11460 = EDGE_LOOP('',(#11461,#11462,#11470,#11478,#11487,#11495,#11504,
    #11512,#11518,#11519,#11520,#11521));
#11461 = ORIENTED_EDGE('',*,*,#11053,.F.);
#11462 = ORIENTED_EDGE('',*,*,#11463,.F.);
#11463 = EDGE_CURVE('',#11464,#11046,#11466,.T.);
#11464 = VERTEX_POINT('',#11465);
#11465 = CARTESIAN_POINT('',(2.575,26.2,1.3));
#11466 = LINE('',#11467,#11468);
#11467 = CARTESIAN_POINT('',(2.575,26.2,1.3));
#11468 = VECTOR('',#11469,1.);
#11469 = DIRECTION('',(0.,0.,-1.));
#11470 = ORIENTED_EDGE('',*,*,#11471,.T.);
#11471 = EDGE_CURVE('',#11464,#11472,#11474,.T.);
#11472 = VERTEX_POINT('',#11473);
#11473 = CARTESIAN_POINT('',(2.660723304703,26.2,1.3));
#11474 = LINE('',#11475,#11476);
#11475 = CARTESIAN_POINT('',(-2.836764068712,26.2,1.3));
#11476 = VECTOR('',#11477,1.);
#11477 = DIRECTION('',(1.,0.,0.));
#11478 = ORIENTED_EDGE('',*,*,#11479,.T.);
#11479 = EDGE_CURVE('',#11472,#11480,#11482,.T.);
#11480 = VERTEX_POINT('',#11481);
#11481 = CARTESIAN_POINT('',(2.749111652352,26.2,1.336611652352));
#11482 = CIRCLE('',#11483,0.125);
#11483 = AXIS2_PLACEMENT_3D('',#11484,#11485,#11486);
#11484 = CARTESIAN_POINT('',(2.660723304703,26.2,1.425));
#11485 = DIRECTION('',(0.,-1.,0.));
#11486 = DIRECTION('',(0.,0.,-1.));
#11487 = ORIENTED_EDGE('',*,*,#11488,.F.);
#11488 = EDGE_CURVE('',#11489,#11480,#11491,.T.);
#11489 = VERTEX_POINT('',#11490);
#11490 = CARTESIAN_POINT('',(3.413388347648,26.2,2.000888347648));
#11491 = LINE('',#11492,#11493);
#11492 = CARTESIAN_POINT('',(3.537867965644,26.2,2.125367965644));
#11493 = VECTOR('',#11494,1.);
#11494 = DIRECTION('',(-0.707106781187,-0.,-0.707106781187));
#11495 = ORIENTED_EDGE('',*,*,#11496,.T.);
#11496 = EDGE_CURVE('',#11489,#11497,#11499,.T.);
#11497 = VERTEX_POINT('',#11498);
#11498 = CARTESIAN_POINT('',(3.45,26.2,2.089276695297));
#11499 = CIRCLE('',#11500,0.125);
#11500 = AXIS2_PLACEMENT_3D('',#11501,#11502,#11503);
#11501 = CARTESIAN_POINT('',(3.325,26.2,2.089276695297));
#11502 = DIRECTION('',(0.,-1.,0.));
#11503 = DIRECTION('',(-1.1E-16,-0.,-1.));
#11504 = ORIENTED_EDGE('',*,*,#11505,.F.);
#11505 = EDGE_CURVE('',#11506,#11497,#11508,.T.);
#11506 = VERTEX_POINT('',#11507);
#11507 = CARTESIAN_POINT('',(3.45,26.2,2.107138347648));
#11508 = LINE('',#11509,#11510);
#11509 = CARTESIAN_POINT('',(3.45,26.2,3.45));
#11510 = VECTOR('',#11511,1.);
#11511 = DIRECTION('',(0.,0.,-1.));
#11512 = ORIENTED_EDGE('',*,*,#11513,.T.);
#11513 = EDGE_CURVE('',#11506,#11326,#11514,.T.);
#11514 = LINE('',#11515,#11516);
#11515 = CARTESIAN_POINT('',(3.45,26.2,2.107138347648));
#11516 = VECTOR('',#11517,1.);
#11517 = DIRECTION('',(1.,-6.7E-16,2.2E-16));
#11518 = ORIENTED_EDGE('',*,*,#11325,.T.);
#11519 = ORIENTED_EDGE('',*,*,#11233,.F.);
#11520 = ORIENTED_EDGE('',*,*,#11192,.T.);
#11521 = ORIENTED_EDGE('',*,*,#4247,.F.);
#11522 = PLANE('',#11523);
#11523 = AXIS2_PLACEMENT_3D('',#11524,#11525,#11526);
#11524 = CARTESIAN_POINT('',(0.,26.2,2.312950198131));
#11525 = DIRECTION('',(0.,1.,2.2E-16));
#11526 = DIRECTION('',(0.,-2.2E-16,1.));
#11527 = ADVANCED_FACE('',(#11528),#11546,.T.);
#11528 = FACE_BOUND('',#11529,.T.);
#11529 = EDGE_LOOP('',(#11530,#11538,#11539,#11540));
#11530 = ORIENTED_EDGE('',*,*,#11531,.F.);
#11531 = EDGE_CURVE('',#4306,#11532,#11534,.T.);
#11532 = VERTEX_POINT('',#11533);
#11533 = CARTESIAN_POINT('',(10.5,24.629899989998,0.));
#11534 = LINE('',#11535,#11536);
#11535 = CARTESIAN_POINT('',(10.5,25.,0.));
#11536 = VECTOR('',#11537,1.);
#11537 = DIRECTION('',(-4.E-17,-1.,0.));
#11538 = ORIENTED_EDGE('',*,*,#4315,.T.);
#11539 = ORIENTED_EDGE('',*,*,#4329,.T.);
#11540 = ORIENTED_EDGE('',*,*,#11541,.F.);
#11541 = EDGE_CURVE('',#11532,#4330,#11542,.T.);
#11542 = LINE('',#11543,#11544);
#11543 = CARTESIAN_POINT('',(10.5,24.629899989998,55.905302825492));
#11544 = VECTOR('',#11545,1.);
#11545 = DIRECTION('',(-2.2E-16,0.,1.));
#11546 = PLANE('',#11547);
#11547 = AXIS2_PLACEMENT_3D('',#11548,#11549,#11550);
#11548 = CARTESIAN_POINT('',(10.5,25.,0.));
#11549 = DIRECTION('',(1.,-4.E-17,0.));
#11550 = DIRECTION('',(-4.E-17,-1.,0.));
#11551 = ADVANCED_FACE('',(#11552),#11571,.F.);
#11552 = FACE_BOUND('',#11553,.F.);
#11553 = EDGE_LOOP('',(#11554,#11562,#11563,#11564));
#11554 = ORIENTED_EDGE('',*,*,#11555,.T.);
#11555 = EDGE_CURVE('',#11556,#4341,#11558,.T.);
#11556 = VERTEX_POINT('',#11557);
#11557 = CARTESIAN_POINT('',(10.5,23.630100010002,0.));
#11558 = LINE('',#11559,#11560);
#11559 = CARTESIAN_POINT('',(10.5,23.630100010002,55.905302825492));
#11560 = VECTOR('',#11561,1.);
#11561 = DIRECTION('',(-2.2E-16,0.,1.));
#11562 = ORIENTED_EDGE('',*,*,#4348,.F.);
#11563 = ORIENTED_EDGE('',*,*,#11541,.F.);
#11564 = ORIENTED_EDGE('',*,*,#11565,.T.);
#11565 = EDGE_CURVE('',#11532,#11556,#11566,.T.);
#11566 = CIRCLE('',#11567,0.5);
#11567 = AXIS2_PLACEMENT_3D('',#11568,#11569,#11570);
#11568 = CARTESIAN_POINT('',(10.49,24.13,0.));
#11569 = DIRECTION('',(-2.2E-16,0.,1.));
#11570 = DIRECTION('',(-1.,2.2E-16,-2.2E-16));
#11571 = CYLINDRICAL_SURFACE('',#11572,0.5);
#11572 = AXIS2_PLACEMENT_3D('',#11573,#11574,#11575);
#11573 = CARTESIAN_POINT('',(10.49,24.13,55.905302825492));
#11574 = DIRECTION('',(-2.2E-16,0.,1.));
#11575 = DIRECTION('',(-1.,2.2E-16,-2.2E-16));
#11576 = ADVANCED_FACE('',(#11577),#11588,.T.);
#11577 = FACE_BOUND('',#11578,.T.);
#11578 = EDGE_LOOP('',(#11579,#11585,#11586,#11587));
#11579 = ORIENTED_EDGE('',*,*,#11580,.F.);
#11580 = EDGE_CURVE('',#11556,#4375,#11581,.T.);
#11581 = LINE('',#11582,#11583);
#11582 = CARTESIAN_POINT('',(10.5,25.,0.));
#11583 = VECTOR('',#11584,1.);
#11584 = DIRECTION('',(-4.E-17,-1.,0.));
#11585 = ORIENTED_EDGE('',*,*,#11555,.T.);
#11586 = ORIENTED_EDGE('',*,*,#4340,.T.);
#11587 = ORIENTED_EDGE('',*,*,#4384,.F.);
#11588 = PLANE('',#11589);
#11589 = AXIS2_PLACEMENT_3D('',#11590,#11591,#11592);
#11590 = CARTESIAN_POINT('',(10.5,25.,0.));
#11591 = DIRECTION('',(1.,-4.E-17,0.));
#11592 = DIRECTION('',(-4.E-17,-1.,0.));
#11593 = ADVANCED_FACE('',(#11594),#11613,.F.);
#11594 = FACE_BOUND('',#11595,.F.);
#11595 = EDGE_LOOP('',(#11596,#11605,#11611,#11612));
#11596 = ORIENTED_EDGE('',*,*,#11597,.T.);
#11597 = EDGE_CURVE('',#11598,#11598,#11600,.T.);
#11598 = VERTEX_POINT('',#11599);
#11599 = CARTESIAN_POINT('',(9.39,24.13,1.E-15));
#11600 = CIRCLE('',#11601,0.5);
#11601 = AXIS2_PLACEMENT_3D('',#11602,#11603,#11604);
#11602 = CARTESIAN_POINT('',(8.89,24.13,0.));
#11603 = DIRECTION('',(-2.2E-16,0.,1.));
#11604 = DIRECTION('',(-1.,2.2E-16,-2.2E-16));
#11605 = ORIENTED_EDGE('',*,*,#11606,.F.);
#11606 = EDGE_CURVE('',#4358,#11598,#11607,.T.);
#11607 = LINE('',#11608,#11609);
#11608 = CARTESIAN_POINT('',(9.39,24.13,55.715027595793));
#11609 = VECTOR('',#11610,1.);
#11610 = DIRECTION('',(2.2E-16,0.,-1.));
#11611 = ORIENTED_EDGE('',*,*,#4357,.F.);
#11612 = ORIENTED_EDGE('',*,*,#11606,.T.);
#11613 = CYLINDRICAL_SURFACE('',#11614,0.5);
#11614 = AXIS2_PLACEMENT_3D('',#11615,#11616,#11617);
#11615 = CARTESIAN_POINT('',(8.89,24.13,55.715027595793));
#11616 = DIRECTION('',(-2.2E-16,0.,1.));
#11617 = DIRECTION('',(-1.,2.2E-16,-2.2E-16));
#11618 = ADVANCED_FACE('',(#11619),#11637,.T.);
#11619 = FACE_BOUND('',#11620,.T.);
#11620 = EDGE_LOOP('',(#11621,#11629,#11630,#11631));
#11621 = ORIENTED_EDGE('',*,*,#11622,.F.);
#11622 = EDGE_CURVE('',#4377,#11623,#11625,.T.);
#11623 = VERTEX_POINT('',#11624);
#11624 = CARTESIAN_POINT('',(10.5,22.089899989998,0.));
#11625 = LINE('',#11626,#11627);
#11626 = CARTESIAN_POINT('',(10.5,25.,0.));
#11627 = VECTOR('',#11628,1.);
#11628 = DIRECTION('',(-4.E-17,-1.,0.));
#11629 = ORIENTED_EDGE('',*,*,#4391,.T.);
#11630 = ORIENTED_EDGE('',*,*,#4423,.T.);
#11631 = ORIENTED_EDGE('',*,*,#11632,.F.);
#11632 = EDGE_CURVE('',#11623,#4415,#11633,.T.);
#11633 = LINE('',#11634,#11635);
#11634 = CARTESIAN_POINT('',(10.5,22.089899989998,55.905302825492));
#11635 = VECTOR('',#11636,1.);
#11636 = DIRECTION('',(-2.2E-16,0.,1.));
#11637 = PLANE('',#11638);
#11638 = AXIS2_PLACEMENT_3D('',#11639,#11640,#11641);
#11639 = CARTESIAN_POINT('',(10.5,25.,0.));
#11640 = DIRECTION('',(1.,-4.E-17,0.));
#11641 = DIRECTION('',(-4.E-17,-1.,0.));
#11642 = ADVANCED_FACE('',(#11643),#11662,.F.);
#11643 = FACE_BOUND('',#11644,.F.);
#11644 = EDGE_LOOP('',(#11645,#11653,#11654,#11655));
#11645 = ORIENTED_EDGE('',*,*,#11646,.T.);
#11646 = EDGE_CURVE('',#11647,#4407,#11649,.T.);
#11647 = VERTEX_POINT('',#11648);
#11648 = CARTESIAN_POINT('',(10.5,21.090100010002,0.));
#11649 = LINE('',#11650,#11651);
#11650 = CARTESIAN_POINT('',(10.5,21.090100010002,55.905302825492));
#11651 = VECTOR('',#11652,1.);
#11652 = DIRECTION('',(-2.2E-16,0.,1.));
#11653 = ORIENTED_EDGE('',*,*,#4414,.F.);
#11654 = ORIENTED_EDGE('',*,*,#11632,.F.);
#11655 = ORIENTED_EDGE('',*,*,#11656,.T.);
#11656 = EDGE_CURVE('',#11623,#11647,#11657,.T.);
#11657 = CIRCLE('',#11658,0.5);
#11658 = AXIS2_PLACEMENT_3D('',#11659,#11660,#11661);
#11659 = CARTESIAN_POINT('',(10.49,21.59,0.));
#11660 = DIRECTION('',(-2.2E-16,0.,1.));
#11661 = DIRECTION('',(-1.,2.2E-16,-2.2E-16));
#11662 = CYLINDRICAL_SURFACE('',#11663,0.5);
#11663 = AXIS2_PLACEMENT_3D('',#11664,#11665,#11666);
#11664 = CARTESIAN_POINT('',(10.49,21.59,55.905302825492));
#11665 = DIRECTION('',(-2.2E-16,0.,1.));
#11666 = DIRECTION('',(-1.,2.2E-16,-2.2E-16));
#11667 = ADVANCED_FACE('',(#11668),#11679,.T.);
#11668 = FACE_BOUND('',#11669,.T.);
#11669 = EDGE_LOOP('',(#11670,#11676,#11677,#11678));
#11670 = ORIENTED_EDGE('',*,*,#11671,.F.);
#11671 = EDGE_CURVE('',#11647,#4451,#11672,.T.);
#11672 = LINE('',#11673,#11674);
#11673 = CARTESIAN_POINT('',(10.5,25.,0.));
#11674 = VECTOR('',#11675,1.);
#11675 = DIRECTION('',(-4.E-17,-1.,0.));
#11676 = ORIENTED_EDGE('',*,*,#11646,.T.);
#11677 = ORIENTED_EDGE('',*,*,#4406,.T.);
#11678 = ORIENTED_EDGE('',*,*,#4460,.F.);
#11679 = PLANE('',#11680);
#11680 = AXIS2_PLACEMENT_3D('',#11681,#11682,#11683);
#11681 = CARTESIAN_POINT('',(10.5,25.,0.));
#11682 = DIRECTION('',(1.,-4.E-17,0.));
#11683 = DIRECTION('',(-4.E-17,-1.,0.));
#11684 = ADVANCED_FACE('',(#11685),#11704,.F.);
#11685 = FACE_BOUND('',#11686,.F.);
#11686 = EDGE_LOOP('',(#11687,#11696,#11702,#11703));
#11687 = ORIENTED_EDGE('',*,*,#11688,.T.);
#11688 = EDGE_CURVE('',#11689,#11689,#11691,.T.);
#11689 = VERTEX_POINT('',#11690);
#11690 = CARTESIAN_POINT('',(9.39,21.59,1.E-15));
#11691 = CIRCLE('',#11692,0.5);
#11692 = AXIS2_PLACEMENT_3D('',#11693,#11694,#11695);
#11693 = CARTESIAN_POINT('',(8.89,21.59,0.));
#11694 = DIRECTION('',(-2.2E-16,0.,1.));
#11695 = DIRECTION('',(-1.,2.2E-16,-2.2E-16));
#11696 = ORIENTED_EDGE('',*,*,#11697,.F.);
#11697 = EDGE_CURVE('',#4434,#11689,#11698,.T.);
#11698 = LINE('',#11699,#11700);
#11699 = CARTESIAN_POINT('',(9.39,21.59,55.715027595793));
#11700 = VECTOR('',#11701,1.);
#11701 = DIRECTION('',(2.2E-16,0.,-1.));
#11702 = ORIENTED_EDGE('',*,*,#4433,.F.);
#11703 = ORIENTED_EDGE('',*,*,#11697,.T.);
#11704 = CYLINDRICAL_SURFACE('',#11705,0.5);
#11705 = AXIS2_PLACEMENT_3D('',#11706,#11707,#11708);
#11706 = CARTESIAN_POINT('',(8.89,21.59,55.715027595793));
#11707 = DIRECTION('',(-2.2E-16,0.,1.));
#11708 = DIRECTION('',(-1.,2.2E-16,-2.2E-16));
#11709 = ADVANCED_FACE('',(#11710),#11728,.T.);
#11710 = FACE_BOUND('',#11711,.T.);
#11711 = EDGE_LOOP('',(#11712,#11720,#11721,#11722));
#11712 = ORIENTED_EDGE('',*,*,#11713,.F.);
#11713 = EDGE_CURVE('',#4453,#11714,#11716,.T.);
#11714 = VERTEX_POINT('',#11715);
#11715 = CARTESIAN_POINT('',(10.5,19.549899989998,0.));
#11716 = LINE('',#11717,#11718);
#11717 = CARTESIAN_POINT('',(10.5,25.,0.));
#11718 = VECTOR('',#11719,1.);
#11719 = DIRECTION('',(-4.E-17,-1.,0.));
#11720 = ORIENTED_EDGE('',*,*,#4467,.T.);
#11721 = ORIENTED_EDGE('',*,*,#4499,.T.);
#11722 = ORIENTED_EDGE('',*,*,#11723,.F.);
#11723 = EDGE_CURVE('',#11714,#4491,#11724,.T.);
#11724 = LINE('',#11725,#11726);
#11725 = CARTESIAN_POINT('',(10.5,19.549899989998,55.905302825492));
#11726 = VECTOR('',#11727,1.);
#11727 = DIRECTION('',(-2.2E-16,0.,1.));
#11728 = PLANE('',#11729);
#11729 = AXIS2_PLACEMENT_3D('',#11730,#11731,#11732);
#11730 = CARTESIAN_POINT('',(10.5,25.,0.));
#11731 = DIRECTION('',(1.,-4.E-17,0.));
#11732 = DIRECTION('',(-4.E-17,-1.,0.));
#11733 = ADVANCED_FACE('',(#11734),#11753,.F.);
#11734 = FACE_BOUND('',#11735,.F.);
#11735 = EDGE_LOOP('',(#11736,#11744,#11745,#11746));
#11736 = ORIENTED_EDGE('',*,*,#11737,.T.);
#11737 = EDGE_CURVE('',#11738,#4483,#11740,.T.);
#11738 = VERTEX_POINT('',#11739);
#11739 = CARTESIAN_POINT('',(10.5,18.550100010002,0.));
#11740 = LINE('',#11741,#11742);
#11741 = CARTESIAN_POINT('',(10.5,18.550100010002,55.905302825492));
#11742 = VECTOR('',#11743,1.);
#11743 = DIRECTION('',(-2.2E-16,0.,1.));
#11744 = ORIENTED_EDGE('',*,*,#4490,.F.);
#11745 = ORIENTED_EDGE('',*,*,#11723,.F.);
#11746 = ORIENTED_EDGE('',*,*,#11747,.T.);
#11747 = EDGE_CURVE('',#11714,#11738,#11748,.T.);
#11748 = CIRCLE('',#11749,0.5);
#11749 = AXIS2_PLACEMENT_3D('',#11750,#11751,#11752);
#11750 = CARTESIAN_POINT('',(10.49,19.05,0.));
#11751 = DIRECTION('',(-2.2E-16,0.,1.));
#11752 = DIRECTION('',(-1.,2.2E-16,-2.2E-16));
#11753 = CYLINDRICAL_SURFACE('',#11754,0.5);
#11754 = AXIS2_PLACEMENT_3D('',#11755,#11756,#11757);
#11755 = CARTESIAN_POINT('',(10.49,19.05,55.905302825492));
#11756 = DIRECTION('',(-2.2E-16,0.,1.));
#11757 = DIRECTION('',(-1.,2.2E-16,-2.2E-16));
#11758 = ADVANCED_FACE('',(#11759),#11770,.T.);
#11759 = FACE_BOUND('',#11760,.T.);
#11760 = EDGE_LOOP('',(#11761,#11767,#11768,#11769));
#11761 = ORIENTED_EDGE('',*,*,#11762,.F.);
#11762 = EDGE_CURVE('',#11738,#4529,#11763,.T.);
#11763 = LINE('',#11764,#11765);
#11764 = CARTESIAN_POINT('',(10.5,25.,0.));
#11765 = VECTOR('',#11766,1.);
#11766 = DIRECTION('',(-4.E-17,-1.,0.));
#11767 = ORIENTED_EDGE('',*,*,#11737,.T.);
#11768 = ORIENTED_EDGE('',*,*,#4482,.T.);
#11769 = ORIENTED_EDGE('',*,*,#4538,.F.);
#11770 = PLANE('',#11771);
#11771 = AXIS2_PLACEMENT_3D('',#11772,#11773,#11774);
#11772 = CARTESIAN_POINT('',(10.5,25.,0.));
#11773 = DIRECTION('',(1.,-4.E-17,0.));
#11774 = DIRECTION('',(-4.E-17,-1.,0.));
#11775 = ADVANCED_FACE('',(#11776),#11795,.F.);
#11776 = FACE_BOUND('',#11777,.F.);
#11777 = EDGE_LOOP('',(#11778,#11787,#11793,#11794));
#11778 = ORIENTED_EDGE('',*,*,#11779,.T.);
#11779 = EDGE_CURVE('',#11780,#11780,#11782,.T.);
#11780 = VERTEX_POINT('',#11781);
#11781 = CARTESIAN_POINT('',(9.39,19.05,1.E-15));
#11782 = CIRCLE('',#11783,0.5);
#11783 = AXIS2_PLACEMENT_3D('',#11784,#11785,#11786);
#11784 = CARTESIAN_POINT('',(8.89,19.05,0.));
#11785 = DIRECTION('',(-2.2E-16,0.,1.));
#11786 = DIRECTION('',(-1.,2.2E-16,-2.2E-16));
#11787 = ORIENTED_EDGE('',*,*,#11788,.F.);
#11788 = EDGE_CURVE('',#4512,#11780,#11789,.T.);
#11789 = LINE('',#11790,#11791);
#11790 = CARTESIAN_POINT('',(9.39,19.05,55.715027595793));
#11791 = VECTOR('',#11792,1.);
#11792 = DIRECTION('',(2.2E-16,0.,-1.));
#11793 = ORIENTED_EDGE('',*,*,#4511,.F.);
#11794 = ORIENTED_EDGE('',*,*,#11788,.T.);
#11795 = CYLINDRICAL_SURFACE('',#11796,0.5);
#11796 = AXIS2_PLACEMENT_3D('',#11797,#11798,#11799);
#11797 = CARTESIAN_POINT('',(8.89,19.05,55.715027595793));
#11798 = DIRECTION('',(-2.2E-16,0.,1.));
#11799 = DIRECTION('',(-1.,2.2E-16,-2.2E-16));
#11800 = ADVANCED_FACE('',(#11801),#11819,.T.);
#11801 = FACE_BOUND('',#11802,.T.);
#11802 = EDGE_LOOP('',(#11803,#11811,#11812,#11813));
#11803 = ORIENTED_EDGE('',*,*,#11804,.F.);
#11804 = EDGE_CURVE('',#4531,#11805,#11807,.T.);
#11805 = VERTEX_POINT('',#11806);
#11806 = CARTESIAN_POINT('',(10.5,17.009899989998,0.));
#11807 = LINE('',#11808,#11809);
#11808 = CARTESIAN_POINT('',(10.5,25.,0.));
#11809 = VECTOR('',#11810,1.);
#11810 = DIRECTION('',(-4.E-17,-1.,0.));
#11811 = ORIENTED_EDGE('',*,*,#4545,.T.);
#11812 = ORIENTED_EDGE('',*,*,#4577,.T.);
#11813 = ORIENTED_EDGE('',*,*,#11814,.F.);
#11814 = EDGE_CURVE('',#11805,#4569,#11815,.T.);
#11815 = LINE('',#11816,#11817);
#11816 = CARTESIAN_POINT('',(10.5,17.009899989998,55.905302825492));
#11817 = VECTOR('',#11818,1.);
#11818 = DIRECTION('',(-2.2E-16,0.,1.));
#11819 = PLANE('',#11820);
#11820 = AXIS2_PLACEMENT_3D('',#11821,#11822,#11823);
#11821 = CARTESIAN_POINT('',(10.5,25.,0.));
#11822 = DIRECTION('',(1.,-4.E-17,0.));
#11823 = DIRECTION('',(-4.E-17,-1.,0.));
#11824 = ADVANCED_FACE('',(#11825),#11844,.F.);
#11825 = FACE_BOUND('',#11826,.F.);
#11826 = EDGE_LOOP('',(#11827,#11835,#11836,#11837));
#11827 = ORIENTED_EDGE('',*,*,#11828,.T.);
#11828 = EDGE_CURVE('',#11829,#4561,#11831,.T.);
#11829 = VERTEX_POINT('',#11830);
#11830 = CARTESIAN_POINT('',(10.5,16.010100010002,0.));
#11831 = LINE('',#11832,#11833);
#11832 = CARTESIAN_POINT('',(10.5,16.010100010002,55.905302825492));
#11833 = VECTOR('',#11834,1.);
#11834 = DIRECTION('',(-2.2E-16,0.,1.));
#11835 = ORIENTED_EDGE('',*,*,#4568,.F.);
#11836 = ORIENTED_EDGE('',*,*,#11814,.F.);
#11837 = ORIENTED_EDGE('',*,*,#11838,.T.);
#11838 = EDGE_CURVE('',#11805,#11829,#11839,.T.);
#11839 = CIRCLE('',#11840,0.5);
#11840 = AXIS2_PLACEMENT_3D('',#11841,#11842,#11843);
#11841 = CARTESIAN_POINT('',(10.49,16.51,0.));
#11842 = DIRECTION('',(-2.2E-16,0.,1.));
#11843 = DIRECTION('',(-1.,2.2E-16,-2.2E-16));
#11844 = CYLINDRICAL_SURFACE('',#11845,0.5);
#11845 = AXIS2_PLACEMENT_3D('',#11846,#11847,#11848);
#11846 = CARTESIAN_POINT('',(10.49,16.51,55.905302825492));
#11847 = DIRECTION('',(-2.2E-16,0.,1.));
#11848 = DIRECTION('',(-1.,2.2E-16,-2.2E-16));
#11849 = ADVANCED_FACE('',(#11850),#11861,.T.);
#11850 = FACE_BOUND('',#11851,.T.);
#11851 = EDGE_LOOP('',(#11852,#11858,#11859,#11860));
#11852 = ORIENTED_EDGE('',*,*,#11853,.F.);
#11853 = EDGE_CURVE('',#11829,#4605,#11854,.T.);
#11854 = LINE('',#11855,#11856);
#11855 = CARTESIAN_POINT('',(10.5,25.,0.));
#11856 = VECTOR('',#11857,1.);
#11857 = DIRECTION('',(-4.E-17,-1.,0.));
#11858 = ORIENTED_EDGE('',*,*,#11828,.T.);
#11859 = ORIENTED_EDGE('',*,*,#4560,.T.);
#11860 = ORIENTED_EDGE('',*,*,#4614,.F.);
#11861 = PLANE('',#11862);
#11862 = AXIS2_PLACEMENT_3D('',#11863,#11864,#11865);
#11863 = CARTESIAN_POINT('',(10.5,25.,0.));
#11864 = DIRECTION('',(1.,-4.E-17,0.));
#11865 = DIRECTION('',(-4.E-17,-1.,0.));
#11866 = ADVANCED_FACE('',(#11867),#11886,.F.);
#11867 = FACE_BOUND('',#11868,.F.);
#11868 = EDGE_LOOP('',(#11869,#11878,#11884,#11885));
#11869 = ORIENTED_EDGE('',*,*,#11870,.T.);
#11870 = EDGE_CURVE('',#11871,#11871,#11873,.T.);
#11871 = VERTEX_POINT('',#11872);
#11872 = CARTESIAN_POINT('',(9.39,16.51,1.E-15));
#11873 = CIRCLE('',#11874,0.5);
#11874 = AXIS2_PLACEMENT_3D('',#11875,#11876,#11877);
#11875 = CARTESIAN_POINT('',(8.89,16.51,0.));
#11876 = DIRECTION('',(-2.2E-16,0.,1.));
#11877 = DIRECTION('',(-1.,2.2E-16,-2.2E-16));
#11878 = ORIENTED_EDGE('',*,*,#11879,.F.);
#11879 = EDGE_CURVE('',#4588,#11871,#11880,.T.);
#11880 = LINE('',#11881,#11882);
#11881 = CARTESIAN_POINT('',(9.39,16.51,55.715027595793));
#11882 = VECTOR('',#11883,1.);
#11883 = DIRECTION('',(2.2E-16,0.,-1.));
#11884 = ORIENTED_EDGE('',*,*,#4587,.F.);
#11885 = ORIENTED_EDGE('',*,*,#11879,.T.);
#11886 = CYLINDRICAL_SURFACE('',#11887,0.5);
#11887 = AXIS2_PLACEMENT_3D('',#11888,#11889,#11890);
#11888 = CARTESIAN_POINT('',(8.89,16.51,55.715027595793));
#11889 = DIRECTION('',(-2.2E-16,0.,1.));
#11890 = DIRECTION('',(-1.,2.2E-16,-2.2E-16));
#11891 = ADVANCED_FACE('',(#11892),#11910,.T.);
#11892 = FACE_BOUND('',#11893,.T.);
#11893 = EDGE_LOOP('',(#11894,#11902,#11903,#11904));
#11894 = ORIENTED_EDGE('',*,*,#11895,.F.);
#11895 = EDGE_CURVE('',#4607,#11896,#11898,.T.);
#11896 = VERTEX_POINT('',#11897);
#11897 = CARTESIAN_POINT('',(10.5,14.469899989998,0.));
#11898 = LINE('',#11899,#11900);
#11899 = CARTESIAN_POINT('',(10.5,25.,0.));
#11900 = VECTOR('',#11901,1.);
#11901 = DIRECTION('',(-4.E-17,-1.,0.));
#11902 = ORIENTED_EDGE('',*,*,#4621,.T.);
#11903 = ORIENTED_EDGE('',*,*,#4653,.T.);
#11904 = ORIENTED_EDGE('',*,*,#11905,.F.);
#11905 = EDGE_CURVE('',#11896,#4645,#11906,.T.);
#11906 = LINE('',#11907,#11908);
#11907 = CARTESIAN_POINT('',(10.5,14.469899989998,55.905302825492));
#11908 = VECTOR('',#11909,1.);
#11909 = DIRECTION('',(-2.2E-16,0.,1.));
#11910 = PLANE('',#11911);
#11911 = AXIS2_PLACEMENT_3D('',#11912,#11913,#11914);
#11912 = CARTESIAN_POINT('',(10.5,25.,0.));
#11913 = DIRECTION('',(1.,-4.E-17,0.));
#11914 = DIRECTION('',(-4.E-17,-1.,0.));
#11915 = ADVANCED_FACE('',(#11916),#11935,.F.);
#11916 = FACE_BOUND('',#11917,.F.);
#11917 = EDGE_LOOP('',(#11918,#11926,#11927,#11928));
#11918 = ORIENTED_EDGE('',*,*,#11919,.T.);
#11919 = EDGE_CURVE('',#11920,#4637,#11922,.T.);
#11920 = VERTEX_POINT('',#11921);
#11921 = CARTESIAN_POINT('',(10.5,13.470100010002,0.));
#11922 = LINE('',#11923,#11924);
#11923 = CARTESIAN_POINT('',(10.5,13.470100010002,55.905302825492));
#11924 = VECTOR('',#11925,1.);
#11925 = DIRECTION('',(-2.2E-16,0.,1.));
#11926 = ORIENTED_EDGE('',*,*,#4644,.F.);
#11927 = ORIENTED_EDGE('',*,*,#11905,.F.);
#11928 = ORIENTED_EDGE('',*,*,#11929,.T.);
#11929 = EDGE_CURVE('',#11896,#11920,#11930,.T.);
#11930 = CIRCLE('',#11931,0.5);
#11931 = AXIS2_PLACEMENT_3D('',#11932,#11933,#11934);
#11932 = CARTESIAN_POINT('',(10.49,13.97,0.));
#11933 = DIRECTION('',(-2.2E-16,0.,1.));
#11934 = DIRECTION('',(-1.,2.2E-16,-2.2E-16));
#11935 = CYLINDRICAL_SURFACE('',#11936,0.5);
#11936 = AXIS2_PLACEMENT_3D('',#11937,#11938,#11939);
#11937 = CARTESIAN_POINT('',(10.49,13.97,55.905302825492));
#11938 = DIRECTION('',(-2.2E-16,0.,1.));
#11939 = DIRECTION('',(-1.,2.2E-16,-2.2E-16));
#11940 = ADVANCED_FACE('',(#11941),#11952,.T.);
#11941 = FACE_BOUND('',#11942,.T.);
#11942 = EDGE_LOOP('',(#11943,#11949,#11950,#11951));
#11943 = ORIENTED_EDGE('',*,*,#11944,.F.);
#11944 = EDGE_CURVE('',#11920,#4681,#11945,.T.);
#11945 = LINE('',#11946,#11947);
#11946 = CARTESIAN_POINT('',(10.5,25.,0.));
#11947 = VECTOR('',#11948,1.);
#11948 = DIRECTION('',(-4.E-17,-1.,0.));
#11949 = ORIENTED_EDGE('',*,*,#11919,.T.);
#11950 = ORIENTED_EDGE('',*,*,#4636,.T.);
#11951 = ORIENTED_EDGE('',*,*,#4690,.F.);
#11952 = PLANE('',#11953);
#11953 = AXIS2_PLACEMENT_3D('',#11954,#11955,#11956);
#11954 = CARTESIAN_POINT('',(10.5,25.,0.));
#11955 = DIRECTION('',(1.,-4.E-17,0.));
#11956 = DIRECTION('',(-4.E-17,-1.,0.));
#11957 = ADVANCED_FACE('',(#11958),#11977,.F.);
#11958 = FACE_BOUND('',#11959,.F.);
#11959 = EDGE_LOOP('',(#11960,#11969,#11975,#11976));
#11960 = ORIENTED_EDGE('',*,*,#11961,.T.);
#11961 = EDGE_CURVE('',#11962,#11962,#11964,.T.);
#11962 = VERTEX_POINT('',#11963);
#11963 = CARTESIAN_POINT('',(9.39,13.97,1.E-15));
#11964 = CIRCLE('',#11965,0.5);
#11965 = AXIS2_PLACEMENT_3D('',#11966,#11967,#11968);
#11966 = CARTESIAN_POINT('',(8.89,13.97,0.));
#11967 = DIRECTION('',(-2.2E-16,0.,1.));
#11968 = DIRECTION('',(-1.,2.2E-16,-2.2E-16));
#11969 = ORIENTED_EDGE('',*,*,#11970,.F.);
#11970 = EDGE_CURVE('',#4664,#11962,#11971,.T.);
#11971 = LINE('',#11972,#11973);
#11972 = CARTESIAN_POINT('',(9.39,13.97,55.715027595793));
#11973 = VECTOR('',#11974,1.);
#11974 = DIRECTION('',(2.2E-16,0.,-1.));
#11975 = ORIENTED_EDGE('',*,*,#4663,.F.);
#11976 = ORIENTED_EDGE('',*,*,#11970,.T.);
#11977 = CYLINDRICAL_SURFACE('',#11978,0.5);
#11978 = AXIS2_PLACEMENT_3D('',#11979,#11980,#11981);
#11979 = CARTESIAN_POINT('',(8.89,13.97,55.715027595793));
#11980 = DIRECTION('',(-2.2E-16,0.,1.));
#11981 = DIRECTION('',(-1.,2.2E-16,-2.2E-16));
#11982 = ADVANCED_FACE('',(#11983),#12001,.T.);
#11983 = FACE_BOUND('',#11984,.T.);
#11984 = EDGE_LOOP('',(#11985,#11993,#11994,#11995));
#11985 = ORIENTED_EDGE('',*,*,#11986,.F.);
#11986 = EDGE_CURVE('',#4683,#11987,#11989,.T.);
#11987 = VERTEX_POINT('',#11988);
#11988 = CARTESIAN_POINT('',(10.5,11.929899989998,0.));
#11989 = LINE('',#11990,#11991);
#11990 = CARTESIAN_POINT('',(10.5,25.,0.));
#11991 = VECTOR('',#11992,1.);
#11992 = DIRECTION('',(-4.E-17,-1.,0.));
#11993 = ORIENTED_EDGE('',*,*,#4697,.T.);
#11994 = ORIENTED_EDGE('',*,*,#4729,.T.);
#11995 = ORIENTED_EDGE('',*,*,#11996,.F.);
#11996 = EDGE_CURVE('',#11987,#4721,#11997,.T.);
#11997 = LINE('',#11998,#11999);
#11998 = CARTESIAN_POINT('',(10.5,11.929899989998,55.905302825492));
#11999 = VECTOR('',#12000,1.);
#12000 = DIRECTION('',(-2.2E-16,0.,1.));
#12001 = PLANE('',#12002);
#12002 = AXIS2_PLACEMENT_3D('',#12003,#12004,#12005);
#12003 = CARTESIAN_POINT('',(10.5,25.,0.));
#12004 = DIRECTION('',(1.,-4.E-17,0.));
#12005 = DIRECTION('',(-4.E-17,-1.,0.));
#12006 = ADVANCED_FACE('',(#12007),#12026,.F.);
#12007 = FACE_BOUND('',#12008,.F.);
#12008 = EDGE_LOOP('',(#12009,#12017,#12018,#12019));
#12009 = ORIENTED_EDGE('',*,*,#12010,.T.);
#12010 = EDGE_CURVE('',#12011,#4713,#12013,.T.);
#12011 = VERTEX_POINT('',#12012);
#12012 = CARTESIAN_POINT('',(10.5,10.930100010002,0.));
#12013 = LINE('',#12014,#12015);
#12014 = CARTESIAN_POINT('',(10.5,10.930100010002,55.905302825492));
#12015 = VECTOR('',#12016,1.);
#12016 = DIRECTION('',(-2.2E-16,0.,1.));
#12017 = ORIENTED_EDGE('',*,*,#4720,.F.);
#12018 = ORIENTED_EDGE('',*,*,#11996,.F.);
#12019 = ORIENTED_EDGE('',*,*,#12020,.T.);
#12020 = EDGE_CURVE('',#11987,#12011,#12021,.T.);
#12021 = CIRCLE('',#12022,0.5);
#12022 = AXIS2_PLACEMENT_3D('',#12023,#12024,#12025);
#12023 = CARTESIAN_POINT('',(10.49,11.43,0.));
#12024 = DIRECTION('',(-2.2E-16,0.,1.));
#12025 = DIRECTION('',(-1.,2.2E-16,-2.2E-16));
#12026 = CYLINDRICAL_SURFACE('',#12027,0.5);
#12027 = AXIS2_PLACEMENT_3D('',#12028,#12029,#12030);
#12028 = CARTESIAN_POINT('',(10.49,11.43,55.905302825492));
#12029 = DIRECTION('',(-2.2E-16,0.,1.));
#12030 = DIRECTION('',(-1.,2.2E-16,-2.2E-16));
#12031 = ADVANCED_FACE('',(#12032),#12043,.T.);
#12032 = FACE_BOUND('',#12033,.T.);
#12033 = EDGE_LOOP('',(#12034,#12040,#12041,#12042));
#12034 = ORIENTED_EDGE('',*,*,#12035,.F.);
#12035 = EDGE_CURVE('',#12011,#4757,#12036,.T.);
#12036 = LINE('',#12037,#12038);
#12037 = CARTESIAN_POINT('',(10.5,25.,0.));
#12038 = VECTOR('',#12039,1.);
#12039 = DIRECTION('',(-4.E-17,-1.,0.));
#12040 = ORIENTED_EDGE('',*,*,#12010,.T.);
#12041 = ORIENTED_EDGE('',*,*,#4712,.T.);
#12042 = ORIENTED_EDGE('',*,*,#4766,.F.);
#12043 = PLANE('',#12044);
#12044 = AXIS2_PLACEMENT_3D('',#12045,#12046,#12047);
#12045 = CARTESIAN_POINT('',(10.5,25.,0.));
#12046 = DIRECTION('',(1.,-4.E-17,0.));
#12047 = DIRECTION('',(-4.E-17,-1.,0.));
#12048 = ADVANCED_FACE('',(#12049),#12068,.F.);
#12049 = FACE_BOUND('',#12050,.F.);
#12050 = EDGE_LOOP('',(#12051,#12060,#12066,#12067));
#12051 = ORIENTED_EDGE('',*,*,#12052,.T.);
#12052 = EDGE_CURVE('',#12053,#12053,#12055,.T.);
#12053 = VERTEX_POINT('',#12054);
#12054 = CARTESIAN_POINT('',(9.39,11.43,1.E-15));
#12055 = CIRCLE('',#12056,0.5);
#12056 = AXIS2_PLACEMENT_3D('',#12057,#12058,#12059);
#12057 = CARTESIAN_POINT('',(8.89,11.43,0.));
#12058 = DIRECTION('',(-2.2E-16,0.,1.));
#12059 = DIRECTION('',(-1.,2.2E-16,-2.2E-16));
#12060 = ORIENTED_EDGE('',*,*,#12061,.F.);
#12061 = EDGE_CURVE('',#4740,#12053,#12062,.T.);
#12062 = LINE('',#12063,#12064);
#12063 = CARTESIAN_POINT('',(9.39,11.43,55.715027595793));
#12064 = VECTOR('',#12065,1.);
#12065 = DIRECTION('',(2.2E-16,0.,-1.));
#12066 = ORIENTED_EDGE('',*,*,#4739,.F.);
#12067 = ORIENTED_EDGE('',*,*,#12061,.T.);
#12068 = CYLINDRICAL_SURFACE('',#12069,0.5);
#12069 = AXIS2_PLACEMENT_3D('',#12070,#12071,#12072);
#12070 = CARTESIAN_POINT('',(8.89,11.43,55.715027595793));
#12071 = DIRECTION('',(-2.2E-16,0.,1.));
#12072 = DIRECTION('',(-1.,2.2E-16,-2.2E-16));
#12073 = ADVANCED_FACE('',(#12074),#12092,.T.);
#12074 = FACE_BOUND('',#12075,.T.);
#12075 = EDGE_LOOP('',(#12076,#12084,#12085,#12086));
#12076 = ORIENTED_EDGE('',*,*,#12077,.F.);
#12077 = EDGE_CURVE('',#4759,#12078,#12080,.T.);
#12078 = VERTEX_POINT('',#12079);
#12079 = CARTESIAN_POINT('',(10.5,9.389899989998,0.));
#12080 = LINE('',#12081,#12082);
#12081 = CARTESIAN_POINT('',(10.5,25.,0.));
#12082 = VECTOR('',#12083,1.);
#12083 = DIRECTION('',(-4.E-17,-1.,0.));
#12084 = ORIENTED_EDGE('',*,*,#4773,.T.);
#12085 = ORIENTED_EDGE('',*,*,#4805,.T.);
#12086 = ORIENTED_EDGE('',*,*,#12087,.F.);
#12087 = EDGE_CURVE('',#12078,#4797,#12088,.T.);
#12088 = LINE('',#12089,#12090);
#12089 = CARTESIAN_POINT('',(10.5,9.389899989998,55.905302825492));
#12090 = VECTOR('',#12091,1.);
#12091 = DIRECTION('',(-2.2E-16,0.,1.));
#12092 = PLANE('',#12093);
#12093 = AXIS2_PLACEMENT_3D('',#12094,#12095,#12096);
#12094 = CARTESIAN_POINT('',(10.5,25.,0.));
#12095 = DIRECTION('',(1.,-4.E-17,0.));
#12096 = DIRECTION('',(-4.E-17,-1.,0.));
#12097 = ADVANCED_FACE('',(#12098),#12117,.F.);
#12098 = FACE_BOUND('',#12099,.F.);
#12099 = EDGE_LOOP('',(#12100,#12108,#12109,#12110));
#12100 = ORIENTED_EDGE('',*,*,#12101,.T.);
#12101 = EDGE_CURVE('',#12102,#4789,#12104,.T.);
#12102 = VERTEX_POINT('',#12103);
#12103 = CARTESIAN_POINT('',(10.5,8.390100010002,0.));
#12104 = LINE('',#12105,#12106);
#12105 = CARTESIAN_POINT('',(10.5,8.390100010002,55.905302825492));
#12106 = VECTOR('',#12107,1.);
#12107 = DIRECTION('',(-2.2E-16,0.,1.));
#12108 = ORIENTED_EDGE('',*,*,#4796,.F.);
#12109 = ORIENTED_EDGE('',*,*,#12087,.F.);
#12110 = ORIENTED_EDGE('',*,*,#12111,.T.);
#12111 = EDGE_CURVE('',#12078,#12102,#12112,.T.);
#12112 = CIRCLE('',#12113,0.5);
#12113 = AXIS2_PLACEMENT_3D('',#12114,#12115,#12116);
#12114 = CARTESIAN_POINT('',(10.49,8.89,0.));
#12115 = DIRECTION('',(-2.2E-16,0.,1.));
#12116 = DIRECTION('',(-1.,2.2E-16,-2.2E-16));
#12117 = CYLINDRICAL_SURFACE('',#12118,0.5);
#12118 = AXIS2_PLACEMENT_3D('',#12119,#12120,#12121);
#12119 = CARTESIAN_POINT('',(10.49,8.89,55.905302825492));
#12120 = DIRECTION('',(-2.2E-16,0.,1.));
#12121 = DIRECTION('',(-1.,2.2E-16,-2.2E-16));
#12122 = ADVANCED_FACE('',(#12123),#12134,.T.);
#12123 = FACE_BOUND('',#12124,.T.);
#12124 = EDGE_LOOP('',(#12125,#12131,#12132,#12133));
#12125 = ORIENTED_EDGE('',*,*,#12126,.F.);
#12126 = EDGE_CURVE('',#12102,#4833,#12127,.T.);
#12127 = LINE('',#12128,#12129);
#12128 = CARTESIAN_POINT('',(10.5,25.,0.));
#12129 = VECTOR('',#12130,1.);
#12130 = DIRECTION('',(-4.E-17,-1.,0.));
#12131 = ORIENTED_EDGE('',*,*,#12101,.T.);
#12132 = ORIENTED_EDGE('',*,*,#4788,.T.);
#12133 = ORIENTED_EDGE('',*,*,#4842,.F.);
#12134 = PLANE('',#12135);
#12135 = AXIS2_PLACEMENT_3D('',#12136,#12137,#12138);
#12136 = CARTESIAN_POINT('',(10.5,25.,0.));
#12137 = DIRECTION('',(1.,-4.E-17,0.));
#12138 = DIRECTION('',(-4.E-17,-1.,0.));
#12139 = ADVANCED_FACE('',(#12140),#12159,.F.);
#12140 = FACE_BOUND('',#12141,.F.);
#12141 = EDGE_LOOP('',(#12142,#12151,#12157,#12158));
#12142 = ORIENTED_EDGE('',*,*,#12143,.T.);
#12143 = EDGE_CURVE('',#12144,#12144,#12146,.T.);
#12144 = VERTEX_POINT('',#12145);
#12145 = CARTESIAN_POINT('',(9.39,8.89,2.E-15));
#12146 = CIRCLE('',#12147,0.5);
#12147 = AXIS2_PLACEMENT_3D('',#12148,#12149,#12150);
#12148 = CARTESIAN_POINT('',(8.89,8.89,0.));
#12149 = DIRECTION('',(-2.2E-16,0.,1.));
#12150 = DIRECTION('',(-1.,2.2E-16,-2.2E-16));
#12151 = ORIENTED_EDGE('',*,*,#12152,.F.);
#12152 = EDGE_CURVE('',#4816,#12144,#12153,.T.);
#12153 = LINE('',#12154,#12155);
#12154 = CARTESIAN_POINT('',(9.39,8.89,55.715027595793));
#12155 = VECTOR('',#12156,1.);
#12156 = DIRECTION('',(2.2E-16,0.,-1.));
#12157 = ORIENTED_EDGE('',*,*,#4815,.F.);
#12158 = ORIENTED_EDGE('',*,*,#12152,.T.);
#12159 = CYLINDRICAL_SURFACE('',#12160,0.5);
#12160 = AXIS2_PLACEMENT_3D('',#12161,#12162,#12163);
#12161 = CARTESIAN_POINT('',(8.89,8.89,55.715027595793));
#12162 = DIRECTION('',(-2.2E-16,0.,1.));
#12163 = DIRECTION('',(-1.,2.2E-16,-2.2E-16));
#12164 = ADVANCED_FACE('',(#12165),#12183,.T.);
#12165 = FACE_BOUND('',#12166,.T.);
#12166 = EDGE_LOOP('',(#12167,#12175,#12176,#12177));
#12167 = ORIENTED_EDGE('',*,*,#12168,.F.);
#12168 = EDGE_CURVE('',#4835,#12169,#12171,.T.);
#12169 = VERTEX_POINT('',#12170);
#12170 = CARTESIAN_POINT('',(10.5,6.849899989998,0.));
#12171 = LINE('',#12172,#12173);
#12172 = CARTESIAN_POINT('',(10.5,25.,0.));
#12173 = VECTOR('',#12174,1.);
#12174 = DIRECTION('',(-4.E-17,-1.,0.));
#12175 = ORIENTED_EDGE('',*,*,#4849,.T.);
#12176 = ORIENTED_EDGE('',*,*,#4881,.T.);
#12177 = ORIENTED_EDGE('',*,*,#12178,.F.);
#12178 = EDGE_CURVE('',#12169,#4873,#12179,.T.);
#12179 = LINE('',#12180,#12181);
#12180 = CARTESIAN_POINT('',(10.5,6.849899989998,55.905302825492));
#12181 = VECTOR('',#12182,1.);
#12182 = DIRECTION('',(-2.2E-16,0.,1.));
#12183 = PLANE('',#12184);
#12184 = AXIS2_PLACEMENT_3D('',#12185,#12186,#12187);
#12185 = CARTESIAN_POINT('',(10.5,25.,0.));
#12186 = DIRECTION('',(1.,-4.E-17,0.));
#12187 = DIRECTION('',(-4.E-17,-1.,0.));
#12188 = ADVANCED_FACE('',(#12189),#12208,.F.);
#12189 = FACE_BOUND('',#12190,.F.);
#12190 = EDGE_LOOP('',(#12191,#12199,#12200,#12201));
#12191 = ORIENTED_EDGE('',*,*,#12192,.T.);
#12192 = EDGE_CURVE('',#12193,#4865,#12195,.T.);
#12193 = VERTEX_POINT('',#12194);
#12194 = CARTESIAN_POINT('',(10.5,5.850100010002,1.E-15));
#12195 = LINE('',#12196,#12197);
#12196 = CARTESIAN_POINT('',(10.5,5.850100010002,55.905302825492));
#12197 = VECTOR('',#12198,1.);
#12198 = DIRECTION('',(-2.2E-16,0.,1.));
#12199 = ORIENTED_EDGE('',*,*,#4872,.F.);
#12200 = ORIENTED_EDGE('',*,*,#12178,.F.);
#12201 = ORIENTED_EDGE('',*,*,#12202,.T.);
#12202 = EDGE_CURVE('',#12169,#12193,#12203,.T.);
#12203 = CIRCLE('',#12204,0.5);
#12204 = AXIS2_PLACEMENT_3D('',#12205,#12206,#12207);
#12205 = CARTESIAN_POINT('',(10.49,6.35,0.));
#12206 = DIRECTION('',(-2.2E-16,0.,1.));
#12207 = DIRECTION('',(-1.,2.2E-16,-2.2E-16));
#12208 = CYLINDRICAL_SURFACE('',#12209,0.5);
#12209 = AXIS2_PLACEMENT_3D('',#12210,#12211,#12212);
#12210 = CARTESIAN_POINT('',(10.49,6.35,55.905302825492));
#12211 = DIRECTION('',(-2.2E-16,0.,1.));
#12212 = DIRECTION('',(-1.,2.2E-16,-2.2E-16));
#12213 = ADVANCED_FACE('',(#12214),#12225,.T.);
#12214 = FACE_BOUND('',#12215,.T.);
#12215 = EDGE_LOOP('',(#12216,#12222,#12223,#12224));
#12216 = ORIENTED_EDGE('',*,*,#12217,.F.);
#12217 = EDGE_CURVE('',#12193,#4911,#12218,.T.);
#12218 = LINE('',#12219,#12220);
#12219 = CARTESIAN_POINT('',(10.5,25.,0.));
#12220 = VECTOR('',#12221,1.);
#12221 = DIRECTION('',(-4.E-17,-1.,0.));
#12222 = ORIENTED_EDGE('',*,*,#12192,.T.);
#12223 = ORIENTED_EDGE('',*,*,#4864,.T.);
#12224 = ORIENTED_EDGE('',*,*,#4920,.F.);
#12225 = PLANE('',#12226);
#12226 = AXIS2_PLACEMENT_3D('',#12227,#12228,#12229);
#12227 = CARTESIAN_POINT('',(10.5,25.,0.));
#12228 = DIRECTION('',(1.,-4.E-17,0.));
#12229 = DIRECTION('',(-4.E-17,-1.,0.));
#12230 = ADVANCED_FACE('',(#12231),#12250,.F.);
#12231 = FACE_BOUND('',#12232,.F.);
#12232 = EDGE_LOOP('',(#12233,#12242,#12248,#12249));
#12233 = ORIENTED_EDGE('',*,*,#12234,.T.);
#12234 = EDGE_CURVE('',#12235,#12235,#12237,.T.);
#12235 = VERTEX_POINT('',#12236);
#12236 = CARTESIAN_POINT('',(9.39,6.35,2.E-15));
#12237 = CIRCLE('',#12238,0.5);
#12238 = AXIS2_PLACEMENT_3D('',#12239,#12240,#12241);
#12239 = CARTESIAN_POINT('',(8.89,6.35,0.));
#12240 = DIRECTION('',(-2.2E-16,0.,1.));
#12241 = DIRECTION('',(-1.,2.2E-16,-2.2E-16));
#12242 = ORIENTED_EDGE('',*,*,#12243,.F.);
#12243 = EDGE_CURVE('',#4894,#12235,#12244,.T.);
#12244 = LINE('',#12245,#12246);
#12245 = CARTESIAN_POINT('',(9.39,6.35,55.715027595793));
#12246 = VECTOR('',#12247,1.);
#12247 = DIRECTION('',(2.2E-16,0.,-1.));
#12248 = ORIENTED_EDGE('',*,*,#4893,.F.);
#12249 = ORIENTED_EDGE('',*,*,#12243,.T.);
#12250 = CYLINDRICAL_SURFACE('',#12251,0.5);
#12251 = AXIS2_PLACEMENT_3D('',#12252,#12253,#12254);
#12252 = CARTESIAN_POINT('',(8.89,6.35,55.715027595793));
#12253 = DIRECTION('',(-2.2E-16,0.,1.));
#12254 = DIRECTION('',(-1.,2.2E-16,-2.2E-16));
#12255 = ADVANCED_FACE('',(#12256),#12274,.T.);
#12256 = FACE_BOUND('',#12257,.T.);
#12257 = EDGE_LOOP('',(#12258,#12266,#12267,#12268));
#12258 = ORIENTED_EDGE('',*,*,#12259,.F.);
#12259 = EDGE_CURVE('',#4913,#12260,#12262,.T.);
#12260 = VERTEX_POINT('',#12261);
#12261 = CARTESIAN_POINT('',(10.5,4.309899989998,0.));
#12262 = LINE('',#12263,#12264);
#12263 = CARTESIAN_POINT('',(10.5,25.,0.));
#12264 = VECTOR('',#12265,1.);
#12265 = DIRECTION('',(-4.E-17,-1.,0.));
#12266 = ORIENTED_EDGE('',*,*,#4927,.T.);
#12267 = ORIENTED_EDGE('',*,*,#4959,.T.);
#12268 = ORIENTED_EDGE('',*,*,#12269,.F.);
#12269 = EDGE_CURVE('',#12260,#4951,#12270,.T.);
#12270 = LINE('',#12271,#12272);
#12271 = CARTESIAN_POINT('',(10.5,4.309899989998,55.905302825492));
#12272 = VECTOR('',#12273,1.);
#12273 = DIRECTION('',(-2.2E-16,0.,1.));
#12274 = PLANE('',#12275);
#12275 = AXIS2_PLACEMENT_3D('',#12276,#12277,#12278);
#12276 = CARTESIAN_POINT('',(10.5,25.,0.));
#12277 = DIRECTION('',(1.,-4.E-17,0.));
#12278 = DIRECTION('',(-4.E-17,-1.,0.));
#12279 = ADVANCED_FACE('',(#12280),#12299,.F.);
#12280 = FACE_BOUND('',#12281,.F.);
#12281 = EDGE_LOOP('',(#12282,#12290,#12291,#12292));
#12282 = ORIENTED_EDGE('',*,*,#12283,.T.);
#12283 = EDGE_CURVE('',#12284,#4943,#12286,.T.);
#12284 = VERTEX_POINT('',#12285);
#12285 = CARTESIAN_POINT('',(10.5,3.310100010002,0.));
#12286 = LINE('',#12287,#12288);
#12287 = CARTESIAN_POINT('',(10.5,3.310100010002,55.905302825492));
#12288 = VECTOR('',#12289,1.);
#12289 = DIRECTION('',(-2.2E-16,0.,1.));
#12290 = ORIENTED_EDGE('',*,*,#4950,.F.);
#12291 = ORIENTED_EDGE('',*,*,#12269,.F.);
#12292 = ORIENTED_EDGE('',*,*,#12293,.T.);
#12293 = EDGE_CURVE('',#12260,#12284,#12294,.T.);
#12294 = CIRCLE('',#12295,0.5);
#12295 = AXIS2_PLACEMENT_3D('',#12296,#12297,#12298);
#12296 = CARTESIAN_POINT('',(10.49,3.81,0.));
#12297 = DIRECTION('',(-2.2E-16,0.,1.));
#12298 = DIRECTION('',(-1.,2.2E-16,-2.2E-16));
#12299 = CYLINDRICAL_SURFACE('',#12300,0.5);
#12300 = AXIS2_PLACEMENT_3D('',#12301,#12302,#12303);
#12301 = CARTESIAN_POINT('',(10.49,3.81,55.905302825492));
#12302 = DIRECTION('',(-2.2E-16,0.,1.));
#12303 = DIRECTION('',(-1.,2.2E-16,-2.2E-16));
#12304 = ADVANCED_FACE('',(#12305),#12316,.T.);
#12305 = FACE_BOUND('',#12306,.T.);
#12306 = EDGE_LOOP('',(#12307,#12313,#12314,#12315));
#12307 = ORIENTED_EDGE('',*,*,#12308,.F.);
#12308 = EDGE_CURVE('',#12284,#4987,#12309,.T.);
#12309 = LINE('',#12310,#12311);
#12310 = CARTESIAN_POINT('',(10.5,25.,0.));
#12311 = VECTOR('',#12312,1.);
#12312 = DIRECTION('',(-4.E-17,-1.,0.));
#12313 = ORIENTED_EDGE('',*,*,#12283,.T.);
#12314 = ORIENTED_EDGE('',*,*,#4942,.T.);
#12315 = ORIENTED_EDGE('',*,*,#4996,.F.);
#12316 = PLANE('',#12317);
#12317 = AXIS2_PLACEMENT_3D('',#12318,#12319,#12320);
#12318 = CARTESIAN_POINT('',(10.5,25.,0.));
#12319 = DIRECTION('',(1.,-4.E-17,0.));
#12320 = DIRECTION('',(-4.E-17,-1.,0.));
#12321 = ADVANCED_FACE('',(#12322),#12341,.F.);
#12322 = FACE_BOUND('',#12323,.F.);
#12323 = EDGE_LOOP('',(#12324,#12333,#12339,#12340));
#12324 = ORIENTED_EDGE('',*,*,#12325,.T.);
#12325 = EDGE_CURVE('',#12326,#12326,#12328,.T.);
#12326 = VERTEX_POINT('',#12327);
#12327 = CARTESIAN_POINT('',(9.39,3.81,2.E-15));
#12328 = CIRCLE('',#12329,0.5);
#12329 = AXIS2_PLACEMENT_3D('',#12330,#12331,#12332);
#12330 = CARTESIAN_POINT('',(8.89,3.81,0.));
#12331 = DIRECTION('',(-2.2E-16,0.,1.));
#12332 = DIRECTION('',(-1.,2.2E-16,-2.2E-16));
#12333 = ORIENTED_EDGE('',*,*,#12334,.F.);
#12334 = EDGE_CURVE('',#4970,#12326,#12335,.T.);
#12335 = LINE('',#12336,#12337);
#12336 = CARTESIAN_POINT('',(9.39,3.81,55.715027595793));
#12337 = VECTOR('',#12338,1.);
#12338 = DIRECTION('',(2.2E-16,0.,-1.));
#12339 = ORIENTED_EDGE('',*,*,#4969,.F.);
#12340 = ORIENTED_EDGE('',*,*,#12334,.T.);
#12341 = CYLINDRICAL_SURFACE('',#12342,0.5);
#12342 = AXIS2_PLACEMENT_3D('',#12343,#12344,#12345);
#12343 = CARTESIAN_POINT('',(8.89,3.81,55.715027595793));
#12344 = DIRECTION('',(-2.2E-16,0.,1.));
#12345 = DIRECTION('',(-1.,2.2E-16,-2.2E-16));
#12346 = ADVANCED_FACE('',(#12347),#12365,.T.);
#12347 = FACE_BOUND('',#12348,.T.);
#12348 = EDGE_LOOP('',(#12349,#12357,#12358,#12359));
#12349 = ORIENTED_EDGE('',*,*,#12350,.F.);
#12350 = EDGE_CURVE('',#4989,#12351,#12353,.T.);
#12351 = VERTEX_POINT('',#12352);
#12352 = CARTESIAN_POINT('',(10.5,1.769899989998,0.));
#12353 = LINE('',#12354,#12355);
#12354 = CARTESIAN_POINT('',(10.5,25.,0.));
#12355 = VECTOR('',#12356,1.);
#12356 = DIRECTION('',(-4.E-17,-1.,0.));
#12357 = ORIENTED_EDGE('',*,*,#5003,.T.);
#12358 = ORIENTED_EDGE('',*,*,#5035,.T.);
#12359 = ORIENTED_EDGE('',*,*,#12360,.F.);
#12360 = EDGE_CURVE('',#12351,#5027,#12361,.T.);
#12361 = LINE('',#12362,#12363);
#12362 = CARTESIAN_POINT('',(10.5,1.769899989998,55.905302825492));
#12363 = VECTOR('',#12364,1.);
#12364 = DIRECTION('',(-2.2E-16,0.,1.));
#12365 = PLANE('',#12366);
#12366 = AXIS2_PLACEMENT_3D('',#12367,#12368,#12369);
#12367 = CARTESIAN_POINT('',(10.5,25.,0.));
#12368 = DIRECTION('',(1.,-4.E-17,0.));
#12369 = DIRECTION('',(-4.E-17,-1.,0.));
#12370 = ADVANCED_FACE('',(#12371),#12390,.F.);
#12371 = FACE_BOUND('',#12372,.F.);
#12372 = EDGE_LOOP('',(#12373,#12381,#12382,#12383));
#12373 = ORIENTED_EDGE('',*,*,#12374,.T.);
#12374 = EDGE_CURVE('',#12375,#5019,#12377,.T.);
#12375 = VERTEX_POINT('',#12376);
#12376 = CARTESIAN_POINT('',(10.5,0.770100010002,0.));
#12377 = LINE('',#12378,#12379);
#12378 = CARTESIAN_POINT('',(10.5,0.770100010002,55.905302825492));
#12379 = VECTOR('',#12380,1.);
#12380 = DIRECTION('',(-2.2E-16,0.,1.));
#12381 = ORIENTED_EDGE('',*,*,#5026,.F.);
#12382 = ORIENTED_EDGE('',*,*,#12360,.F.);
#12383 = ORIENTED_EDGE('',*,*,#12384,.T.);
#12384 = EDGE_CURVE('',#12351,#12375,#12385,.T.);
#12385 = CIRCLE('',#12386,0.5);
#12386 = AXIS2_PLACEMENT_3D('',#12387,#12388,#12389);
#12387 = CARTESIAN_POINT('',(10.49,1.27,0.));
#12388 = DIRECTION('',(-2.2E-16,0.,1.));
#12389 = DIRECTION('',(-1.,2.2E-16,-2.2E-16));
#12390 = CYLINDRICAL_SURFACE('',#12391,0.5);
#12391 = AXIS2_PLACEMENT_3D('',#12392,#12393,#12394);
#12392 = CARTESIAN_POINT('',(10.49,1.27,55.905302825492));
#12393 = DIRECTION('',(-2.2E-16,0.,1.));
#12394 = DIRECTION('',(-1.,2.2E-16,-2.2E-16));
#12395 = ADVANCED_FACE('',(#12396),#12407,.T.);
#12396 = FACE_BOUND('',#12397,.T.);
#12397 = EDGE_LOOP('',(#12398,#12404,#12405,#12406));
#12398 = ORIENTED_EDGE('',*,*,#12399,.F.);
#12399 = EDGE_CURVE('',#12375,#5063,#12400,.T.);
#12400 = LINE('',#12401,#12402);
#12401 = CARTESIAN_POINT('',(10.5,25.,0.));
#12402 = VECTOR('',#12403,1.);
#12403 = DIRECTION('',(-4.E-17,-1.,0.));
#12404 = ORIENTED_EDGE('',*,*,#12374,.T.);
#12405 = ORIENTED_EDGE('',*,*,#5018,.T.);
#12406 = ORIENTED_EDGE('',*,*,#5072,.F.);
#12407 = PLANE('',#12408);
#12408 = AXIS2_PLACEMENT_3D('',#12409,#12410,#12411);
#12409 = CARTESIAN_POINT('',(10.5,25.,0.));
#12410 = DIRECTION('',(1.,-4.E-17,0.));
#12411 = DIRECTION('',(-4.E-17,-1.,0.));
#12412 = ADVANCED_FACE('',(#12413),#12432,.F.);
#12413 = FACE_BOUND('',#12414,.F.);
#12414 = EDGE_LOOP('',(#12415,#12424,#12430,#12431));
#12415 = ORIENTED_EDGE('',*,*,#12416,.T.);
#12416 = EDGE_CURVE('',#12417,#12417,#12419,.T.);
#12417 = VERTEX_POINT('',#12418);
#12418 = CARTESIAN_POINT('',(9.39,1.27,2.E-15));
#12419 = CIRCLE('',#12420,0.5);
#12420 = AXIS2_PLACEMENT_3D('',#12421,#12422,#12423);
#12421 = CARTESIAN_POINT('',(8.89,1.27,0.));
#12422 = DIRECTION('',(-2.2E-16,0.,1.));
#12423 = DIRECTION('',(-1.,2.2E-16,-2.2E-16));
#12424 = ORIENTED_EDGE('',*,*,#12425,.F.);
#12425 = EDGE_CURVE('',#5046,#12417,#12426,.T.);
#12426 = LINE('',#12427,#12428);
#12427 = CARTESIAN_POINT('',(9.39,1.27,55.715027595793));
#12428 = VECTOR('',#12429,1.);
#12429 = DIRECTION('',(2.2E-16,0.,-1.));
#12430 = ORIENTED_EDGE('',*,*,#5045,.F.);
#12431 = ORIENTED_EDGE('',*,*,#12425,.T.);
#12432 = CYLINDRICAL_SURFACE('',#12433,0.5);
#12433 = AXIS2_PLACEMENT_3D('',#12434,#12435,#12436);
#12434 = CARTESIAN_POINT('',(8.89,1.27,55.715027595793));
#12435 = DIRECTION('',(-2.2E-16,0.,1.));
#12436 = DIRECTION('',(-1.,2.2E-16,-2.2E-16));
#12437 = ADVANCED_FACE('',(#12438),#12456,.T.);
#12438 = FACE_BOUND('',#12439,.T.);
#12439 = EDGE_LOOP('',(#12440,#12448,#12449,#12450));
#12440 = ORIENTED_EDGE('',*,*,#12441,.F.);
#12441 = EDGE_CURVE('',#5065,#12442,#12444,.T.);
#12442 = VERTEX_POINT('',#12443);
#12443 = CARTESIAN_POINT('',(10.5,-0.770100010002,0.));
#12444 = LINE('',#12445,#12446);
#12445 = CARTESIAN_POINT('',(10.5,25.,0.));
#12446 = VECTOR('',#12447,1.);
#12447 = DIRECTION('',(-4.E-17,-1.,0.));
#12448 = ORIENTED_EDGE('',*,*,#5079,.T.);
#12449 = ORIENTED_EDGE('',*,*,#5111,.T.);
#12450 = ORIENTED_EDGE('',*,*,#12451,.F.);
#12451 = EDGE_CURVE('',#12442,#5103,#12452,.T.);
#12452 = LINE('',#12453,#12454);
#12453 = CARTESIAN_POINT('',(10.5,-0.770100010002,55.905302825492));
#12454 = VECTOR('',#12455,1.);
#12455 = DIRECTION('',(-2.2E-16,0.,1.));
#12456 = PLANE('',#12457);
#12457 = AXIS2_PLACEMENT_3D('',#12458,#12459,#12460);
#12458 = CARTESIAN_POINT('',(10.5,25.,0.));
#12459 = DIRECTION('',(1.,-4.E-17,0.));
#12460 = DIRECTION('',(-4.E-17,-1.,0.));
#12461 = ADVANCED_FACE('',(#12462),#12481,.F.);
#12462 = FACE_BOUND('',#12463,.F.);
#12463 = EDGE_LOOP('',(#12464,#12472,#12473,#12474));
#12464 = ORIENTED_EDGE('',*,*,#12465,.T.);
#12465 = EDGE_CURVE('',#12466,#5095,#12468,.T.);
#12466 = VERTEX_POINT('',#12467);
#12467 = CARTESIAN_POINT('',(10.5,-1.769899989998,0.));
#12468 = LINE('',#12469,#12470);
#12469 = CARTESIAN_POINT('',(10.5,-1.769899989998,55.905302825492));
#12470 = VECTOR('',#12471,1.);
#12471 = DIRECTION('',(-2.2E-16,0.,1.));
#12472 = ORIENTED_EDGE('',*,*,#5102,.F.);
#12473 = ORIENTED_EDGE('',*,*,#12451,.F.);
#12474 = ORIENTED_EDGE('',*,*,#12475,.T.);
#12475 = EDGE_CURVE('',#12442,#12466,#12476,.T.);
#12476 = CIRCLE('',#12477,0.5);
#12477 = AXIS2_PLACEMENT_3D('',#12478,#12479,#12480);
#12478 = CARTESIAN_POINT('',(10.49,-1.27,0.));
#12479 = DIRECTION('',(-2.2E-16,0.,1.));
#12480 = DIRECTION('',(-1.,2.2E-16,-2.2E-16));
#12481 = CYLINDRICAL_SURFACE('',#12482,0.5);
#12482 = AXIS2_PLACEMENT_3D('',#12483,#12484,#12485);
#12483 = CARTESIAN_POINT('',(10.49,-1.27,55.905302825492));
#12484 = DIRECTION('',(-2.2E-16,0.,1.));
#12485 = DIRECTION('',(-1.,2.2E-16,-2.2E-16));
#12486 = ADVANCED_FACE('',(#12487),#12498,.T.);
#12487 = FACE_BOUND('',#12488,.T.);
#12488 = EDGE_LOOP('',(#12489,#12495,#12496,#12497));
#12489 = ORIENTED_EDGE('',*,*,#12490,.F.);
#12490 = EDGE_CURVE('',#12466,#5139,#12491,.T.);
#12491 = LINE('',#12492,#12493);
#12492 = CARTESIAN_POINT('',(10.5,25.,0.));
#12493 = VECTOR('',#12494,1.);
#12494 = DIRECTION('',(-4.E-17,-1.,0.));
#12495 = ORIENTED_EDGE('',*,*,#12465,.T.);
#12496 = ORIENTED_EDGE('',*,*,#5094,.T.);
#12497 = ORIENTED_EDGE('',*,*,#5148,.F.);
#12498 = PLANE('',#12499);
#12499 = AXIS2_PLACEMENT_3D('',#12500,#12501,#12502);
#12500 = CARTESIAN_POINT('',(10.5,25.,0.));
#12501 = DIRECTION('',(1.,-4.E-17,0.));
#12502 = DIRECTION('',(-4.E-17,-1.,0.));
#12503 = ADVANCED_FACE('',(#12504),#12523,.F.);
#12504 = FACE_BOUND('',#12505,.F.);
#12505 = EDGE_LOOP('',(#12506,#12515,#12521,#12522));
#12506 = ORIENTED_EDGE('',*,*,#12507,.T.);
#12507 = EDGE_CURVE('',#12508,#12508,#12510,.T.);
#12508 = VERTEX_POINT('',#12509);
#12509 = CARTESIAN_POINT('',(9.39,-1.27,2.E-15));
#12510 = CIRCLE('',#12511,0.5);
#12511 = AXIS2_PLACEMENT_3D('',#12512,#12513,#12514);
#12512 = CARTESIAN_POINT('',(8.89,-1.27,0.));
#12513 = DIRECTION('',(-2.2E-16,0.,1.));
#12514 = DIRECTION('',(-1.,2.2E-16,-2.2E-16));
#12515 = ORIENTED_EDGE('',*,*,#12516,.F.);
#12516 = EDGE_CURVE('',#5122,#12508,#12517,.T.);
#12517 = LINE('',#12518,#12519);
#12518 = CARTESIAN_POINT('',(9.39,-1.27,55.715027595793));
#12519 = VECTOR('',#12520,1.);
#12520 = DIRECTION('',(2.2E-16,0.,-1.));
#12521 = ORIENTED_EDGE('',*,*,#5121,.F.);
#12522 = ORIENTED_EDGE('',*,*,#12516,.T.);
#12523 = CYLINDRICAL_SURFACE('',#12524,0.5);
#12524 = AXIS2_PLACEMENT_3D('',#12525,#12526,#12527);
#12525 = CARTESIAN_POINT('',(8.89,-1.27,55.715027595793));
#12526 = DIRECTION('',(-2.2E-16,0.,1.));
#12527 = DIRECTION('',(-1.,2.2E-16,-2.2E-16));
#12528 = ADVANCED_FACE('',(#12529),#12547,.T.);
#12529 = FACE_BOUND('',#12530,.T.);
#12530 = EDGE_LOOP('',(#12531,#12539,#12540,#12541));
#12531 = ORIENTED_EDGE('',*,*,#12532,.F.);
#12532 = EDGE_CURVE('',#5141,#12533,#12535,.T.);
#12533 = VERTEX_POINT('',#12534);
#12534 = CARTESIAN_POINT('',(10.5,-3.310100010002,0.));
#12535 = LINE('',#12536,#12537);
#12536 = CARTESIAN_POINT('',(10.5,25.,0.));
#12537 = VECTOR('',#12538,1.);
#12538 = DIRECTION('',(-4.E-17,-1.,0.));
#12539 = ORIENTED_EDGE('',*,*,#5155,.T.);
#12540 = ORIENTED_EDGE('',*,*,#5187,.T.);
#12541 = ORIENTED_EDGE('',*,*,#12542,.F.);
#12542 = EDGE_CURVE('',#12533,#5179,#12543,.T.);
#12543 = LINE('',#12544,#12545);
#12544 = CARTESIAN_POINT('',(10.5,-3.310100010002,55.905302825492));
#12545 = VECTOR('',#12546,1.);
#12546 = DIRECTION('',(-2.2E-16,0.,1.));
#12547 = PLANE('',#12548);
#12548 = AXIS2_PLACEMENT_3D('',#12549,#12550,#12551);
#12549 = CARTESIAN_POINT('',(10.5,25.,0.));
#12550 = DIRECTION('',(1.,-4.E-17,0.));
#12551 = DIRECTION('',(-4.E-17,-1.,0.));
#12552 = ADVANCED_FACE('',(#12553),#12572,.F.);
#12553 = FACE_BOUND('',#12554,.F.);
#12554 = EDGE_LOOP('',(#12555,#12563,#12564,#12565));
#12555 = ORIENTED_EDGE('',*,*,#12556,.T.);
#12556 = EDGE_CURVE('',#12557,#5171,#12559,.T.);
#12557 = VERTEX_POINT('',#12558);
#12558 = CARTESIAN_POINT('',(10.5,-4.309899989998,0.));
#12559 = LINE('',#12560,#12561);
#12560 = CARTESIAN_POINT('',(10.5,-4.309899989998,55.905302825492));
#12561 = VECTOR('',#12562,1.);
#12562 = DIRECTION('',(-2.2E-16,0.,1.));
#12563 = ORIENTED_EDGE('',*,*,#5178,.F.);
#12564 = ORIENTED_EDGE('',*,*,#12542,.F.);
#12565 = ORIENTED_EDGE('',*,*,#12566,.T.);
#12566 = EDGE_CURVE('',#12533,#12557,#12567,.T.);
#12567 = CIRCLE('',#12568,0.5);
#12568 = AXIS2_PLACEMENT_3D('',#12569,#12570,#12571);
#12569 = CARTESIAN_POINT('',(10.49,-3.81,0.));
#12570 = DIRECTION('',(-2.2E-16,0.,1.));
#12571 = DIRECTION('',(-1.,2.2E-16,-2.2E-16));
#12572 = CYLINDRICAL_SURFACE('',#12573,0.5);
#12573 = AXIS2_PLACEMENT_3D('',#12574,#12575,#12576);
#12574 = CARTESIAN_POINT('',(10.49,-3.81,55.905302825492));
#12575 = DIRECTION('',(-2.2E-16,0.,1.));
#12576 = DIRECTION('',(-1.,2.2E-16,-2.2E-16));
#12577 = ADVANCED_FACE('',(#12578),#12589,.T.);
#12578 = FACE_BOUND('',#12579,.T.);
#12579 = EDGE_LOOP('',(#12580,#12586,#12587,#12588));
#12580 = ORIENTED_EDGE('',*,*,#12581,.F.);
#12581 = EDGE_CURVE('',#12557,#5215,#12582,.T.);
#12582 = LINE('',#12583,#12584);
#12583 = CARTESIAN_POINT('',(10.5,25.,0.));
#12584 = VECTOR('',#12585,1.);
#12585 = DIRECTION('',(-4.E-17,-1.,0.));
#12586 = ORIENTED_EDGE('',*,*,#12556,.T.);
#12587 = ORIENTED_EDGE('',*,*,#5170,.T.);
#12588 = ORIENTED_EDGE('',*,*,#5224,.F.);
#12589 = PLANE('',#12590);
#12590 = AXIS2_PLACEMENT_3D('',#12591,#12592,#12593);
#12591 = CARTESIAN_POINT('',(10.5,25.,0.));
#12592 = DIRECTION('',(1.,-4.E-17,0.));
#12593 = DIRECTION('',(-4.E-17,-1.,0.));
#12594 = ADVANCED_FACE('',(#12595),#12614,.F.);
#12595 = FACE_BOUND('',#12596,.F.);
#12596 = EDGE_LOOP('',(#12597,#12606,#12612,#12613));
#12597 = ORIENTED_EDGE('',*,*,#12598,.T.);
#12598 = EDGE_CURVE('',#12599,#12599,#12601,.T.);
#12599 = VERTEX_POINT('',#12600);
#12600 = CARTESIAN_POINT('',(9.39,-3.81,3.E-15));
#12601 = CIRCLE('',#12602,0.5);
#12602 = AXIS2_PLACEMENT_3D('',#12603,#12604,#12605);
#12603 = CARTESIAN_POINT('',(8.89,-3.81,0.));
#12604 = DIRECTION('',(-2.2E-16,0.,1.));
#12605 = DIRECTION('',(-1.,2.2E-16,-2.2E-16));
#12606 = ORIENTED_EDGE('',*,*,#12607,.F.);
#12607 = EDGE_CURVE('',#5198,#12599,#12608,.T.);
#12608 = LINE('',#12609,#12610);
#12609 = CARTESIAN_POINT('',(9.39,-3.81,55.715027595793));
#12610 = VECTOR('',#12611,1.);
#12611 = DIRECTION('',(2.2E-16,0.,-1.));
#12612 = ORIENTED_EDGE('',*,*,#5197,.F.);
#12613 = ORIENTED_EDGE('',*,*,#12607,.T.);
#12614 = CYLINDRICAL_SURFACE('',#12615,0.5);
#12615 = AXIS2_PLACEMENT_3D('',#12616,#12617,#12618);
#12616 = CARTESIAN_POINT('',(8.89,-3.81,55.715027595793));
#12617 = DIRECTION('',(-2.2E-16,0.,1.));
#12618 = DIRECTION('',(-1.,2.2E-16,-2.2E-16));
#12619 = ADVANCED_FACE('',(#12620),#12638,.T.);
#12620 = FACE_BOUND('',#12621,.T.);
#12621 = EDGE_LOOP('',(#12622,#12630,#12631,#12632));
#12622 = ORIENTED_EDGE('',*,*,#12623,.F.);
#12623 = EDGE_CURVE('',#5217,#12624,#12626,.T.);
#12624 = VERTEX_POINT('',#12625);
#12625 = CARTESIAN_POINT('',(10.5,-5.850100010002,0.));
#12626 = LINE('',#12627,#12628);
#12627 = CARTESIAN_POINT('',(10.5,25.,0.));
#12628 = VECTOR('',#12629,1.);
#12629 = DIRECTION('',(-4.E-17,-1.,0.));
#12630 = ORIENTED_EDGE('',*,*,#5231,.T.);
#12631 = ORIENTED_EDGE('',*,*,#5263,.T.);
#12632 = ORIENTED_EDGE('',*,*,#12633,.F.);
#12633 = EDGE_CURVE('',#12624,#5255,#12634,.T.);
#12634 = LINE('',#12635,#12636);
#12635 = CARTESIAN_POINT('',(10.5,-5.850100010002,55.905302825492));
#12636 = VECTOR('',#12637,1.);
#12637 = DIRECTION('',(-2.2E-16,0.,1.));
#12638 = PLANE('',#12639);
#12639 = AXIS2_PLACEMENT_3D('',#12640,#12641,#12642);
#12640 = CARTESIAN_POINT('',(10.5,25.,0.));
#12641 = DIRECTION('',(1.,-4.E-17,0.));
#12642 = DIRECTION('',(-4.E-17,-1.,0.));
#12643 = ADVANCED_FACE('',(#12644),#12663,.F.);
#12644 = FACE_BOUND('',#12645,.F.);
#12645 = EDGE_LOOP('',(#12646,#12654,#12655,#12656));
#12646 = ORIENTED_EDGE('',*,*,#12647,.T.);
#12647 = EDGE_CURVE('',#12648,#5247,#12650,.T.);
#12648 = VERTEX_POINT('',#12649);
#12649 = CARTESIAN_POINT('',(10.5,-6.849899989998,2.E-15));
#12650 = LINE('',#12651,#12652);
#12651 = CARTESIAN_POINT('',(10.5,-6.849899989998,55.905302825492));
#12652 = VECTOR('',#12653,1.);
#12653 = DIRECTION('',(-2.2E-16,0.,1.));
#12654 = ORIENTED_EDGE('',*,*,#5254,.F.);
#12655 = ORIENTED_EDGE('',*,*,#12633,.F.);
#12656 = ORIENTED_EDGE('',*,*,#12657,.T.);
#12657 = EDGE_CURVE('',#12624,#12648,#12658,.T.);
#12658 = CIRCLE('',#12659,0.5);
#12659 = AXIS2_PLACEMENT_3D('',#12660,#12661,#12662);
#12660 = CARTESIAN_POINT('',(10.49,-6.35,0.));
#12661 = DIRECTION('',(-2.2E-16,0.,1.));
#12662 = DIRECTION('',(-1.,2.2E-16,-2.2E-16));
#12663 = CYLINDRICAL_SURFACE('',#12664,0.5);
#12664 = AXIS2_PLACEMENT_3D('',#12665,#12666,#12667);
#12665 = CARTESIAN_POINT('',(10.49,-6.35,55.905302825492));
#12666 = DIRECTION('',(-2.2E-16,0.,1.));
#12667 = DIRECTION('',(-1.,2.2E-16,-2.2E-16));
#12668 = ADVANCED_FACE('',(#12669),#12680,.T.);
#12669 = FACE_BOUND('',#12670,.T.);
#12670 = EDGE_LOOP('',(#12671,#12677,#12678,#12679));
#12671 = ORIENTED_EDGE('',*,*,#12672,.F.);
#12672 = EDGE_CURVE('',#12648,#5293,#12673,.T.);
#12673 = LINE('',#12674,#12675);
#12674 = CARTESIAN_POINT('',(10.5,25.,0.));
#12675 = VECTOR('',#12676,1.);
#12676 = DIRECTION('',(-4.E-17,-1.,0.));
#12677 = ORIENTED_EDGE('',*,*,#12647,.T.);
#12678 = ORIENTED_EDGE('',*,*,#5246,.T.);
#12679 = ORIENTED_EDGE('',*,*,#5302,.F.);
#12680 = PLANE('',#12681);
#12681 = AXIS2_PLACEMENT_3D('',#12682,#12683,#12684);
#12682 = CARTESIAN_POINT('',(10.5,25.,0.));
#12683 = DIRECTION('',(1.,-4.E-17,0.));
#12684 = DIRECTION('',(-4.E-17,-1.,0.));
#12685 = ADVANCED_FACE('',(#12686),#12705,.F.);
#12686 = FACE_BOUND('',#12687,.F.);
#12687 = EDGE_LOOP('',(#12688,#12697,#12703,#12704));
#12688 = ORIENTED_EDGE('',*,*,#12689,.T.);
#12689 = EDGE_CURVE('',#12690,#12690,#12692,.T.);
#12690 = VERTEX_POINT('',#12691);
#12691 = CARTESIAN_POINT('',(9.39,-6.35,2.E-15));
#12692 = CIRCLE('',#12693,0.5);
#12693 = AXIS2_PLACEMENT_3D('',#12694,#12695,#12696);
#12694 = CARTESIAN_POINT('',(8.89,-6.35,0.));
#12695 = DIRECTION('',(-2.2E-16,0.,1.));
#12696 = DIRECTION('',(-1.,2.2E-16,-2.2E-16));
#12697 = ORIENTED_EDGE('',*,*,#12698,.F.);
#12698 = EDGE_CURVE('',#5276,#12690,#12699,.T.);
#12699 = LINE('',#12700,#12701);
#12700 = CARTESIAN_POINT('',(9.39,-6.35,55.715027595793));
#12701 = VECTOR('',#12702,1.);
#12702 = DIRECTION('',(2.2E-16,0.,-1.));
#12703 = ORIENTED_EDGE('',*,*,#5275,.F.);
#12704 = ORIENTED_EDGE('',*,*,#12698,.T.);
#12705 = CYLINDRICAL_SURFACE('',#12706,0.5);
#12706 = AXIS2_PLACEMENT_3D('',#12707,#12708,#12709);
#12707 = CARTESIAN_POINT('',(8.89,-6.35,55.715027595793));
#12708 = DIRECTION('',(-2.2E-16,0.,1.));
#12709 = DIRECTION('',(-1.,2.2E-16,-2.2E-16));
#12710 = ADVANCED_FACE('',(#12711),#12729,.T.);
#12711 = FACE_BOUND('',#12712,.T.);
#12712 = EDGE_LOOP('',(#12713,#12721,#12722,#12723));
#12713 = ORIENTED_EDGE('',*,*,#12714,.F.);
#12714 = EDGE_CURVE('',#5295,#12715,#12717,.T.);
#12715 = VERTEX_POINT('',#12716);
#12716 = CARTESIAN_POINT('',(10.5,-8.390100010002,0.));
#12717 = LINE('',#12718,#12719);
#12718 = CARTESIAN_POINT('',(10.5,25.,0.));
#12719 = VECTOR('',#12720,1.);
#12720 = DIRECTION('',(-4.E-17,-1.,0.));
#12721 = ORIENTED_EDGE('',*,*,#5309,.T.);
#12722 = ORIENTED_EDGE('',*,*,#5341,.T.);
#12723 = ORIENTED_EDGE('',*,*,#12724,.F.);
#12724 = EDGE_CURVE('',#12715,#5333,#12725,.T.);
#12725 = LINE('',#12726,#12727);
#12726 = CARTESIAN_POINT('',(10.5,-8.390100010002,55.905302825492));
#12727 = VECTOR('',#12728,1.);
#12728 = DIRECTION('',(-2.2E-16,0.,1.));
#12729 = PLANE('',#12730);
#12730 = AXIS2_PLACEMENT_3D('',#12731,#12732,#12733);
#12731 = CARTESIAN_POINT('',(10.5,25.,0.));
#12732 = DIRECTION('',(1.,-4.E-17,0.));
#12733 = DIRECTION('',(-4.E-17,-1.,0.));
#12734 = ADVANCED_FACE('',(#12735),#12754,.F.);
#12735 = FACE_BOUND('',#12736,.F.);
#12736 = EDGE_LOOP('',(#12737,#12745,#12746,#12747));
#12737 = ORIENTED_EDGE('',*,*,#12738,.T.);
#12738 = EDGE_CURVE('',#12739,#5325,#12741,.T.);
#12739 = VERTEX_POINT('',#12740);
#12740 = CARTESIAN_POINT('',(10.5,-9.389899989998,0.));
#12741 = LINE('',#12742,#12743);
#12742 = CARTESIAN_POINT('',(10.5,-9.389899989998,55.905302825492));
#12743 = VECTOR('',#12744,1.);
#12744 = DIRECTION('',(-2.2E-16,0.,1.));
#12745 = ORIENTED_EDGE('',*,*,#5332,.F.);
#12746 = ORIENTED_EDGE('',*,*,#12724,.F.);
#12747 = ORIENTED_EDGE('',*,*,#12748,.T.);
#12748 = EDGE_CURVE('',#12715,#12739,#12749,.T.);
#12749 = CIRCLE('',#12750,0.5);
#12750 = AXIS2_PLACEMENT_3D('',#12751,#12752,#12753);
#12751 = CARTESIAN_POINT('',(10.49,-8.89,0.));
#12752 = DIRECTION('',(-2.2E-16,0.,1.));
#12753 = DIRECTION('',(-1.,2.2E-16,-2.2E-16));
#12754 = CYLINDRICAL_SURFACE('',#12755,0.5);
#12755 = AXIS2_PLACEMENT_3D('',#12756,#12757,#12758);
#12756 = CARTESIAN_POINT('',(10.49,-8.89,55.905302825492));
#12757 = DIRECTION('',(-2.2E-16,0.,1.));
#12758 = DIRECTION('',(-1.,2.2E-16,-2.2E-16));
#12759 = ADVANCED_FACE('',(#12760),#12771,.T.);
#12760 = FACE_BOUND('',#12761,.T.);
#12761 = EDGE_LOOP('',(#12762,#12768,#12769,#12770));
#12762 = ORIENTED_EDGE('',*,*,#12763,.F.);
#12763 = EDGE_CURVE('',#12739,#5369,#12764,.T.);
#12764 = LINE('',#12765,#12766);
#12765 = CARTESIAN_POINT('',(10.5,25.,0.));
#12766 = VECTOR('',#12767,1.);
#12767 = DIRECTION('',(-4.E-17,-1.,0.));
#12768 = ORIENTED_EDGE('',*,*,#12738,.T.);
#12769 = ORIENTED_EDGE('',*,*,#5324,.T.);
#12770 = ORIENTED_EDGE('',*,*,#5378,.F.);
#12771 = PLANE('',#12772);
#12772 = AXIS2_PLACEMENT_3D('',#12773,#12774,#12775);
#12773 = CARTESIAN_POINT('',(10.5,25.,0.));
#12774 = DIRECTION('',(1.,-4.E-17,0.));
#12775 = DIRECTION('',(-4.E-17,-1.,0.));
#12776 = ADVANCED_FACE('',(#12777),#12796,.F.);
#12777 = FACE_BOUND('',#12778,.F.);
#12778 = EDGE_LOOP('',(#12779,#12788,#12794,#12795));
#12779 = ORIENTED_EDGE('',*,*,#12780,.T.);
#12780 = EDGE_CURVE('',#12781,#12781,#12783,.T.);
#12781 = VERTEX_POINT('',#12782);
#12782 = CARTESIAN_POINT('',(9.39,-8.89,3.E-15));
#12783 = CIRCLE('',#12784,0.5);
#12784 = AXIS2_PLACEMENT_3D('',#12785,#12786,#12787);
#12785 = CARTESIAN_POINT('',(8.89,-8.89,0.));
#12786 = DIRECTION('',(-2.2E-16,0.,1.));
#12787 = DIRECTION('',(-1.,2.2E-16,-2.2E-16));
#12788 = ORIENTED_EDGE('',*,*,#12789,.F.);
#12789 = EDGE_CURVE('',#5352,#12781,#12790,.T.);
#12790 = LINE('',#12791,#12792);
#12791 = CARTESIAN_POINT('',(9.39,-8.89,55.715027595793));
#12792 = VECTOR('',#12793,1.);
#12793 = DIRECTION('',(2.2E-16,0.,-1.));
#12794 = ORIENTED_EDGE('',*,*,#5351,.F.);
#12795 = ORIENTED_EDGE('',*,*,#12789,.T.);
#12796 = CYLINDRICAL_SURFACE('',#12797,0.5);
#12797 = AXIS2_PLACEMENT_3D('',#12798,#12799,#12800);
#12798 = CARTESIAN_POINT('',(8.89,-8.89,55.715027595793));
#12799 = DIRECTION('',(-2.2E-16,0.,1.));
#12800 = DIRECTION('',(-1.,2.2E-16,-2.2E-16));
#12801 = ADVANCED_FACE('',(#12802),#12820,.T.);
#12802 = FACE_BOUND('',#12803,.T.);
#12803 = EDGE_LOOP('',(#12804,#12812,#12813,#12814));
#12804 = ORIENTED_EDGE('',*,*,#12805,.F.);
#12805 = EDGE_CURVE('',#5371,#12806,#12808,.T.);
#12806 = VERTEX_POINT('',#12807);
#12807 = CARTESIAN_POINT('',(10.5,-10.93010001,0.));
#12808 = LINE('',#12809,#12810);
#12809 = CARTESIAN_POINT('',(10.5,25.,0.));
#12810 = VECTOR('',#12811,1.);
#12811 = DIRECTION('',(-4.E-17,-1.,0.));
#12812 = ORIENTED_EDGE('',*,*,#5385,.T.);
#12813 = ORIENTED_EDGE('',*,*,#5417,.T.);
#12814 = ORIENTED_EDGE('',*,*,#12815,.F.);
#12815 = EDGE_CURVE('',#12806,#5409,#12816,.T.);
#12816 = LINE('',#12817,#12818);
#12817 = CARTESIAN_POINT('',(10.5,-10.93010001,55.905302825492));
#12818 = VECTOR('',#12819,1.);
#12819 = DIRECTION('',(-2.2E-16,0.,1.));
#12820 = PLANE('',#12821);
#12821 = AXIS2_PLACEMENT_3D('',#12822,#12823,#12824);
#12822 = CARTESIAN_POINT('',(10.5,25.,0.));
#12823 = DIRECTION('',(1.,-4.E-17,0.));
#12824 = DIRECTION('',(-4.E-17,-1.,0.));
#12825 = ADVANCED_FACE('',(#12826),#12845,.F.);
#12826 = FACE_BOUND('',#12827,.F.);
#12827 = EDGE_LOOP('',(#12828,#12836,#12837,#12838));
#12828 = ORIENTED_EDGE('',*,*,#12829,.T.);
#12829 = EDGE_CURVE('',#12830,#5401,#12832,.T.);
#12830 = VERTEX_POINT('',#12831);
#12831 = CARTESIAN_POINT('',(10.5,-11.92989998999,0.));
#12832 = LINE('',#12833,#12834);
#12833 = CARTESIAN_POINT('',(10.5,-11.92989998999,55.905302825492));
#12834 = VECTOR('',#12835,1.);
#12835 = DIRECTION('',(-2.2E-16,0.,1.));
#12836 = ORIENTED_EDGE('',*,*,#5408,.F.);
#12837 = ORIENTED_EDGE('',*,*,#12815,.F.);
#12838 = ORIENTED_EDGE('',*,*,#12839,.T.);
#12839 = EDGE_CURVE('',#12806,#12830,#12840,.T.);
#12840 = CIRCLE('',#12841,0.5);
#12841 = AXIS2_PLACEMENT_3D('',#12842,#12843,#12844);
#12842 = CARTESIAN_POINT('',(10.49,-11.43,0.));
#12843 = DIRECTION('',(-2.2E-16,0.,1.));
#12844 = DIRECTION('',(-1.,2.2E-16,-2.2E-16));
#12845 = CYLINDRICAL_SURFACE('',#12846,0.5);
#12846 = AXIS2_PLACEMENT_3D('',#12847,#12848,#12849);
#12847 = CARTESIAN_POINT('',(10.49,-11.43,55.905302825492));
#12848 = DIRECTION('',(-2.2E-16,0.,1.));
#12849 = DIRECTION('',(-1.,2.2E-16,-2.2E-16));
#12850 = ADVANCED_FACE('',(#12851),#12862,.T.);
#12851 = FACE_BOUND('',#12852,.T.);
#12852 = EDGE_LOOP('',(#12853,#12859,#12860,#12861));
#12853 = ORIENTED_EDGE('',*,*,#12854,.F.);
#12854 = EDGE_CURVE('',#12830,#5445,#12855,.T.);
#12855 = LINE('',#12856,#12857);
#12856 = CARTESIAN_POINT('',(10.5,25.,0.));
#12857 = VECTOR('',#12858,1.);
#12858 = DIRECTION('',(-4.E-17,-1.,0.));
#12859 = ORIENTED_EDGE('',*,*,#12829,.T.);
#12860 = ORIENTED_EDGE('',*,*,#5400,.T.);
#12861 = ORIENTED_EDGE('',*,*,#5454,.F.);
#12862 = PLANE('',#12863);
#12863 = AXIS2_PLACEMENT_3D('',#12864,#12865,#12866);
#12864 = CARTESIAN_POINT('',(10.5,25.,0.));
#12865 = DIRECTION('',(1.,-4.E-17,0.));
#12866 = DIRECTION('',(-4.E-17,-1.,0.));
#12867 = ADVANCED_FACE('',(#12868),#12887,.F.);
#12868 = FACE_BOUND('',#12869,.F.);
#12869 = EDGE_LOOP('',(#12870,#12879,#12885,#12886));
#12870 = ORIENTED_EDGE('',*,*,#12871,.T.);
#12871 = EDGE_CURVE('',#12872,#12872,#12874,.T.);
#12872 = VERTEX_POINT('',#12873);
#12873 = CARTESIAN_POINT('',(9.39,-11.43,3.E-15));
#12874 = CIRCLE('',#12875,0.5);
#12875 = AXIS2_PLACEMENT_3D('',#12876,#12877,#12878);
#12876 = CARTESIAN_POINT('',(8.89,-11.43,0.));
#12877 = DIRECTION('',(-2.2E-16,0.,1.));
#12878 = DIRECTION('',(-1.,2.2E-16,-2.2E-16));
#12879 = ORIENTED_EDGE('',*,*,#12880,.F.);
#12880 = EDGE_CURVE('',#5428,#12872,#12881,.T.);
#12881 = LINE('',#12882,#12883);
#12882 = CARTESIAN_POINT('',(9.39,-11.43,55.715027595793));
#12883 = VECTOR('',#12884,1.);
#12884 = DIRECTION('',(2.2E-16,0.,-1.));
#12885 = ORIENTED_EDGE('',*,*,#5427,.F.);
#12886 = ORIENTED_EDGE('',*,*,#12880,.T.);
#12887 = CYLINDRICAL_SURFACE('',#12888,0.5);
#12888 = AXIS2_PLACEMENT_3D('',#12889,#12890,#12891);
#12889 = CARTESIAN_POINT('',(8.89,-11.43,55.715027595793));
#12890 = DIRECTION('',(-2.2E-16,0.,1.));
#12891 = DIRECTION('',(-1.,2.2E-16,-2.2E-16));
#12892 = ADVANCED_FACE('',(#12893),#12911,.T.);
#12893 = FACE_BOUND('',#12894,.T.);
#12894 = EDGE_LOOP('',(#12895,#12903,#12904,#12905));
#12895 = ORIENTED_EDGE('',*,*,#12896,.F.);
#12896 = EDGE_CURVE('',#5447,#12897,#12899,.T.);
#12897 = VERTEX_POINT('',#12898);
#12898 = CARTESIAN_POINT('',(10.5,-13.47010001,0.));
#12899 = LINE('',#12900,#12901);
#12900 = CARTESIAN_POINT('',(10.5,25.,0.));
#12901 = VECTOR('',#12902,1.);
#12902 = DIRECTION('',(-4.E-17,-1.,0.));
#12903 = ORIENTED_EDGE('',*,*,#5461,.T.);
#12904 = ORIENTED_EDGE('',*,*,#5493,.T.);
#12905 = ORIENTED_EDGE('',*,*,#12906,.F.);
#12906 = EDGE_CURVE('',#12897,#5485,#12907,.T.);
#12907 = LINE('',#12908,#12909);
#12908 = CARTESIAN_POINT('',(10.5,-13.47010001,55.905302825492));
#12909 = VECTOR('',#12910,1.);
#12910 = DIRECTION('',(-2.2E-16,0.,1.));
#12911 = PLANE('',#12912);
#12912 = AXIS2_PLACEMENT_3D('',#12913,#12914,#12915);
#12913 = CARTESIAN_POINT('',(10.5,25.,0.));
#12914 = DIRECTION('',(1.,-4.E-17,0.));
#12915 = DIRECTION('',(-4.E-17,-1.,0.));
#12916 = ADVANCED_FACE('',(#12917),#12936,.F.);
#12917 = FACE_BOUND('',#12918,.F.);
#12918 = EDGE_LOOP('',(#12919,#12927,#12928,#12929));
#12919 = ORIENTED_EDGE('',*,*,#12920,.T.);
#12920 = EDGE_CURVE('',#12921,#5477,#12923,.T.);
#12921 = VERTEX_POINT('',#12922);
#12922 = CARTESIAN_POINT('',(10.5,-14.46989998999,0.));
#12923 = LINE('',#12924,#12925);
#12924 = CARTESIAN_POINT('',(10.5,-14.46989998999,55.905302825492));
#12925 = VECTOR('',#12926,1.);
#12926 = DIRECTION('',(-2.2E-16,0.,1.));
#12927 = ORIENTED_EDGE('',*,*,#5484,.F.);
#12928 = ORIENTED_EDGE('',*,*,#12906,.F.);
#12929 = ORIENTED_EDGE('',*,*,#12930,.T.);
#12930 = EDGE_CURVE('',#12897,#12921,#12931,.T.);
#12931 = CIRCLE('',#12932,0.5);
#12932 = AXIS2_PLACEMENT_3D('',#12933,#12934,#12935);
#12933 = CARTESIAN_POINT('',(10.49,-13.97,0.));
#12934 = DIRECTION('',(-2.2E-16,0.,1.));
#12935 = DIRECTION('',(-1.,2.2E-16,-2.2E-16));
#12936 = CYLINDRICAL_SURFACE('',#12937,0.5);
#12937 = AXIS2_PLACEMENT_3D('',#12938,#12939,#12940);
#12938 = CARTESIAN_POINT('',(10.49,-13.97,55.905302825492));
#12939 = DIRECTION('',(-2.2E-16,0.,1.));
#12940 = DIRECTION('',(-1.,2.2E-16,-2.2E-16));
#12941 = ADVANCED_FACE('',(#12942),#12953,.T.);
#12942 = FACE_BOUND('',#12943,.T.);
#12943 = EDGE_LOOP('',(#12944,#12950,#12951,#12952));
#12944 = ORIENTED_EDGE('',*,*,#12945,.F.);
#12945 = EDGE_CURVE('',#12921,#5521,#12946,.T.);
#12946 = LINE('',#12947,#12948);
#12947 = CARTESIAN_POINT('',(10.5,25.,0.));
#12948 = VECTOR('',#12949,1.);
#12949 = DIRECTION('',(-4.E-17,-1.,0.));
#12950 = ORIENTED_EDGE('',*,*,#12920,.T.);
#12951 = ORIENTED_EDGE('',*,*,#5476,.T.);
#12952 = ORIENTED_EDGE('',*,*,#5530,.F.);
#12953 = PLANE('',#12954);
#12954 = AXIS2_PLACEMENT_3D('',#12955,#12956,#12957);
#12955 = CARTESIAN_POINT('',(10.5,25.,0.));
#12956 = DIRECTION('',(1.,-4.E-17,0.));
#12957 = DIRECTION('',(-4.E-17,-1.,0.));
#12958 = ADVANCED_FACE('',(#12959),#12978,.F.);
#12959 = FACE_BOUND('',#12960,.F.);
#12960 = EDGE_LOOP('',(#12961,#12970,#12976,#12977));
#12961 = ORIENTED_EDGE('',*,*,#12962,.T.);
#12962 = EDGE_CURVE('',#12963,#12963,#12965,.T.);
#12963 = VERTEX_POINT('',#12964);
#12964 = CARTESIAN_POINT('',(9.39,-13.97,3.E-15));
#12965 = CIRCLE('',#12966,0.5);
#12966 = AXIS2_PLACEMENT_3D('',#12967,#12968,#12969);
#12967 = CARTESIAN_POINT('',(8.89,-13.97,0.));
#12968 = DIRECTION('',(-2.2E-16,0.,1.));
#12969 = DIRECTION('',(-1.,2.2E-16,-2.2E-16));
#12970 = ORIENTED_EDGE('',*,*,#12971,.F.);
#12971 = EDGE_CURVE('',#5504,#12963,#12972,.T.);
#12972 = LINE('',#12973,#12974);
#12973 = CARTESIAN_POINT('',(9.39,-13.97,55.715027595793));
#12974 = VECTOR('',#12975,1.);
#12975 = DIRECTION('',(2.2E-16,0.,-1.));
#12976 = ORIENTED_EDGE('',*,*,#5503,.F.);
#12977 = ORIENTED_EDGE('',*,*,#12971,.T.);
#12978 = CYLINDRICAL_SURFACE('',#12979,0.5);
#12979 = AXIS2_PLACEMENT_3D('',#12980,#12981,#12982);
#12980 = CARTESIAN_POINT('',(8.89,-13.97,55.715027595793));
#12981 = DIRECTION('',(-2.2E-16,0.,1.));
#12982 = DIRECTION('',(-1.,2.2E-16,-2.2E-16));
#12983 = ADVANCED_FACE('',(#12984),#13002,.T.);
#12984 = FACE_BOUND('',#12985,.T.);
#12985 = EDGE_LOOP('',(#12986,#12994,#12995,#12996));
#12986 = ORIENTED_EDGE('',*,*,#12987,.F.);
#12987 = EDGE_CURVE('',#5523,#12988,#12990,.T.);
#12988 = VERTEX_POINT('',#12989);
#12989 = CARTESIAN_POINT('',(10.5,-16.01010001,0.));
#12990 = LINE('',#12991,#12992);
#12991 = CARTESIAN_POINT('',(10.5,25.,0.));
#12992 = VECTOR('',#12993,1.);
#12993 = DIRECTION('',(-4.E-17,-1.,0.));
#12994 = ORIENTED_EDGE('',*,*,#5537,.T.);
#12995 = ORIENTED_EDGE('',*,*,#5569,.T.);
#12996 = ORIENTED_EDGE('',*,*,#12997,.F.);
#12997 = EDGE_CURVE('',#12988,#5561,#12998,.T.);
#12998 = LINE('',#12999,#13000);
#12999 = CARTESIAN_POINT('',(10.5,-16.01010001,55.905302825492));
#13000 = VECTOR('',#13001,1.);
#13001 = DIRECTION('',(-2.2E-16,0.,1.));
#13002 = PLANE('',#13003);
#13003 = AXIS2_PLACEMENT_3D('',#13004,#13005,#13006);
#13004 = CARTESIAN_POINT('',(10.5,25.,0.));
#13005 = DIRECTION('',(1.,-4.E-17,0.));
#13006 = DIRECTION('',(-4.E-17,-1.,0.));
#13007 = ADVANCED_FACE('',(#13008),#13027,.F.);
#13008 = FACE_BOUND('',#13009,.F.);
#13009 = EDGE_LOOP('',(#13010,#13018,#13019,#13020));
#13010 = ORIENTED_EDGE('',*,*,#13011,.T.);
#13011 = EDGE_CURVE('',#13012,#5553,#13014,.T.);
#13012 = VERTEX_POINT('',#13013);
#13013 = CARTESIAN_POINT('',(10.5,-17.00989998999,0.));
#13014 = LINE('',#13015,#13016);
#13015 = CARTESIAN_POINT('',(10.5,-17.00989998999,55.905302825492));
#13016 = VECTOR('',#13017,1.);
#13017 = DIRECTION('',(-2.2E-16,0.,1.));
#13018 = ORIENTED_EDGE('',*,*,#5560,.F.);
#13019 = ORIENTED_EDGE('',*,*,#12997,.F.);
#13020 = ORIENTED_EDGE('',*,*,#13021,.T.);
#13021 = EDGE_CURVE('',#12988,#13012,#13022,.T.);
#13022 = CIRCLE('',#13023,0.5);
#13023 = AXIS2_PLACEMENT_3D('',#13024,#13025,#13026);
#13024 = CARTESIAN_POINT('',(10.49,-16.51,0.));
#13025 = DIRECTION('',(-2.2E-16,0.,1.));
#13026 = DIRECTION('',(-1.,2.2E-16,-2.2E-16));
#13027 = CYLINDRICAL_SURFACE('',#13028,0.5);
#13028 = AXIS2_PLACEMENT_3D('',#13029,#13030,#13031);
#13029 = CARTESIAN_POINT('',(10.49,-16.51,55.905302825492));
#13030 = DIRECTION('',(-2.2E-16,0.,1.));
#13031 = DIRECTION('',(-1.,2.2E-16,-2.2E-16));
#13032 = ADVANCED_FACE('',(#13033),#13044,.T.);
#13033 = FACE_BOUND('',#13034,.T.);
#13034 = EDGE_LOOP('',(#13035,#13041,#13042,#13043));
#13035 = ORIENTED_EDGE('',*,*,#13036,.F.);
#13036 = EDGE_CURVE('',#13012,#5597,#13037,.T.);
#13037 = LINE('',#13038,#13039);
#13038 = CARTESIAN_POINT('',(10.5,25.,0.));
#13039 = VECTOR('',#13040,1.);
#13040 = DIRECTION('',(-4.E-17,-1.,0.));
#13041 = ORIENTED_EDGE('',*,*,#13011,.T.);
#13042 = ORIENTED_EDGE('',*,*,#5552,.T.);
#13043 = ORIENTED_EDGE('',*,*,#5606,.F.);
#13044 = PLANE('',#13045);
#13045 = AXIS2_PLACEMENT_3D('',#13046,#13047,#13048);
#13046 = CARTESIAN_POINT('',(10.5,25.,0.));
#13047 = DIRECTION('',(1.,-4.E-17,0.));
#13048 = DIRECTION('',(-4.E-17,-1.,0.));
#13049 = ADVANCED_FACE('',(#13050),#13069,.F.);
#13050 = FACE_BOUND('',#13051,.F.);
#13051 = EDGE_LOOP('',(#13052,#13061,#13067,#13068));
#13052 = ORIENTED_EDGE('',*,*,#13053,.T.);
#13053 = EDGE_CURVE('',#13054,#13054,#13056,.T.);
#13054 = VERTEX_POINT('',#13055);
#13055 = CARTESIAN_POINT('',(9.39,-16.51,3.E-15));
#13056 = CIRCLE('',#13057,0.5);
#13057 = AXIS2_PLACEMENT_3D('',#13058,#13059,#13060);
#13058 = CARTESIAN_POINT('',(8.89,-16.51,0.));
#13059 = DIRECTION('',(-2.2E-16,0.,1.));
#13060 = DIRECTION('',(-1.,2.2E-16,-2.2E-16));
#13061 = ORIENTED_EDGE('',*,*,#13062,.F.);
#13062 = EDGE_CURVE('',#5580,#13054,#13063,.T.);
#13063 = LINE('',#13064,#13065);
#13064 = CARTESIAN_POINT('',(9.39,-16.51,55.715027595793));
#13065 = VECTOR('',#13066,1.);
#13066 = DIRECTION('',(2.2E-16,0.,-1.));
#13067 = ORIENTED_EDGE('',*,*,#5579,.F.);
#13068 = ORIENTED_EDGE('',*,*,#13062,.T.);
#13069 = CYLINDRICAL_SURFACE('',#13070,0.5);
#13070 = AXIS2_PLACEMENT_3D('',#13071,#13072,#13073);
#13071 = CARTESIAN_POINT('',(8.89,-16.51,55.715027595793));
#13072 = DIRECTION('',(-2.2E-16,0.,1.));
#13073 = DIRECTION('',(-1.,2.2E-16,-2.2E-16));
#13074 = ADVANCED_FACE('',(#13075),#13093,.T.);
#13075 = FACE_BOUND('',#13076,.T.);
#13076 = EDGE_LOOP('',(#13077,#13085,#13086,#13087));
#13077 = ORIENTED_EDGE('',*,*,#13078,.F.);
#13078 = EDGE_CURVE('',#5599,#13079,#13081,.T.);
#13079 = VERTEX_POINT('',#13080);
#13080 = CARTESIAN_POINT('',(10.5,-18.55010001,0.));
#13081 = LINE('',#13082,#13083);
#13082 = CARTESIAN_POINT('',(10.5,25.,0.));
#13083 = VECTOR('',#13084,1.);
#13084 = DIRECTION('',(-4.E-17,-1.,0.));
#13085 = ORIENTED_EDGE('',*,*,#5613,.T.);
#13086 = ORIENTED_EDGE('',*,*,#5645,.T.);
#13087 = ORIENTED_EDGE('',*,*,#13088,.F.);
#13088 = EDGE_CURVE('',#13079,#5637,#13089,.T.);
#13089 = LINE('',#13090,#13091);
#13090 = CARTESIAN_POINT('',(10.5,-18.55010001,55.905302825492));
#13091 = VECTOR('',#13092,1.);
#13092 = DIRECTION('',(-2.2E-16,0.,1.));
#13093 = PLANE('',#13094);
#13094 = AXIS2_PLACEMENT_3D('',#13095,#13096,#13097);
#13095 = CARTESIAN_POINT('',(10.5,25.,0.));
#13096 = DIRECTION('',(1.,-4.E-17,0.));
#13097 = DIRECTION('',(-4.E-17,-1.,0.));
#13098 = ADVANCED_FACE('',(#13099),#13118,.F.);
#13099 = FACE_BOUND('',#13100,.F.);
#13100 = EDGE_LOOP('',(#13101,#13109,#13110,#13111));
#13101 = ORIENTED_EDGE('',*,*,#13102,.T.);
#13102 = EDGE_CURVE('',#13103,#5629,#13105,.T.);
#13103 = VERTEX_POINT('',#13104);
#13104 = CARTESIAN_POINT('',(10.5,-19.54989998999,1.E-15));
#13105 = LINE('',#13106,#13107);
#13106 = CARTESIAN_POINT('',(10.5,-19.54989998999,55.905302825492));
#13107 = VECTOR('',#13108,1.);
#13108 = DIRECTION('',(-2.2E-16,0.,1.));
#13109 = ORIENTED_EDGE('',*,*,#5636,.F.);
#13110 = ORIENTED_EDGE('',*,*,#13088,.F.);
#13111 = ORIENTED_EDGE('',*,*,#13112,.T.);
#13112 = EDGE_CURVE('',#13079,#13103,#13113,.T.);
#13113 = CIRCLE('',#13114,0.5);
#13114 = AXIS2_PLACEMENT_3D('',#13115,#13116,#13117);
#13115 = CARTESIAN_POINT('',(10.49,-19.05,0.));
#13116 = DIRECTION('',(-2.2E-16,0.,1.));
#13117 = DIRECTION('',(-1.,2.2E-16,-2.2E-16));
#13118 = CYLINDRICAL_SURFACE('',#13119,0.5);
#13119 = AXIS2_PLACEMENT_3D('',#13120,#13121,#13122);
#13120 = CARTESIAN_POINT('',(10.49,-19.05,55.905302825492));
#13121 = DIRECTION('',(-2.2E-16,0.,1.));
#13122 = DIRECTION('',(-1.,2.2E-16,-2.2E-16));
#13123 = ADVANCED_FACE('',(#13124),#13135,.T.);
#13124 = FACE_BOUND('',#13125,.T.);
#13125 = EDGE_LOOP('',(#13126,#13132,#13133,#13134));
#13126 = ORIENTED_EDGE('',*,*,#13127,.F.);
#13127 = EDGE_CURVE('',#13103,#5675,#13128,.T.);
#13128 = LINE('',#13129,#13130);
#13129 = CARTESIAN_POINT('',(10.5,25.,0.));
#13130 = VECTOR('',#13131,1.);
#13131 = DIRECTION('',(-4.E-17,-1.,0.));
#13132 = ORIENTED_EDGE('',*,*,#13102,.T.);
#13133 = ORIENTED_EDGE('',*,*,#5628,.T.);
#13134 = ORIENTED_EDGE('',*,*,#5684,.F.);
#13135 = PLANE('',#13136);
#13136 = AXIS2_PLACEMENT_3D('',#13137,#13138,#13139);
#13137 = CARTESIAN_POINT('',(10.5,25.,0.));
#13138 = DIRECTION('',(1.,-4.E-17,0.));
#13139 = DIRECTION('',(-4.E-17,-1.,0.));
#13140 = ADVANCED_FACE('',(#13141),#13160,.F.);
#13141 = FACE_BOUND('',#13142,.F.);
#13142 = EDGE_LOOP('',(#13143,#13152,#13158,#13159));
#13143 = ORIENTED_EDGE('',*,*,#13144,.T.);
#13144 = EDGE_CURVE('',#13145,#13145,#13147,.T.);
#13145 = VERTEX_POINT('',#13146);
#13146 = CARTESIAN_POINT('',(9.39,-19.05,3.E-15));
#13147 = CIRCLE('',#13148,0.5);
#13148 = AXIS2_PLACEMENT_3D('',#13149,#13150,#13151);
#13149 = CARTESIAN_POINT('',(8.89,-19.05,0.));
#13150 = DIRECTION('',(-2.2E-16,0.,1.));
#13151 = DIRECTION('',(-1.,2.2E-16,-2.2E-16));
#13152 = ORIENTED_EDGE('',*,*,#13153,.F.);
#13153 = EDGE_CURVE('',#5658,#13145,#13154,.T.);
#13154 = LINE('',#13155,#13156);
#13155 = CARTESIAN_POINT('',(9.39,-19.05,55.715027595793));
#13156 = VECTOR('',#13157,1.);
#13157 = DIRECTION('',(2.2E-16,0.,-1.));
#13158 = ORIENTED_EDGE('',*,*,#5657,.F.);
#13159 = ORIENTED_EDGE('',*,*,#13153,.T.);
#13160 = CYLINDRICAL_SURFACE('',#13161,0.5);
#13161 = AXIS2_PLACEMENT_3D('',#13162,#13163,#13164);
#13162 = CARTESIAN_POINT('',(8.89,-19.05,55.715027595793));
#13163 = DIRECTION('',(-2.2E-16,0.,1.));
#13164 = DIRECTION('',(-1.,2.2E-16,-2.2E-16));
#13165 = ADVANCED_FACE('',(#13166),#13184,.T.);
#13166 = FACE_BOUND('',#13167,.T.);
#13167 = EDGE_LOOP('',(#13168,#13176,#13177,#13178));
#13168 = ORIENTED_EDGE('',*,*,#13169,.F.);
#13169 = EDGE_CURVE('',#5677,#13170,#13172,.T.);
#13170 = VERTEX_POINT('',#13171);
#13171 = CARTESIAN_POINT('',(10.5,-21.09010001,0.));
#13172 = LINE('',#13173,#13174);
#13173 = CARTESIAN_POINT('',(10.5,25.,0.));
#13174 = VECTOR('',#13175,1.);
#13175 = DIRECTION('',(-4.E-17,-1.,0.));
#13176 = ORIENTED_EDGE('',*,*,#5691,.T.);
#13177 = ORIENTED_EDGE('',*,*,#5723,.T.);
#13178 = ORIENTED_EDGE('',*,*,#13179,.F.);
#13179 = EDGE_CURVE('',#13170,#5715,#13180,.T.);
#13180 = LINE('',#13181,#13182);
#13181 = CARTESIAN_POINT('',(10.5,-21.09010001,55.905302825492));
#13182 = VECTOR('',#13183,1.);
#13183 = DIRECTION('',(-2.2E-16,0.,1.));
#13184 = PLANE('',#13185);
#13185 = AXIS2_PLACEMENT_3D('',#13186,#13187,#13188);
#13186 = CARTESIAN_POINT('',(10.5,25.,0.));
#13187 = DIRECTION('',(1.,-4.E-17,0.));
#13188 = DIRECTION('',(-4.E-17,-1.,0.));
#13189 = ADVANCED_FACE('',(#13190),#13209,.F.);
#13190 = FACE_BOUND('',#13191,.F.);
#13191 = EDGE_LOOP('',(#13192,#13200,#13201,#13202));
#13192 = ORIENTED_EDGE('',*,*,#13193,.T.);
#13193 = EDGE_CURVE('',#13194,#5707,#13196,.T.);
#13194 = VERTEX_POINT('',#13195);
#13195 = CARTESIAN_POINT('',(10.5,-22.08989998999,0.));
#13196 = LINE('',#13197,#13198);
#13197 = CARTESIAN_POINT('',(10.5,-22.08989998999,55.905302825492));
#13198 = VECTOR('',#13199,1.);
#13199 = DIRECTION('',(-2.2E-16,0.,1.));
#13200 = ORIENTED_EDGE('',*,*,#5714,.F.);
#13201 = ORIENTED_EDGE('',*,*,#13179,.F.);
#13202 = ORIENTED_EDGE('',*,*,#13203,.T.);
#13203 = EDGE_CURVE('',#13170,#13194,#13204,.T.);
#13204 = CIRCLE('',#13205,0.5);
#13205 = AXIS2_PLACEMENT_3D('',#13206,#13207,#13208);
#13206 = CARTESIAN_POINT('',(10.49,-21.59,0.));
#13207 = DIRECTION('',(-2.2E-16,0.,1.));
#13208 = DIRECTION('',(-1.,2.2E-16,-2.2E-16));
#13209 = CYLINDRICAL_SURFACE('',#13210,0.5);
#13210 = AXIS2_PLACEMENT_3D('',#13211,#13212,#13213);
#13211 = CARTESIAN_POINT('',(10.49,-21.59,55.905302825492));
#13212 = DIRECTION('',(-2.2E-16,0.,1.));
#13213 = DIRECTION('',(-1.,2.2E-16,-2.2E-16));
#13214 = ADVANCED_FACE('',(#13215),#13226,.T.);
#13215 = FACE_BOUND('',#13216,.T.);
#13216 = EDGE_LOOP('',(#13217,#13223,#13224,#13225));
#13217 = ORIENTED_EDGE('',*,*,#13218,.F.);
#13218 = EDGE_CURVE('',#13194,#5751,#13219,.T.);
#13219 = LINE('',#13220,#13221);
#13220 = CARTESIAN_POINT('',(10.5,25.,0.));
#13221 = VECTOR('',#13222,1.);
#13222 = DIRECTION('',(-4.E-17,-1.,0.));
#13223 = ORIENTED_EDGE('',*,*,#13193,.T.);
#13224 = ORIENTED_EDGE('',*,*,#5706,.T.);
#13225 = ORIENTED_EDGE('',*,*,#5760,.F.);
#13226 = PLANE('',#13227);
#13227 = AXIS2_PLACEMENT_3D('',#13228,#13229,#13230);
#13228 = CARTESIAN_POINT('',(10.5,25.,0.));
#13229 = DIRECTION('',(1.,-4.E-17,0.));
#13230 = DIRECTION('',(-4.E-17,-1.,0.));
#13231 = ADVANCED_FACE('',(#13232),#13251,.F.);
#13232 = FACE_BOUND('',#13233,.F.);
#13233 = EDGE_LOOP('',(#13234,#13243,#13249,#13250));
#13234 = ORIENTED_EDGE('',*,*,#13235,.T.);
#13235 = EDGE_CURVE('',#13236,#13236,#13238,.T.);
#13236 = VERTEX_POINT('',#13237);
#13237 = CARTESIAN_POINT('',(9.39,-21.59,4.E-15));
#13238 = CIRCLE('',#13239,0.5);
#13239 = AXIS2_PLACEMENT_3D('',#13240,#13241,#13242);
#13240 = CARTESIAN_POINT('',(8.89,-21.59,0.));
#13241 = DIRECTION('',(-2.2E-16,0.,1.));
#13242 = DIRECTION('',(-1.,2.2E-16,-2.2E-16));
#13243 = ORIENTED_EDGE('',*,*,#13244,.F.);
#13244 = EDGE_CURVE('',#5734,#13236,#13245,.T.);
#13245 = LINE('',#13246,#13247);
#13246 = CARTESIAN_POINT('',(9.39,-21.59,55.715027595793));
#13247 = VECTOR('',#13248,1.);
#13248 = DIRECTION('',(2.2E-16,0.,-1.));
#13249 = ORIENTED_EDGE('',*,*,#5733,.F.);
#13250 = ORIENTED_EDGE('',*,*,#13244,.T.);
#13251 = CYLINDRICAL_SURFACE('',#13252,0.5);
#13252 = AXIS2_PLACEMENT_3D('',#13253,#13254,#13255);
#13253 = CARTESIAN_POINT('',(8.89,-21.59,55.715027595793));
#13254 = DIRECTION('',(-2.2E-16,0.,1.));
#13255 = DIRECTION('',(-1.,2.2E-16,-2.2E-16));
#13256 = ADVANCED_FACE('',(#13257),#13275,.T.);
#13257 = FACE_BOUND('',#13258,.T.);
#13258 = EDGE_LOOP('',(#13259,#13267,#13268,#13269));
#13259 = ORIENTED_EDGE('',*,*,#13260,.F.);
#13260 = EDGE_CURVE('',#5753,#13261,#13263,.T.);
#13261 = VERTEX_POINT('',#13262);
#13262 = CARTESIAN_POINT('',(10.5,-23.63010001,0.));
#13263 = LINE('',#13264,#13265);
#13264 = CARTESIAN_POINT('',(10.5,25.,0.));
#13265 = VECTOR('',#13266,1.);
#13266 = DIRECTION('',(-4.E-17,-1.,0.));
#13267 = ORIENTED_EDGE('',*,*,#5767,.T.);
#13268 = ORIENTED_EDGE('',*,*,#5799,.T.);
#13269 = ORIENTED_EDGE('',*,*,#13270,.F.);
#13270 = EDGE_CURVE('',#13261,#5791,#13271,.T.);
#13271 = LINE('',#13272,#13273);
#13272 = CARTESIAN_POINT('',(10.5,-23.63010001,55.905302825492));
#13273 = VECTOR('',#13274,1.);
#13274 = DIRECTION('',(-2.2E-16,0.,1.));
#13275 = PLANE('',#13276);
#13276 = AXIS2_PLACEMENT_3D('',#13277,#13278,#13279);
#13277 = CARTESIAN_POINT('',(10.5,25.,0.));
#13278 = DIRECTION('',(1.,-4.E-17,0.));
#13279 = DIRECTION('',(-4.E-17,-1.,0.));
#13280 = ADVANCED_FACE('',(#13281),#13300,.F.);
#13281 = FACE_BOUND('',#13282,.F.);
#13282 = EDGE_LOOP('',(#13283,#13291,#13292,#13293));
#13283 = ORIENTED_EDGE('',*,*,#13284,.T.);
#13284 = EDGE_CURVE('',#13285,#5783,#13287,.T.);
#13285 = VERTEX_POINT('',#13286);
#13286 = CARTESIAN_POINT('',(10.5,-24.62989998999,0.));
#13287 = LINE('',#13288,#13289);
#13288 = CARTESIAN_POINT('',(10.5,-24.62989998999,55.905302825492));
#13289 = VECTOR('',#13290,1.);
#13290 = DIRECTION('',(-2.2E-16,0.,1.));
#13291 = ORIENTED_EDGE('',*,*,#5790,.F.);
#13292 = ORIENTED_EDGE('',*,*,#13270,.F.);
#13293 = ORIENTED_EDGE('',*,*,#13294,.T.);
#13294 = EDGE_CURVE('',#13261,#13285,#13295,.T.);
#13295 = CIRCLE('',#13296,0.5);
#13296 = AXIS2_PLACEMENT_3D('',#13297,#13298,#13299);
#13297 = CARTESIAN_POINT('',(10.49,-24.13,0.));
#13298 = DIRECTION('',(-2.2E-16,0.,1.));
#13299 = DIRECTION('',(-1.,2.2E-16,-2.2E-16));
#13300 = CYLINDRICAL_SURFACE('',#13301,0.5);
#13301 = AXIS2_PLACEMENT_3D('',#13302,#13303,#13304);
#13302 = CARTESIAN_POINT('',(10.49,-24.13,55.905302825492));
#13303 = DIRECTION('',(-2.2E-16,0.,1.));
#13304 = DIRECTION('',(-1.,2.2E-16,-2.2E-16));
#13305 = ADVANCED_FACE('',(#13306),#13317,.T.);
#13306 = FACE_BOUND('',#13307,.T.);
#13307 = EDGE_LOOP('',(#13308,#13314,#13315,#13316));
#13308 = ORIENTED_EDGE('',*,*,#13309,.F.);
#13309 = EDGE_CURVE('',#13285,#5827,#13310,.T.);
#13310 = LINE('',#13311,#13312);
#13311 = CARTESIAN_POINT('',(10.5,25.,0.));
#13312 = VECTOR('',#13313,1.);
#13313 = DIRECTION('',(-4.E-17,-1.,0.));
#13314 = ORIENTED_EDGE('',*,*,#13284,.T.);
#13315 = ORIENTED_EDGE('',*,*,#5782,.T.);
#13316 = ORIENTED_EDGE('',*,*,#5836,.F.);
#13317 = PLANE('',#13318);
#13318 = AXIS2_PLACEMENT_3D('',#13319,#13320,#13321);
#13319 = CARTESIAN_POINT('',(10.5,25.,0.));
#13320 = DIRECTION('',(1.,-4.E-17,0.));
#13321 = DIRECTION('',(-4.E-17,-1.,0.));
#13322 = ADVANCED_FACE('',(#13323),#13342,.F.);
#13323 = FACE_BOUND('',#13324,.F.);
#13324 = EDGE_LOOP('',(#13325,#13334,#13340,#13341));
#13325 = ORIENTED_EDGE('',*,*,#13326,.T.);
#13326 = EDGE_CURVE('',#13327,#13327,#13329,.T.);
#13327 = VERTEX_POINT('',#13328);
#13328 = CARTESIAN_POINT('',(9.39,-24.13,4.E-15));
#13329 = CIRCLE('',#13330,0.5);
#13330 = AXIS2_PLACEMENT_3D('',#13331,#13332,#13333);
#13331 = CARTESIAN_POINT('',(8.89,-24.13,0.));
#13332 = DIRECTION('',(-2.2E-16,0.,1.));
#13333 = DIRECTION('',(-1.,2.2E-16,-2.2E-16));
#13334 = ORIENTED_EDGE('',*,*,#13335,.F.);
#13335 = EDGE_CURVE('',#5810,#13327,#13336,.T.);
#13336 = LINE('',#13337,#13338);
#13337 = CARTESIAN_POINT('',(9.39,-24.13,55.715027595793));
#13338 = VECTOR('',#13339,1.);
#13339 = DIRECTION('',(2.2E-16,0.,-1.));
#13340 = ORIENTED_EDGE('',*,*,#5809,.F.);
#13341 = ORIENTED_EDGE('',*,*,#13335,.T.);
#13342 = CYLINDRICAL_SURFACE('',#13343,0.5);
#13343 = AXIS2_PLACEMENT_3D('',#13344,#13345,#13346);
#13344 = CARTESIAN_POINT('',(8.89,-24.13,55.715027595793));
#13345 = DIRECTION('',(-2.2E-16,0.,1.));
#13346 = DIRECTION('',(-1.,2.2E-16,-2.2E-16));
#13347 = ADVANCED_FACE('',(#13348),#13366,.T.);
#13348 = FACE_BOUND('',#13349,.T.);
#13349 = EDGE_LOOP('',(#13350,#13358,#13359,#13360));
#13350 = ORIENTED_EDGE('',*,*,#13351,.F.);
#13351 = EDGE_CURVE('',#5883,#13352,#13354,.T.);
#13352 = VERTEX_POINT('',#13353);
#13353 = CARTESIAN_POINT('',(3.04,-25.5,0.));
#13354 = LINE('',#13355,#13356);
#13355 = CARTESIAN_POINT('',(10.,-25.5,0.));
#13356 = VECTOR('',#13357,1.);
#13357 = DIRECTION('',(-1.,0.,0.));
#13358 = ORIENTED_EDGE('',*,*,#5892,.F.);
#13359 = ORIENTED_EDGE('',*,*,#5924,.T.);
#13360 = ORIENTED_EDGE('',*,*,#13361,.F.);
#13361 = EDGE_CURVE('',#13352,#5916,#13362,.T.);
#13362 = LINE('',#13363,#13364);
#13363 = CARTESIAN_POINT('',(3.04,-25.5,55.715027595793));
#13364 = VECTOR('',#13365,1.);
#13365 = DIRECTION('',(0.,0.,1.));
#13366 = PLANE('',#13367);
#13367 = AXIS2_PLACEMENT_3D('',#13368,#13369,#13370);
#13368 = CARTESIAN_POINT('',(10.,-25.5,0.));
#13369 = DIRECTION('',(0.,-1.,0.));
#13370 = DIRECTION('',(-1.,0.,0.));
#13371 = ADVANCED_FACE('',(#13372),#13391,.F.);
#13372 = FACE_BOUND('',#13373,.F.);
#13373 = EDGE_LOOP('',(#13374,#13375,#13384,#13390));
#13374 = ORIENTED_EDGE('',*,*,#13361,.F.);
#13375 = ORIENTED_EDGE('',*,*,#13376,.T.);
#13376 = EDGE_CURVE('',#13352,#13377,#13379,.T.);
#13377 = VERTEX_POINT('',#13378);
#13378 = CARTESIAN_POINT('',(2.04,-25.5,0.));
#13379 = CIRCLE('',#13380,0.5);
#13380 = AXIS2_PLACEMENT_3D('',#13381,#13382,#13383);
#13381 = CARTESIAN_POINT('',(2.54,-25.5,0.));
#13382 = DIRECTION('',(0.,0.,1.));
#13383 = DIRECTION('',(-2.2E-16,1.,0.));
#13384 = ORIENTED_EDGE('',*,*,#13385,.T.);
#13385 = EDGE_CURVE('',#13377,#5908,#13386,.T.);
#13386 = LINE('',#13387,#13388);
#13387 = CARTESIAN_POINT('',(2.04,-25.5,55.715027595793));
#13388 = VECTOR('',#13389,1.);
#13389 = DIRECTION('',(0.,0.,1.));
#13390 = ORIENTED_EDGE('',*,*,#5915,.F.);
#13391 = CYLINDRICAL_SURFACE('',#13392,0.5);
#13392 = AXIS2_PLACEMENT_3D('',#13393,#13394,#13395);
#13393 = CARTESIAN_POINT('',(2.54,-25.5,55.715027595793));
#13394 = DIRECTION('',(0.,0.,1.));
#13395 = DIRECTION('',(-2.2E-16,1.,0.));
#13396 = ADVANCED_FACE('',(#13397),#13408,.T.);
#13397 = FACE_BOUND('',#13398,.T.);
#13398 = EDGE_LOOP('',(#13399,#13405,#13406,#13407));
#13399 = ORIENTED_EDGE('',*,*,#13400,.F.);
#13400 = EDGE_CURVE('',#13377,#5952,#13401,.T.);
#13401 = LINE('',#13402,#13403);
#13402 = CARTESIAN_POINT('',(10.,-25.5,0.));
#13403 = VECTOR('',#13404,1.);
#13404 = DIRECTION('',(-1.,0.,0.));
#13405 = ORIENTED_EDGE('',*,*,#13385,.T.);
#13406 = ORIENTED_EDGE('',*,*,#5907,.T.);
#13407 = ORIENTED_EDGE('',*,*,#5961,.T.);
#13408 = PLANE('',#13409);
#13409 = AXIS2_PLACEMENT_3D('',#13410,#13411,#13412);
#13410 = CARTESIAN_POINT('',(10.,-25.5,0.));
#13411 = DIRECTION('',(0.,-1.,0.));
#13412 = DIRECTION('',(-1.,0.,0.));
#13413 = ADVANCED_FACE('',(#13414),#13433,.F.);
#13414 = FACE_BOUND('',#13415,.F.);
#13415 = EDGE_LOOP('',(#13416,#13424,#13425,#13426));
#13416 = ORIENTED_EDGE('',*,*,#13417,.F.);
#13417 = EDGE_CURVE('',#5935,#13418,#13420,.T.);
#13418 = VERTEX_POINT('',#13419);
#13419 = CARTESIAN_POINT('',(2.54,-24.4,0.));
#13420 = LINE('',#13421,#13422);
#13421 = CARTESIAN_POINT('',(2.54,-24.4,55.715027595793));
#13422 = VECTOR('',#13423,1.);
#13423 = DIRECTION('',(-0.,-0.,-1.));
#13424 = ORIENTED_EDGE('',*,*,#5934,.F.);
#13425 = ORIENTED_EDGE('',*,*,#13417,.T.);
#13426 = ORIENTED_EDGE('',*,*,#13427,.T.);
#13427 = EDGE_CURVE('',#13418,#13418,#13428,.T.);
#13428 = CIRCLE('',#13429,0.5);
#13429 = AXIS2_PLACEMENT_3D('',#13430,#13431,#13432);
#13430 = CARTESIAN_POINT('',(2.54,-23.9,0.));
#13431 = DIRECTION('',(0.,0.,1.));
#13432 = DIRECTION('',(-2.2E-16,1.,0.));
#13433 = CYLINDRICAL_SURFACE('',#13434,0.5);
#13434 = AXIS2_PLACEMENT_3D('',#13435,#13436,#13437);
#13435 = CARTESIAN_POINT('',(2.54,-23.9,55.715027595793));
#13436 = DIRECTION('',(0.,0.,1.));
#13437 = DIRECTION('',(-2.2E-16,1.,0.));
#13438 = ADVANCED_FACE('',(#13439),#13457,.T.);
#13439 = FACE_BOUND('',#13440,.T.);
#13440 = EDGE_LOOP('',(#13441,#13449,#13450,#13451));
#13441 = ORIENTED_EDGE('',*,*,#13442,.F.);
#13442 = EDGE_CURVE('',#5954,#13443,#13445,.T.);
#13443 = VERTEX_POINT('',#13444);
#13444 = CARTESIAN_POINT('',(0.5,-25.5,0.));
#13445 = LINE('',#13446,#13447);
#13446 = CARTESIAN_POINT('',(10.,-25.5,0.));
#13447 = VECTOR('',#13448,1.);
#13448 = DIRECTION('',(-1.,0.,0.));
#13449 = ORIENTED_EDGE('',*,*,#5968,.F.);
#13450 = ORIENTED_EDGE('',*,*,#6000,.T.);
#13451 = ORIENTED_EDGE('',*,*,#13452,.F.);
#13452 = EDGE_CURVE('',#13443,#5992,#13453,.T.);
#13453 = LINE('',#13454,#13455);
#13454 = CARTESIAN_POINT('',(0.5,-25.5,55.715027595793));
#13455 = VECTOR('',#13456,1.);
#13456 = DIRECTION('',(0.,0.,1.));
#13457 = PLANE('',#13458);
#13458 = AXIS2_PLACEMENT_3D('',#13459,#13460,#13461);
#13459 = CARTESIAN_POINT('',(10.,-25.5,0.));
#13460 = DIRECTION('',(0.,-1.,0.));
#13461 = DIRECTION('',(-1.,0.,0.));
#13462 = ADVANCED_FACE('',(#13463),#13482,.F.);
#13463 = FACE_BOUND('',#13464,.F.);
#13464 = EDGE_LOOP('',(#13465,#13466,#13475,#13481));
#13465 = ORIENTED_EDGE('',*,*,#13452,.F.);
#13466 = ORIENTED_EDGE('',*,*,#13467,.T.);
#13467 = EDGE_CURVE('',#13443,#13468,#13470,.T.);
#13468 = VERTEX_POINT('',#13469);
#13469 = CARTESIAN_POINT('',(-0.5,-25.5,0.));
#13470 = CIRCLE('',#13471,0.5);
#13471 = AXIS2_PLACEMENT_3D('',#13472,#13473,#13474);
#13472 = CARTESIAN_POINT('',(0.,-25.5,0.));
#13473 = DIRECTION('',(0.,0.,1.));
#13474 = DIRECTION('',(-2.2E-16,1.,0.));
#13475 = ORIENTED_EDGE('',*,*,#13476,.T.);
#13476 = EDGE_CURVE('',#13468,#5984,#13477,.T.);
#13477 = LINE('',#13478,#13479);
#13478 = CARTESIAN_POINT('',(-0.5,-25.5,55.715027595793));
#13479 = VECTOR('',#13480,1.);
#13480 = DIRECTION('',(0.,0.,1.));
#13481 = ORIENTED_EDGE('',*,*,#5991,.F.);
#13482 = CYLINDRICAL_SURFACE('',#13483,0.5);
#13483 = AXIS2_PLACEMENT_3D('',#13484,#13485,#13486);
#13484 = CARTESIAN_POINT('',(0.,-25.5,55.715027595793));
#13485 = DIRECTION('',(0.,0.,1.));
#13486 = DIRECTION('',(-2.2E-16,1.,0.));
#13487 = ADVANCED_FACE('',(#13488),#13499,.T.);
#13488 = FACE_BOUND('',#13489,.T.);
#13489 = EDGE_LOOP('',(#13490,#13496,#13497,#13498));
#13490 = ORIENTED_EDGE('',*,*,#13491,.F.);
#13491 = EDGE_CURVE('',#13468,#6030,#13492,.T.);
#13492 = LINE('',#13493,#13494);
#13493 = CARTESIAN_POINT('',(10.,-25.5,0.));
#13494 = VECTOR('',#13495,1.);
#13495 = DIRECTION('',(-1.,0.,0.));
#13496 = ORIENTED_EDGE('',*,*,#13476,.T.);
#13497 = ORIENTED_EDGE('',*,*,#5983,.T.);
#13498 = ORIENTED_EDGE('',*,*,#6039,.T.);
#13499 = PLANE('',#13500);
#13500 = AXIS2_PLACEMENT_3D('',#13501,#13502,#13503);
#13501 = CARTESIAN_POINT('',(10.,-25.5,0.));
#13502 = DIRECTION('',(0.,-1.,0.));
#13503 = DIRECTION('',(-1.,0.,0.));
#13504 = ADVANCED_FACE('',(#13505),#13524,.F.);
#13505 = FACE_BOUND('',#13506,.F.);
#13506 = EDGE_LOOP('',(#13507,#13515,#13516,#13517));
#13507 = ORIENTED_EDGE('',*,*,#13508,.F.);
#13508 = EDGE_CURVE('',#6013,#13509,#13511,.T.);
#13509 = VERTEX_POINT('',#13510);
#13510 = CARTESIAN_POINT('',(0.,-24.4,0.));
#13511 = LINE('',#13512,#13513);
#13512 = CARTESIAN_POINT('',(0.,-24.4,55.715027595793));
#13513 = VECTOR('',#13514,1.);
#13514 = DIRECTION('',(-0.,-0.,-1.));
#13515 = ORIENTED_EDGE('',*,*,#6012,.F.);
#13516 = ORIENTED_EDGE('',*,*,#13508,.T.);
#13517 = ORIENTED_EDGE('',*,*,#13518,.T.);
#13518 = EDGE_CURVE('',#13509,#13509,#13519,.T.);
#13519 = CIRCLE('',#13520,0.5);
#13520 = AXIS2_PLACEMENT_3D('',#13521,#13522,#13523);
#13521 = CARTESIAN_POINT('',(0.,-23.9,0.));
#13522 = DIRECTION('',(0.,0.,1.));
#13523 = DIRECTION('',(-2.2E-16,1.,0.));
#13524 = CYLINDRICAL_SURFACE('',#13525,0.5);
#13525 = AXIS2_PLACEMENT_3D('',#13526,#13527,#13528);
#13526 = CARTESIAN_POINT('',(0.,-23.9,55.715027595793));
#13527 = DIRECTION('',(0.,0.,1.));
#13528 = DIRECTION('',(-2.2E-16,1.,0.));
#13529 = ADVANCED_FACE('',(#13530),#13548,.T.);
#13530 = FACE_BOUND('',#13531,.T.);
#13531 = EDGE_LOOP('',(#13532,#13540,#13541,#13542));
#13532 = ORIENTED_EDGE('',*,*,#13533,.F.);
#13533 = EDGE_CURVE('',#6032,#13534,#13536,.T.);
#13534 = VERTEX_POINT('',#13535);
#13535 = CARTESIAN_POINT('',(-2.04,-25.5,0.));
#13536 = LINE('',#13537,#13538);
#13537 = CARTESIAN_POINT('',(10.,-25.5,0.));
#13538 = VECTOR('',#13539,1.);
#13539 = DIRECTION('',(-1.,0.,0.));
#13540 = ORIENTED_EDGE('',*,*,#6046,.F.);
#13541 = ORIENTED_EDGE('',*,*,#6078,.T.);
#13542 = ORIENTED_EDGE('',*,*,#13543,.F.);
#13543 = EDGE_CURVE('',#13534,#6070,#13544,.T.);
#13544 = LINE('',#13545,#13546);
#13545 = CARTESIAN_POINT('',(-2.04,-25.5,55.715027595793));
#13546 = VECTOR('',#13547,1.);
#13547 = DIRECTION('',(0.,0.,1.));
#13548 = PLANE('',#13549);
#13549 = AXIS2_PLACEMENT_3D('',#13550,#13551,#13552);
#13550 = CARTESIAN_POINT('',(10.,-25.5,0.));
#13551 = DIRECTION('',(0.,-1.,0.));
#13552 = DIRECTION('',(-1.,0.,0.));
#13553 = ADVANCED_FACE('',(#13554),#13573,.F.);
#13554 = FACE_BOUND('',#13555,.F.);
#13555 = EDGE_LOOP('',(#13556,#13557,#13566,#13572));
#13556 = ORIENTED_EDGE('',*,*,#13543,.F.);
#13557 = ORIENTED_EDGE('',*,*,#13558,.T.);
#13558 = EDGE_CURVE('',#13534,#13559,#13561,.T.);
#13559 = VERTEX_POINT('',#13560);
#13560 = CARTESIAN_POINT('',(-3.04,-25.5,0.));
#13561 = CIRCLE('',#13562,0.5);
#13562 = AXIS2_PLACEMENT_3D('',#13563,#13564,#13565);
#13563 = CARTESIAN_POINT('',(-2.54,-25.5,0.));
#13564 = DIRECTION('',(0.,0.,1.));
#13565 = DIRECTION('',(-2.2E-16,1.,0.));
#13566 = ORIENTED_EDGE('',*,*,#13567,.T.);
#13567 = EDGE_CURVE('',#13559,#6062,#13568,.T.);
#13568 = LINE('',#13569,#13570);
#13569 = CARTESIAN_POINT('',(-3.04,-25.5,55.715027595793));
#13570 = VECTOR('',#13571,1.);
#13571 = DIRECTION('',(0.,0.,1.));
#13572 = ORIENTED_EDGE('',*,*,#6069,.F.);
#13573 = CYLINDRICAL_SURFACE('',#13574,0.5);
#13574 = AXIS2_PLACEMENT_3D('',#13575,#13576,#13577);
#13575 = CARTESIAN_POINT('',(-2.54,-25.5,55.715027595793));
#13576 = DIRECTION('',(0.,0.,1.));
#13577 = DIRECTION('',(-2.2E-16,1.,0.));
#13578 = ADVANCED_FACE('',(#13579),#13590,.T.);
#13579 = FACE_BOUND('',#13580,.T.);
#13580 = EDGE_LOOP('',(#13581,#13587,#13588,#13589));
#13581 = ORIENTED_EDGE('',*,*,#13582,.F.);
#13582 = EDGE_CURVE('',#13559,#6106,#13583,.T.);
#13583 = LINE('',#13584,#13585);
#13584 = CARTESIAN_POINT('',(10.,-25.5,0.));
#13585 = VECTOR('',#13586,1.);
#13586 = DIRECTION('',(-1.,0.,0.));
#13587 = ORIENTED_EDGE('',*,*,#13567,.T.);
#13588 = ORIENTED_EDGE('',*,*,#6061,.T.);
#13589 = ORIENTED_EDGE('',*,*,#6115,.T.);
#13590 = PLANE('',#13591);
#13591 = AXIS2_PLACEMENT_3D('',#13592,#13593,#13594);
#13592 = CARTESIAN_POINT('',(10.,-25.5,0.));
#13593 = DIRECTION('',(0.,-1.,0.));
#13594 = DIRECTION('',(-1.,0.,0.));
#13595 = ADVANCED_FACE('',(#13596),#13615,.F.);
#13596 = FACE_BOUND('',#13597,.F.);
#13597 = EDGE_LOOP('',(#13598,#13606,#13607,#13608));
#13598 = ORIENTED_EDGE('',*,*,#13599,.F.);
#13599 = EDGE_CURVE('',#6089,#13600,#13602,.T.);
#13600 = VERTEX_POINT('',#13601);
#13601 = CARTESIAN_POINT('',(-2.54,-24.4,0.));
#13602 = LINE('',#13603,#13604);
#13603 = CARTESIAN_POINT('',(-2.54,-24.4,55.715027595793));
#13604 = VECTOR('',#13605,1.);
#13605 = DIRECTION('',(-0.,-0.,-1.));
#13606 = ORIENTED_EDGE('',*,*,#6088,.F.);
#13607 = ORIENTED_EDGE('',*,*,#13599,.T.);
#13608 = ORIENTED_EDGE('',*,*,#13609,.T.);
#13609 = EDGE_CURVE('',#13600,#13600,#13610,.T.);
#13610 = CIRCLE('',#13611,0.5);
#13611 = AXIS2_PLACEMENT_3D('',#13612,#13613,#13614);
#13612 = CARTESIAN_POINT('',(-2.54,-23.9,0.));
#13613 = DIRECTION('',(0.,0.,1.));
#13614 = DIRECTION('',(-2.2E-16,1.,0.));
#13615 = CYLINDRICAL_SURFACE('',#13616,0.5);
#13616 = AXIS2_PLACEMENT_3D('',#13617,#13618,#13619);
#13617 = CARTESIAN_POINT('',(-2.54,-23.9,55.715027595793));
#13618 = DIRECTION('',(0.,0.,1.));
#13619 = DIRECTION('',(-2.2E-16,1.,0.));
#13620 = ADVANCED_FACE('',(#13621),#13640,.F.);
#13621 = FACE_BOUND('',#13622,.F.);
#13622 = EDGE_LOOP('',(#13623,#13631,#13638,#13639));
#13623 = ORIENTED_EDGE('',*,*,#13624,.T.);
#13624 = EDGE_CURVE('',#6158,#13625,#13627,.T.);
#13625 = VERTEX_POINT('',#13626);
#13626 = CARTESIAN_POINT('',(-4.65,-23.5,0.));
#13627 = LINE('',#13628,#13629);
#13628 = CARTESIAN_POINT('',(-4.65,-23.5,55.715027595793));
#13629 = VECTOR('',#13630,1.);
#13630 = DIRECTION('',(0.,4.4E-16,-1.));
#13631 = ORIENTED_EDGE('',*,*,#13632,.T.);
#13632 = EDGE_CURVE('',#13625,#13625,#13633,.T.);
#13633 = CIRCLE('',#13634,1.05);
#13634 = AXIS2_PLACEMENT_3D('',#13635,#13636,#13637);
#13635 = CARTESIAN_POINT('',(-5.7,-23.5,0.));
#13636 = DIRECTION('',(0.,-4.4E-16,1.));
#13637 = DIRECTION('',(1.,0.,0.));
#13638 = ORIENTED_EDGE('',*,*,#13624,.F.);
#13639 = ORIENTED_EDGE('',*,*,#6157,.F.);
#13640 = CYLINDRICAL_SURFACE('',#13641,1.05);
#13641 = AXIS2_PLACEMENT_3D('',#13642,#13643,#13644);
#13642 = CARTESIAN_POINT('',(-5.7,-23.5,55.715027595793));
#13643 = DIRECTION('',(0.,-4.4E-16,1.));
#13644 = DIRECTION('',(1.,0.,0.));
#13645 = ADVANCED_FACE('',(#13646),#13652,.T.);
#13646 = FACE_BOUND('',#13647,.T.);
#13647 = EDGE_LOOP('',(#13648,#13649,#13650,#13651));
#13648 = ORIENTED_EDGE('',*,*,#6191,.F.);
#13649 = ORIENTED_EDGE('',*,*,#6207,.T.);
#13650 = ORIENTED_EDGE('',*,*,#6239,.T.);
#13651 = ORIENTED_EDGE('',*,*,#6255,.F.);
#13652 = PLANE('',#13653);
#13653 = AXIS2_PLACEMENT_3D('',#13654,#13655,#13656);
#13654 = CARTESIAN_POINT('',(-3.9,-10.3,1.6));
#13655 = DIRECTION('',(0.,0.,1.));
#13656 = DIRECTION('',(1.,0.,-0.));
#13657 = ADVANCED_FACE('',(#13658),#13664,.T.);
#13658 = FACE_BOUND('',#13659,.T.);
#13659 = EDGE_LOOP('',(#13660,#13661,#13662,#13663));
#13660 = ORIENTED_EDGE('',*,*,#6287,.F.);
#13661 = ORIENTED_EDGE('',*,*,#6303,.T.);
#13662 = ORIENTED_EDGE('',*,*,#6335,.T.);
#13663 = ORIENTED_EDGE('',*,*,#6351,.F.);
#13664 = PLANE('',#13665);
#13665 = AXIS2_PLACEMENT_3D('',#13666,#13667,#13668);
#13666 = CARTESIAN_POINT('',(-3.5,-4.,1.9));
#13667 = DIRECTION('',(0.,0.,1.));
#13668 = DIRECTION('',(1.,0.,-0.));
#13669 = ADVANCED_FACE('',(#13670),#13689,.F.);
#13670 = FACE_BOUND('',#13671,.F.);
#13671 = EDGE_LOOP('',(#13672,#13673,#13681,#13688));
#13672 = ORIENTED_EDGE('',*,*,#6369,.F.);
#13673 = ORIENTED_EDGE('',*,*,#13674,.T.);
#13674 = EDGE_CURVE('',#6370,#13675,#13677,.T.);
#13675 = VERTEX_POINT('',#13676);
#13676 = CARTESIAN_POINT('',(4.65,-23.5,0.));
#13677 = LINE('',#13678,#13679);
#13678 = CARTESIAN_POINT('',(4.65,-23.5,55.715027595793));
#13679 = VECTOR('',#13680,1.);
#13680 = DIRECTION('',(0.,0.,-1.));
#13681 = ORIENTED_EDGE('',*,*,#13682,.T.);
#13682 = EDGE_CURVE('',#13675,#13675,#13683,.T.);
#13683 = CIRCLE('',#13684,1.05);
#13684 = AXIS2_PLACEMENT_3D('',#13685,#13686,#13687);
#13685 = CARTESIAN_POINT('',(5.7,-23.5,0.));
#13686 = DIRECTION('',(-2.2E-16,-4.4E-16,1.));
#13687 = DIRECTION('',(-1.,2.2E-16,-2.2E-16));
#13688 = ORIENTED_EDGE('',*,*,#13674,.F.);
#13689 = CYLINDRICAL_SURFACE('',#13690,1.05);
#13690 = AXIS2_PLACEMENT_3D('',#13691,#13692,#13693);
#13691 = CARTESIAN_POINT('',(5.7,-23.5,55.715027595793));
#13692 = DIRECTION('',(0.,0.,1.));
#13693 = DIRECTION('',(-1.,0.,0.));
#13694 = ADVANCED_FACE('',(#13695),#13701,.T.);
#13695 = FACE_BOUND('',#13696,.T.);
#13696 = EDGE_LOOP('',(#13697,#13698,#13699,#13700));
#13697 = ORIENTED_EDGE('',*,*,#6403,.F.);
#13698 = ORIENTED_EDGE('',*,*,#6419,.T.);
#13699 = ORIENTED_EDGE('',*,*,#6451,.T.);
#13700 = ORIENTED_EDGE('',*,*,#6467,.F.);
#13701 = PLANE('',#13702);
#13702 = AXIS2_PLACEMENT_3D('',#13703,#13704,#13705);
#13703 = CARTESIAN_POINT('',(-2.8,4.9,1.6));
#13704 = DIRECTION('',(0.,0.,1.));
#13705 = DIRECTION('',(0.,1.,0.));
#13706 = ADVANCED_FACE('',(#13707),#13726,.F.);
#13707 = FACE_BOUND('',#13708,.F.);
#13708 = EDGE_LOOP('',(#13709,#13710,#13718,#13725));
#13709 = ORIENTED_EDGE('',*,*,#6485,.F.);
#13710 = ORIENTED_EDGE('',*,*,#13711,.T.);
#13711 = EDGE_CURVE('',#6486,#13712,#13714,.T.);
#13712 = VERTEX_POINT('',#13713);
#13713 = CARTESIAN_POINT('',(-4.65,23.5,0.));
#13714 = LINE('',#13715,#13716);
#13715 = CARTESIAN_POINT('',(-4.65,23.5,55.715027595793));
#13716 = VECTOR('',#13717,1.);
#13717 = DIRECTION('',(-0.,-0.,-1.));
#13718 = ORIENTED_EDGE('',*,*,#13719,.T.);
#13719 = EDGE_CURVE('',#13712,#13712,#13720,.T.);
#13720 = CIRCLE('',#13721,1.05);
#13721 = AXIS2_PLACEMENT_3D('',#13722,#13723,#13724);
#13722 = CARTESIAN_POINT('',(-5.7,23.5,0.));
#13723 = DIRECTION('',(0.,0.,1.));
#13724 = DIRECTION('',(1.,0.,-0.));
#13725 = ORIENTED_EDGE('',*,*,#13711,.F.);
#13726 = CYLINDRICAL_SURFACE('',#13727,1.05);
#13727 = AXIS2_PLACEMENT_3D('',#13728,#13729,#13730);
#13728 = CARTESIAN_POINT('',(-5.7,23.5,55.715027595793));
#13729 = DIRECTION('',(0.,0.,1.));
#13730 = DIRECTION('',(1.,0.,-0.));
#13731 = ADVANCED_FACE('',(#13732,#13738),#13774,.T.);
#13732 = FACE_BOUND('',#13733,.T.);
#13733 = EDGE_LOOP('',(#13734,#13735,#13736,#13737));
#13734 = ORIENTED_EDGE('',*,*,#6519,.F.);
#13735 = ORIENTED_EDGE('',*,*,#6535,.T.);
#13736 = ORIENTED_EDGE('',*,*,#6567,.T.);
#13737 = ORIENTED_EDGE('',*,*,#6583,.F.);
#13738 = FACE_BOUND('',#13739,.T.);
#13739 = EDGE_LOOP('',(#13740,#13751,#13759,#13768));
#13740 = ORIENTED_EDGE('',*,*,#13741,.F.);
#13741 = EDGE_CURVE('',#13742,#13744,#13746,.T.);
#13742 = VERTEX_POINT('',#13743);
#13743 = CARTESIAN_POINT('',(-2.374999999996,14.074999999993,2.6));
#13744 = VERTEX_POINT('',#13745);
#13745 = CARTESIAN_POINT('',(-4.625000000015,14.075000000006,2.6));
#13746 = CIRCLE('',#13747,1.12500000001);
#13747 = AXIS2_PLACEMENT_3D('',#13748,#13749,#13750);
#13748 = CARTESIAN_POINT('',(-3.500000000005,14.074999999995,2.6));
#13749 = DIRECTION('',(0.,0.,1.));
#13750 = DIRECTION('',(1.,0.,-0.));
#13751 = ORIENTED_EDGE('',*,*,#13752,.F.);
#13752 = EDGE_CURVE('',#13753,#13742,#13755,.T.);
#13753 = VERTEX_POINT('',#13754);
#13754 = CARTESIAN_POINT('',(-2.374999999996,12.925000000005,2.6));
#13755 = LINE('',#13756,#13757);
#13756 = CARTESIAN_POINT('',(-2.374999999996,12.925000000005,2.6));
#13757 = VECTOR('',#13758,1.);
#13758 = DIRECTION('',(8.882E-14,1.,0.));
#13759 = ORIENTED_EDGE('',*,*,#13760,.F.);
#13760 = EDGE_CURVE('',#13761,#13753,#13763,.T.);
#13761 = VERTEX_POINT('',#13762);
#13762 = CARTESIAN_POINT('',(-4.625000000015,12.925000000006,2.6));
#13763 = CIRCLE('',#13764,1.12500000001);
#13764 = AXIS2_PLACEMENT_3D('',#13765,#13766,#13767);
#13765 = CARTESIAN_POINT('',(-3.500000000006,12.925000000011,2.6));
#13766 = DIRECTION('',(0.,0.,1.));
#13767 = DIRECTION('',(1.,0.,-0.));
#13768 = ORIENTED_EDGE('',*,*,#13769,.F.);
#13769 = EDGE_CURVE('',#13744,#13761,#13770,.T.);
#13770 = LINE('',#13771,#13772);
#13771 = CARTESIAN_POINT('',(-4.625000000015,14.075000000006,2.6));
#13772 = VECTOR('',#13773,1.);
#13773 = DIRECTION('',(0.,-1.,0.));
#13774 = PLANE('',#13775);
#13775 = AXIS2_PLACEMENT_3D('',#13776,#13777,#13778);
#13776 = CARTESIAN_POINT('',(-5.1,11.375,2.6));
#13777 = DIRECTION('',(0.,0.,1.));
#13778 = DIRECTION('',(1.,0.,-0.));
#13779 = ADVANCED_FACE('',(#13780),#13786,.T.);
#13780 = FACE_BOUND('',#13781,.T.);
#13781 = EDGE_LOOP('',(#13782,#13783,#13784,#13785));
#13782 = ORIENTED_EDGE('',*,*,#6615,.F.);
#13783 = ORIENTED_EDGE('',*,*,#6631,.T.);
#13784 = ORIENTED_EDGE('',*,*,#6663,.T.);
#13785 = ORIENTED_EDGE('',*,*,#6679,.F.);
#13786 = PLANE('',#13787);
#13787 = AXIS2_PLACEMENT_3D('',#13788,#13789,#13790);
#13788 = CARTESIAN_POINT('',(1.9,11.475,2.25));
#13789 = DIRECTION('',(0.,0.,1.));
#13790 = DIRECTION('',(1.,0.,-0.));
#13791 = ADVANCED_FACE('',(#13792),#13798,.T.);
#13792 = FACE_BOUND('',#13793,.T.);
#13793 = EDGE_LOOP('',(#13794,#13795,#13796,#13797));
#13794 = ORIENTED_EDGE('',*,*,#6711,.F.);
#13795 = ORIENTED_EDGE('',*,*,#6727,.T.);
#13796 = ORIENTED_EDGE('',*,*,#6759,.T.);
#13797 = ORIENTED_EDGE('',*,*,#6775,.F.);
#13798 = PLANE('',#13799);
#13799 = AXIS2_PLACEMENT_3D('',#13800,#13801,#13802);
#13800 = CARTESIAN_POINT('',(5.6,6.8,1.8));
#13801 = DIRECTION('',(0.,0.,1.));
#13802 = DIRECTION('',(1.,0.,-0.));
#13803 = ADVANCED_FACE('',(#13804),#13810,.T.);
#13804 = FACE_BOUND('',#13805,.T.);
#13805 = EDGE_LOOP('',(#13806,#13807,#13808,#13809));
#13806 = ORIENTED_EDGE('',*,*,#6807,.F.);
#13807 = ORIENTED_EDGE('',*,*,#6823,.T.);
#13808 = ORIENTED_EDGE('',*,*,#6855,.T.);
#13809 = ORIENTED_EDGE('',*,*,#6871,.F.);
#13810 = PLANE('',#13811);
#13811 = AXIS2_PLACEMENT_3D('',#13812,#13813,#13814);
#13812 = CARTESIAN_POINT('',(4.15,15.85,1.75));
#13813 = DIRECTION('',(0.,0.,1.));
#13814 = DIRECTION('',(-1.,0.,0.));
#13815 = ADVANCED_FACE('',(#13816),#13822,.T.);
#13816 = FACE_BOUND('',#13817,.T.);
#13817 = EDGE_LOOP('',(#13818,#13819,#13820,#13821));
#13818 = ORIENTED_EDGE('',*,*,#6903,.F.);
#13819 = ORIENTED_EDGE('',*,*,#6919,.T.);
#13820 = ORIENTED_EDGE('',*,*,#6951,.T.);
#13821 = ORIENTED_EDGE('',*,*,#6967,.F.);
#13822 = PLANE('',#13823);
#13823 = AXIS2_PLACEMENT_3D('',#13824,#13825,#13826);
#13824 = CARTESIAN_POINT('',(1.9,16.475,2.25));
#13825 = DIRECTION('',(0.,0.,1.));
#13826 = DIRECTION('',(1.,0.,-0.));
#13827 = ADVANCED_FACE('',(#13828),#13834,.T.);
#13828 = FACE_BOUND('',#13829,.T.);
#13829 = EDGE_LOOP('',(#13830,#13831,#13832,#13833));
#13830 = ORIENTED_EDGE('',*,*,#6999,.F.);
#13831 = ORIENTED_EDGE('',*,*,#7015,.T.);
#13832 = ORIENTED_EDGE('',*,*,#7047,.T.);
#13833 = ORIENTED_EDGE('',*,*,#7063,.F.);
#13834 = PLANE('',#13835);
#13835 = AXIS2_PLACEMENT_3D('',#13836,#13837,#13838);
#13836 = CARTESIAN_POINT('',(5.,13.35,2.2));
#13837 = DIRECTION('',(0.,0.,1.));
#13838 = DIRECTION('',(1.,0.,-0.));
#13839 = ADVANCED_FACE('',(#13840),#13846,.T.);
#13840 = FACE_BOUND('',#13841,.T.);
#13841 = EDGE_LOOP('',(#13842,#13843,#13844,#13845));
#13842 = ORIENTED_EDGE('',*,*,#7095,.F.);
#13843 = ORIENTED_EDGE('',*,*,#7111,.T.);
#13844 = ORIENTED_EDGE('',*,*,#7249,.T.);
#13845 = ORIENTED_EDGE('',*,*,#7265,.F.);
#13846 = PLANE('',#13847);
#13847 = AXIS2_PLACEMENT_3D('',#13848,#13849,#13850);
#13848 = CARTESIAN_POINT('',(5.175,17.55,1.95));
#13849 = DIRECTION('',(0.,0.,1.));
#13850 = DIRECTION('',(1.,0.,-0.));
#13851 = ADVANCED_FACE('',(#13852),#13858,.T.);
#13852 = FACE_BOUND('',#13853,.T.);
#13853 = EDGE_LOOP('',(#13854,#13855,#13856,#13857));
#13854 = ORIENTED_EDGE('',*,*,#7172,.F.);
#13855 = ORIENTED_EDGE('',*,*,#7206,.T.);
#13856 = ORIENTED_EDGE('',*,*,#7221,.T.);
#13857 = ORIENTED_EDGE('',*,*,#7142,.F.);
#13858 = PLANE('',#13859);
#13859 = AXIS2_PLACEMENT_3D('',#13860,#13861,#13862);
#13860 = CARTESIAN_POINT('',(5.55,17.1,1.15));
#13861 = DIRECTION('',(-3.9E-16,5.6E-16,1.));
#13862 = DIRECTION('',(2.2E-16,1.,-5.6E-16));
#13863 = ADVANCED_FACE('',(#13864),#13870,.T.);
#13864 = FACE_BOUND('',#13865,.F.);
#13865 = EDGE_LOOP('',(#13866,#13867,#13868,#13869));
#13866 = ORIENTED_EDGE('',*,*,#7368,.F.);
#13867 = ORIENTED_EDGE('',*,*,#7346,.T.);
#13868 = ORIENTED_EDGE('',*,*,#7319,.T.);
#13869 = ORIENTED_EDGE('',*,*,#7289,.T.);
#13870 = PLANE('',#13871);
#13871 = AXIS2_PLACEMENT_3D('',#13872,#13873,#13874);
#13872 = CARTESIAN_POINT('',(5.55,20.7,1.15));
#13873 = DIRECTION('',(-8.3E-16,-2.2E-16,1.));
#13874 = DIRECTION('',(-1.1E-16,1.,2.2E-16));
#13875 = ADVANCED_FACE('',(#13876),#13895,.F.);
#13876 = FACE_BOUND('',#13877,.F.);
#13877 = EDGE_LOOP('',(#13878,#13886,#13893,#13894));
#13878 = ORIENTED_EDGE('',*,*,#13879,.T.);
#13879 = EDGE_CURVE('',#7390,#13880,#13882,.T.);
#13880 = VERTEX_POINT('',#13881);
#13881 = CARTESIAN_POINT('',(4.65,23.5,0.));
#13882 = LINE('',#13883,#13884);
#13883 = CARTESIAN_POINT('',(4.65,23.5,55.715027595793));
#13884 = VECTOR('',#13885,1.);
#13885 = DIRECTION('',(2.2E-16,0.,-1.));
#13886 = ORIENTED_EDGE('',*,*,#13887,.T.);
#13887 = EDGE_CURVE('',#13880,#13880,#13888,.T.);
#13888 = CIRCLE('',#13889,1.05);
#13889 = AXIS2_PLACEMENT_3D('',#13890,#13891,#13892);
#13890 = CARTESIAN_POINT('',(5.7,23.5,0.));
#13891 = DIRECTION('',(-2.2E-16,0.,1.));
#13892 = DIRECTION('',(-1.,2.2E-16,-2.2E-16));
#13893 = ORIENTED_EDGE('',*,*,#13879,.F.);
#13894 = ORIENTED_EDGE('',*,*,#7389,.F.);
#13895 = CYLINDRICAL_SURFACE('',#13896,1.05);
#13896 = AXIS2_PLACEMENT_3D('',#13897,#13898,#13899);
#13897 = CARTESIAN_POINT('',(5.7,23.5,55.715027595793));
#13898 = DIRECTION('',(-2.2E-16,0.,1.));
#13899 = DIRECTION('',(-1.,2.2E-16,-2.2E-16));
#13900 = ADVANCED_FACE('',(#13901,#13909),#13912,.F.);
#13901 = FACE_BOUND('',#13902,.F.);
#13902 = EDGE_LOOP('',(#13903,#13904,#13905,#13906,#13907,#13908));
#13903 = ORIENTED_EDGE('',*,*,#9215,.F.);
#13904 = ORIENTED_EDGE('',*,*,#8593,.F.);
#13905 = ORIENTED_EDGE('',*,*,#8584,.T.);
#13906 = ORIENTED_EDGE('',*,*,#8576,.T.);
#13907 = ORIENTED_EDGE('',*,*,#9264,.F.);
#13908 = ORIENTED_EDGE('',*,*,#9239,.F.);
#13909 = FACE_BOUND('',#13910,.F.);
#13910 = EDGE_LOOP('',(#13911));
#13911 = ORIENTED_EDGE('',*,*,#9291,.F.);
#13912 = PLANE('',#13913);
#13913 = AXIS2_PLACEMENT_3D('',#13914,#13915,#13916);
#13914 = CARTESIAN_POINT('',(4.3E-16,1.14E-15,0.));
#13915 = DIRECTION('',(0.,0.,1.));
#13916 = DIRECTION('',(1.,0.,-0.));
#13917 = ADVANCED_FACE('',(#13918,#13926),#13929,.F.);
#13918 = FACE_BOUND('',#13919,.F.);
#13919 = EDGE_LOOP('',(#13920,#13921,#13922,#13923,#13924,#13925));
#13920 = ORIENTED_EDGE('',*,*,#9306,.F.);
#13921 = ORIENTED_EDGE('',*,*,#8569,.F.);
#13922 = ORIENTED_EDGE('',*,*,#8560,.T.);
#13923 = ORIENTED_EDGE('',*,*,#8552,.T.);
#13924 = ORIENTED_EDGE('',*,*,#9355,.F.);
#13925 = ORIENTED_EDGE('',*,*,#9330,.F.);
#13926 = FACE_BOUND('',#13927,.F.);
#13927 = EDGE_LOOP('',(#13928));
#13928 = ORIENTED_EDGE('',*,*,#9382,.F.);
#13929 = PLANE('',#13930);
#13930 = AXIS2_PLACEMENT_3D('',#13931,#13932,#13933);
#13931 = CARTESIAN_POINT('',(4.3E-16,1.14E-15,0.));
#13932 = DIRECTION('',(0.,0.,1.));
#13933 = DIRECTION('',(1.,0.,-0.));
#13934 = ADVANCED_FACE('',(#13935,#13945),#13948,.F.);
#13935 = FACE_BOUND('',#13936,.F.);
#13936 = EDGE_LOOP('',(#13937,#13938,#13939,#13940,#13941,#13942,#13943,
    #13944));
#13937 = ORIENTED_EDGE('',*,*,#9397,.F.);
#13938 = ORIENTED_EDGE('',*,*,#8545,.F.);
#13939 = ORIENTED_EDGE('',*,*,#8536,.T.);
#13940 = ORIENTED_EDGE('',*,*,#8528,.F.);
#13941 = ORIENTED_EDGE('',*,*,#8519,.T.);
#13942 = ORIENTED_EDGE('',*,*,#8511,.T.);
#13943 = ORIENTED_EDGE('',*,*,#9446,.F.);
#13944 = ORIENTED_EDGE('',*,*,#9421,.F.);
#13945 = FACE_BOUND('',#13946,.F.);
#13946 = EDGE_LOOP('',(#13947));
#13947 = ORIENTED_EDGE('',*,*,#9473,.F.);
#13948 = PLANE('',#13949);
#13949 = AXIS2_PLACEMENT_3D('',#13950,#13951,#13952);
#13950 = CARTESIAN_POINT('',(4.3E-16,1.14E-15,0.));
#13951 = DIRECTION('',(0.,0.,1.));
#13952 = DIRECTION('',(1.,0.,-0.));
#13953 = ADVANCED_FACE('',(#13954,#13962),#13965,.F.);
#13954 = FACE_BOUND('',#13955,.F.);
#13955 = EDGE_LOOP('',(#13956,#13957,#13958,#13959,#13960,#13961));
#13956 = ORIENTED_EDGE('',*,*,#9488,.F.);
#13957 = ORIENTED_EDGE('',*,*,#8504,.F.);
#13958 = ORIENTED_EDGE('',*,*,#8495,.T.);
#13959 = ORIENTED_EDGE('',*,*,#8487,.T.);
#13960 = ORIENTED_EDGE('',*,*,#9537,.F.);
#13961 = ORIENTED_EDGE('',*,*,#9512,.F.);
#13962 = FACE_BOUND('',#13963,.F.);
#13963 = EDGE_LOOP('',(#13964));
#13964 = ORIENTED_EDGE('',*,*,#9564,.F.);
#13965 = PLANE('',#13966);
#13966 = AXIS2_PLACEMENT_3D('',#13967,#13968,#13969);
#13967 = CARTESIAN_POINT('',(4.3E-16,1.14E-15,0.));
#13968 = DIRECTION('',(0.,0.,1.));
#13969 = DIRECTION('',(1.,0.,-0.));
#13970 = ADVANCED_FACE('',(#13971,#13979),#13982,.F.);
#13971 = FACE_BOUND('',#13972,.F.);
#13972 = EDGE_LOOP('',(#13973,#13974,#13975,#13976,#13977,#13978));
#13973 = ORIENTED_EDGE('',*,*,#9579,.F.);
#13974 = ORIENTED_EDGE('',*,*,#8480,.F.);
#13975 = ORIENTED_EDGE('',*,*,#8471,.T.);
#13976 = ORIENTED_EDGE('',*,*,#8463,.T.);
#13977 = ORIENTED_EDGE('',*,*,#9628,.F.);
#13978 = ORIENTED_EDGE('',*,*,#9603,.F.);
#13979 = FACE_BOUND('',#13980,.F.);
#13980 = EDGE_LOOP('',(#13981));
#13981 = ORIENTED_EDGE('',*,*,#9655,.F.);
#13982 = PLANE('',#13983);
#13983 = AXIS2_PLACEMENT_3D('',#13984,#13985,#13986);
#13984 = CARTESIAN_POINT('',(4.3E-16,1.14E-15,0.));
#13985 = DIRECTION('',(0.,0.,1.));
#13986 = DIRECTION('',(1.,0.,-0.));
#13987 = ADVANCED_FACE('',(#13988,#13996),#13999,.F.);
#13988 = FACE_BOUND('',#13989,.F.);
#13989 = EDGE_LOOP('',(#13990,#13991,#13992,#13993,#13994,#13995));
#13990 = ORIENTED_EDGE('',*,*,#9670,.F.);
#13991 = ORIENTED_EDGE('',*,*,#8456,.F.);
#13992 = ORIENTED_EDGE('',*,*,#8447,.T.);
#13993 = ORIENTED_EDGE('',*,*,#8439,.T.);
#13994 = ORIENTED_EDGE('',*,*,#9719,.F.);
#13995 = ORIENTED_EDGE('',*,*,#9694,.F.);
#13996 = FACE_BOUND('',#13997,.F.);
#13997 = EDGE_LOOP('',(#13998));
#13998 = ORIENTED_EDGE('',*,*,#9746,.F.);
#13999 = PLANE('',#14000);
#14000 = AXIS2_PLACEMENT_3D('',#14001,#14002,#14003);
#14001 = CARTESIAN_POINT('',(4.3E-16,1.14E-15,0.));
#14002 = DIRECTION('',(0.,0.,1.));
#14003 = DIRECTION('',(1.,0.,-0.));
#14004 = ADVANCED_FACE('',(#14005,#14013),#14016,.F.);
#14005 = FACE_BOUND('',#14006,.F.);
#14006 = EDGE_LOOP('',(#14007,#14008,#14009,#14010,#14011,#14012));
#14007 = ORIENTED_EDGE('',*,*,#9761,.F.);
#14008 = ORIENTED_EDGE('',*,*,#8432,.F.);
#14009 = ORIENTED_EDGE('',*,*,#8423,.T.);
#14010 = ORIENTED_EDGE('',*,*,#8415,.T.);
#14011 = ORIENTED_EDGE('',*,*,#9810,.F.);
#14012 = ORIENTED_EDGE('',*,*,#9785,.F.);
#14013 = FACE_BOUND('',#14014,.F.);
#14014 = EDGE_LOOP('',(#14015));
#14015 = ORIENTED_EDGE('',*,*,#9837,.F.);
#14016 = PLANE('',#14017);
#14017 = AXIS2_PLACEMENT_3D('',#14018,#14019,#14020);
#14018 = CARTESIAN_POINT('',(4.3E-16,1.14E-15,0.));
#14019 = DIRECTION('',(0.,0.,1.));
#14020 = DIRECTION('',(1.,0.,-0.));
#14021 = ADVANCED_FACE('',(#14022,#14032),#14035,.F.);
#14022 = FACE_BOUND('',#14023,.F.);
#14023 = EDGE_LOOP('',(#14024,#14025,#14026,#14027,#14028,#14029,#14030,
    #14031));
#14024 = ORIENTED_EDGE('',*,*,#9852,.F.);
#14025 = ORIENTED_EDGE('',*,*,#8408,.F.);
#14026 = ORIENTED_EDGE('',*,*,#8399,.T.);
#14027 = ORIENTED_EDGE('',*,*,#8391,.F.);
#14028 = ORIENTED_EDGE('',*,*,#8382,.T.);
#14029 = ORIENTED_EDGE('',*,*,#8374,.T.);
#14030 = ORIENTED_EDGE('',*,*,#9901,.F.);
#14031 = ORIENTED_EDGE('',*,*,#9876,.F.);
#14032 = FACE_BOUND('',#14033,.F.);
#14033 = EDGE_LOOP('',(#14034));
#14034 = ORIENTED_EDGE('',*,*,#9928,.F.);
#14035 = PLANE('',#14036);
#14036 = AXIS2_PLACEMENT_3D('',#14037,#14038,#14039);
#14037 = CARTESIAN_POINT('',(4.3E-16,1.14E-15,0.));
#14038 = DIRECTION('',(0.,0.,1.));
#14039 = DIRECTION('',(1.,0.,-0.));
#14040 = ADVANCED_FACE('',(#14041,#14049),#14052,.F.);
#14041 = FACE_BOUND('',#14042,.F.);
#14042 = EDGE_LOOP('',(#14043,#14044,#14045,#14046,#14047,#14048));
#14043 = ORIENTED_EDGE('',*,*,#9943,.F.);
#14044 = ORIENTED_EDGE('',*,*,#8367,.F.);
#14045 = ORIENTED_EDGE('',*,*,#8358,.T.);
#14046 = ORIENTED_EDGE('',*,*,#8350,.T.);
#14047 = ORIENTED_EDGE('',*,*,#9992,.F.);
#14048 = ORIENTED_EDGE('',*,*,#9967,.F.);
#14049 = FACE_BOUND('',#14050,.F.);
#14050 = EDGE_LOOP('',(#14051));
#14051 = ORIENTED_EDGE('',*,*,#10019,.F.);
#14052 = PLANE('',#14053);
#14053 = AXIS2_PLACEMENT_3D('',#14054,#14055,#14056);
#14054 = CARTESIAN_POINT('',(4.3E-16,1.14E-15,0.));
#14055 = DIRECTION('',(0.,0.,1.));
#14056 = DIRECTION('',(1.,0.,-0.));
#14057 = ADVANCED_FACE('',(#14058,#14066),#14069,.F.);
#14058 = FACE_BOUND('',#14059,.F.);
#14059 = EDGE_LOOP('',(#14060,#14061,#14062,#14063,#14064,#14065));
#14060 = ORIENTED_EDGE('',*,*,#10034,.F.);
#14061 = ORIENTED_EDGE('',*,*,#8343,.F.);
#14062 = ORIENTED_EDGE('',*,*,#8334,.T.);
#14063 = ORIENTED_EDGE('',*,*,#8326,.T.);
#14064 = ORIENTED_EDGE('',*,*,#10083,.F.);
#14065 = ORIENTED_EDGE('',*,*,#10058,.F.);
#14066 = FACE_BOUND('',#14067,.F.);
#14067 = EDGE_LOOP('',(#14068));
#14068 = ORIENTED_EDGE('',*,*,#10110,.F.);
#14069 = PLANE('',#14070);
#14070 = AXIS2_PLACEMENT_3D('',#14071,#14072,#14073);
#14071 = CARTESIAN_POINT('',(4.3E-16,1.14E-15,0.));
#14072 = DIRECTION('',(0.,0.,1.));
#14073 = DIRECTION('',(1.,0.,-0.));
#14074 = ADVANCED_FACE('',(#14075,#14083),#14086,.F.);
#14075 = FACE_BOUND('',#14076,.F.);
#14076 = EDGE_LOOP('',(#14077,#14078,#14079,#14080,#14081,#14082));
#14077 = ORIENTED_EDGE('',*,*,#10125,.F.);
#14078 = ORIENTED_EDGE('',*,*,#8319,.F.);
#14079 = ORIENTED_EDGE('',*,*,#8310,.T.);
#14080 = ORIENTED_EDGE('',*,*,#8302,.T.);
#14081 = ORIENTED_EDGE('',*,*,#10174,.F.);
#14082 = ORIENTED_EDGE('',*,*,#10149,.F.);
#14083 = FACE_BOUND('',#14084,.F.);
#14084 = EDGE_LOOP('',(#14085));
#14085 = ORIENTED_EDGE('',*,*,#10201,.F.);
#14086 = PLANE('',#14087);
#14087 = AXIS2_PLACEMENT_3D('',#14088,#14089,#14090);
#14088 = CARTESIAN_POINT('',(4.3E-16,1.14E-15,0.));
#14089 = DIRECTION('',(0.,0.,1.));
#14090 = DIRECTION('',(1.,0.,-0.));
#14091 = ADVANCED_FACE('',(#14092,#14100),#14103,.F.);
#14092 = FACE_BOUND('',#14093,.F.);
#14093 = EDGE_LOOP('',(#14094,#14095,#14096,#14097,#14098,#14099));
#14094 = ORIENTED_EDGE('',*,*,#10216,.F.);
#14095 = ORIENTED_EDGE('',*,*,#8295,.F.);
#14096 = ORIENTED_EDGE('',*,*,#8286,.T.);
#14097 = ORIENTED_EDGE('',*,*,#8278,.T.);
#14098 = ORIENTED_EDGE('',*,*,#10265,.F.);
#14099 = ORIENTED_EDGE('',*,*,#10240,.F.);
#14100 = FACE_BOUND('',#14101,.F.);
#14101 = EDGE_LOOP('',(#14102));
#14102 = ORIENTED_EDGE('',*,*,#10292,.F.);
#14103 = PLANE('',#14104);
#14104 = AXIS2_PLACEMENT_3D('',#14105,#14106,#14107);
#14105 = CARTESIAN_POINT('',(4.3E-16,1.14E-15,0.));
#14106 = DIRECTION('',(0.,0.,1.));
#14107 = DIRECTION('',(1.,0.,-0.));
#14108 = ADVANCED_FACE('',(#14109,#14119),#14122,.F.);
#14109 = FACE_BOUND('',#14110,.F.);
#14110 = EDGE_LOOP('',(#14111,#14112,#14113,#14114,#14115,#14116,#14117,
    #14118));
#14111 = ORIENTED_EDGE('',*,*,#10307,.F.);
#14112 = ORIENTED_EDGE('',*,*,#8271,.F.);
#14113 = ORIENTED_EDGE('',*,*,#8262,.T.);
#14114 = ORIENTED_EDGE('',*,*,#8254,.F.);
#14115 = ORIENTED_EDGE('',*,*,#8245,.T.);
#14116 = ORIENTED_EDGE('',*,*,#8237,.T.);
#14117 = ORIENTED_EDGE('',*,*,#10356,.F.);
#14118 = ORIENTED_EDGE('',*,*,#10331,.F.);
#14119 = FACE_BOUND('',#14120,.F.);
#14120 = EDGE_LOOP('',(#14121));
#14121 = ORIENTED_EDGE('',*,*,#10383,.F.);
#14122 = PLANE('',#14123);
#14123 = AXIS2_PLACEMENT_3D('',#14124,#14125,#14126);
#14124 = CARTESIAN_POINT('',(4.3E-16,1.14E-15,0.));
#14125 = DIRECTION('',(0.,0.,1.));
#14126 = DIRECTION('',(1.,0.,-0.));
#14127 = ADVANCED_FACE('',(#14128,#14136),#14139,.F.);
#14128 = FACE_BOUND('',#14129,.F.);
#14129 = EDGE_LOOP('',(#14130,#14131,#14132,#14133,#14134,#14135));
#14130 = ORIENTED_EDGE('',*,*,#10398,.F.);
#14131 = ORIENTED_EDGE('',*,*,#8230,.F.);
#14132 = ORIENTED_EDGE('',*,*,#8221,.T.);
#14133 = ORIENTED_EDGE('',*,*,#8213,.T.);
#14134 = ORIENTED_EDGE('',*,*,#10447,.F.);
#14135 = ORIENTED_EDGE('',*,*,#10422,.F.);
#14136 = FACE_BOUND('',#14137,.F.);
#14137 = EDGE_LOOP('',(#14138));
#14138 = ORIENTED_EDGE('',*,*,#10474,.F.);
#14139 = PLANE('',#14140);
#14140 = AXIS2_PLACEMENT_3D('',#14141,#14142,#14143);
#14141 = CARTESIAN_POINT('',(4.3E-16,1.14E-15,0.));
#14142 = DIRECTION('',(0.,0.,1.));
#14143 = DIRECTION('',(1.,0.,-0.));
#14144 = ADVANCED_FACE('',(#14145,#14153),#14156,.F.);
#14145 = FACE_BOUND('',#14146,.F.);
#14146 = EDGE_LOOP('',(#14147,#14148,#14149,#14150,#14151,#14152));
#14147 = ORIENTED_EDGE('',*,*,#10489,.F.);
#14148 = ORIENTED_EDGE('',*,*,#8206,.F.);
#14149 = ORIENTED_EDGE('',*,*,#8197,.T.);
#14150 = ORIENTED_EDGE('',*,*,#8189,.T.);
#14151 = ORIENTED_EDGE('',*,*,#10538,.F.);
#14152 = ORIENTED_EDGE('',*,*,#10513,.F.);
#14153 = FACE_BOUND('',#14154,.F.);
#14154 = EDGE_LOOP('',(#14155));
#14155 = ORIENTED_EDGE('',*,*,#10565,.F.);
#14156 = PLANE('',#14157);
#14157 = AXIS2_PLACEMENT_3D('',#14158,#14159,#14160);
#14158 = CARTESIAN_POINT('',(4.3E-16,1.14E-15,0.));
#14159 = DIRECTION('',(0.,0.,1.));
#14160 = DIRECTION('',(1.,0.,-0.));
#14161 = ADVANCED_FACE('',(#14162,#14170),#14173,.F.);
#14162 = FACE_BOUND('',#14163,.F.);
#14163 = EDGE_LOOP('',(#14164,#14165,#14166,#14167,#14168,#14169));
#14164 = ORIENTED_EDGE('',*,*,#10580,.F.);
#14165 = ORIENTED_EDGE('',*,*,#8182,.F.);
#14166 = ORIENTED_EDGE('',*,*,#8173,.T.);
#14167 = ORIENTED_EDGE('',*,*,#8165,.T.);
#14168 = ORIENTED_EDGE('',*,*,#10629,.F.);
#14169 = ORIENTED_EDGE('',*,*,#10604,.F.);
#14170 = FACE_BOUND('',#14171,.F.);
#14171 = EDGE_LOOP('',(#14172));
#14172 = ORIENTED_EDGE('',*,*,#10656,.F.);
#14173 = PLANE('',#14174);
#14174 = AXIS2_PLACEMENT_3D('',#14175,#14176,#14177);
#14175 = CARTESIAN_POINT('',(4.3E-16,1.14E-15,0.));
#14176 = DIRECTION('',(0.,0.,1.));
#14177 = DIRECTION('',(1.,0.,-0.));
#14178 = ADVANCED_FACE('',(#14179,#14187),#14190,.F.);
#14179 = FACE_BOUND('',#14180,.F.);
#14180 = EDGE_LOOP('',(#14181,#14182,#14183,#14184,#14185,#14186));
#14181 = ORIENTED_EDGE('',*,*,#10671,.F.);
#14182 = ORIENTED_EDGE('',*,*,#8158,.F.);
#14183 = ORIENTED_EDGE('',*,*,#8149,.T.);
#14184 = ORIENTED_EDGE('',*,*,#8141,.T.);
#14185 = ORIENTED_EDGE('',*,*,#10720,.F.);
#14186 = ORIENTED_EDGE('',*,*,#10695,.F.);
#14187 = FACE_BOUND('',#14188,.F.);
#14188 = EDGE_LOOP('',(#14189));
#14189 = ORIENTED_EDGE('',*,*,#10747,.F.);
#14190 = PLANE('',#14191);
#14191 = AXIS2_PLACEMENT_3D('',#14192,#14193,#14194);
#14192 = CARTESIAN_POINT('',(4.3E-16,1.14E-15,0.));
#14193 = DIRECTION('',(0.,0.,1.));
#14194 = DIRECTION('',(1.,0.,-0.));
#14195 = ADVANCED_FACE('',(#14196,#14206),#14209,.F.);
#14196 = FACE_BOUND('',#14197,.F.);
#14197 = EDGE_LOOP('',(#14198,#14199,#14200,#14201,#14202,#14203,#14204,
    #14205));
#14198 = ORIENTED_EDGE('',*,*,#10762,.F.);
#14199 = ORIENTED_EDGE('',*,*,#8134,.F.);
#14200 = ORIENTED_EDGE('',*,*,#8125,.T.);
#14201 = ORIENTED_EDGE('',*,*,#8117,.F.);
#14202 = ORIENTED_EDGE('',*,*,#8108,.T.);
#14203 = ORIENTED_EDGE('',*,*,#8100,.T.);
#14204 = ORIENTED_EDGE('',*,*,#10811,.F.);
#14205 = ORIENTED_EDGE('',*,*,#10786,.F.);
#14206 = FACE_BOUND('',#14207,.F.);
#14207 = EDGE_LOOP('',(#14208));
#14208 = ORIENTED_EDGE('',*,*,#10838,.F.);
#14209 = PLANE('',#14210);
#14210 = AXIS2_PLACEMENT_3D('',#14211,#14212,#14213);
#14211 = CARTESIAN_POINT('',(4.3E-16,1.14E-15,0.));
#14212 = DIRECTION('',(0.,0.,1.));
#14213 = DIRECTION('',(1.,0.,-0.));
#14214 = ADVANCED_FACE('',(#14215,#14223),#14226,.F.);
#14215 = FACE_BOUND('',#14216,.F.);
#14216 = EDGE_LOOP('',(#14217,#14218,#14219,#14220,#14221,#14222));
#14217 = ORIENTED_EDGE('',*,*,#10853,.F.);
#14218 = ORIENTED_EDGE('',*,*,#8093,.F.);
#14219 = ORIENTED_EDGE('',*,*,#8084,.T.);
#14220 = ORIENTED_EDGE('',*,*,#8076,.T.);
#14221 = ORIENTED_EDGE('',*,*,#10902,.F.);
#14222 = ORIENTED_EDGE('',*,*,#10877,.F.);
#14223 = FACE_BOUND('',#14224,.F.);
#14224 = EDGE_LOOP('',(#14225));
#14225 = ORIENTED_EDGE('',*,*,#10929,.F.);
#14226 = PLANE('',#14227);
#14227 = AXIS2_PLACEMENT_3D('',#14228,#14229,#14230);
#14228 = CARTESIAN_POINT('',(4.3E-16,1.14E-15,0.));
#14229 = DIRECTION('',(0.,0.,1.));
#14230 = DIRECTION('',(1.,0.,-0.));
#14231 = ADVANCED_FACE('',(#14232,#14240),#14243,.F.);
#14232 = FACE_BOUND('',#14233,.F.);
#14233 = EDGE_LOOP('',(#14234,#14235,#14236,#14237,#14238,#14239));
#14234 = ORIENTED_EDGE('',*,*,#10944,.F.);
#14235 = ORIENTED_EDGE('',*,*,#8069,.F.);
#14236 = ORIENTED_EDGE('',*,*,#8060,.T.);
#14237 = ORIENTED_EDGE('',*,*,#8052,.T.);
#14238 = ORIENTED_EDGE('',*,*,#10993,.F.);
#14239 = ORIENTED_EDGE('',*,*,#10968,.F.);
#14240 = FACE_BOUND('',#14241,.F.);
#14241 = EDGE_LOOP('',(#14242));
#14242 = ORIENTED_EDGE('',*,*,#11020,.F.);
#14243 = PLANE('',#14244);
#14244 = AXIS2_PLACEMENT_3D('',#14245,#14246,#14247);
#14245 = CARTESIAN_POINT('',(4.3E-16,1.14E-15,0.));
#14246 = DIRECTION('',(0.,0.,1.));
#14247 = DIRECTION('',(1.,0.,-0.));
#14248 = ADVANCED_FACE('',(#14249,#14257),#14260,.F.);
#14249 = FACE_BOUND('',#14250,.F.);
#14250 = EDGE_LOOP('',(#14251,#14252,#14253,#14254,#14255,#14256));
#14251 = ORIENTED_EDGE('',*,*,#11531,.F.);
#14252 = ORIENTED_EDGE('',*,*,#8041,.F.);
#14253 = ORIENTED_EDGE('',*,*,#8032,.F.);
#14254 = ORIENTED_EDGE('',*,*,#8024,.T.);
#14255 = ORIENTED_EDGE('',*,*,#11580,.F.);
#14256 = ORIENTED_EDGE('',*,*,#11565,.F.);
#14257 = FACE_BOUND('',#14258,.F.);
#14258 = EDGE_LOOP('',(#14259));
#14259 = ORIENTED_EDGE('',*,*,#11597,.F.);
#14260 = PLANE('',#14261);
#14261 = AXIS2_PLACEMENT_3D('',#14262,#14263,#14264);
#14262 = CARTESIAN_POINT('',(4.3E-16,1.14E-15,0.));
#14263 = DIRECTION('',(0.,0.,1.));
#14264 = DIRECTION('',(1.,0.,-0.));
#14265 = ADVANCED_FACE('',(#14266,#14274),#14277,.F.);
#14266 = FACE_BOUND('',#14267,.F.);
#14267 = EDGE_LOOP('',(#14268,#14269,#14270,#14271,#14272,#14273));
#14268 = ORIENTED_EDGE('',*,*,#8000,.T.);
#14269 = ORIENTED_EDGE('',*,*,#11671,.F.);
#14270 = ORIENTED_EDGE('',*,*,#11656,.F.);
#14271 = ORIENTED_EDGE('',*,*,#11622,.F.);
#14272 = ORIENTED_EDGE('',*,*,#8017,.F.);
#14273 = ORIENTED_EDGE('',*,*,#8008,.F.);
#14274 = FACE_BOUND('',#14275,.F.);
#14275 = EDGE_LOOP('',(#14276));
#14276 = ORIENTED_EDGE('',*,*,#11688,.F.);
#14277 = PLANE('',#14278);
#14278 = AXIS2_PLACEMENT_3D('',#14279,#14280,#14281);
#14279 = CARTESIAN_POINT('',(4.3E-16,1.14E-15,0.));
#14280 = DIRECTION('',(0.,0.,1.));
#14281 = DIRECTION('',(1.,0.,-0.));
#14282 = ADVANCED_FACE('',(#14283,#14293),#14296,.F.);
#14283 = FACE_BOUND('',#14284,.F.);
#14284 = EDGE_LOOP('',(#14285,#14286,#14287,#14288,#14289,#14290,#14291,
    #14292));
#14285 = ORIENTED_EDGE('',*,*,#7959,.T.);
#14286 = ORIENTED_EDGE('',*,*,#11762,.F.);
#14287 = ORIENTED_EDGE('',*,*,#11747,.F.);
#14288 = ORIENTED_EDGE('',*,*,#11713,.F.);
#14289 = ORIENTED_EDGE('',*,*,#7993,.F.);
#14290 = ORIENTED_EDGE('',*,*,#7984,.F.);
#14291 = ORIENTED_EDGE('',*,*,#7976,.T.);
#14292 = ORIENTED_EDGE('',*,*,#7967,.F.);
#14293 = FACE_BOUND('',#14294,.F.);
#14294 = EDGE_LOOP('',(#14295));
#14295 = ORIENTED_EDGE('',*,*,#11779,.F.);
#14296 = PLANE('',#14297);
#14297 = AXIS2_PLACEMENT_3D('',#14298,#14299,#14300);
#14298 = CARTESIAN_POINT('',(4.3E-16,1.14E-15,0.));
#14299 = DIRECTION('',(0.,0.,1.));
#14300 = DIRECTION('',(1.,0.,-0.));
#14301 = ADVANCED_FACE('',(#14302,#14310),#14313,.F.);
#14302 = FACE_BOUND('',#14303,.F.);
#14303 = EDGE_LOOP('',(#14304,#14305,#14306,#14307,#14308,#14309));
#14304 = ORIENTED_EDGE('',*,*,#7935,.T.);
#14305 = ORIENTED_EDGE('',*,*,#11853,.F.);
#14306 = ORIENTED_EDGE('',*,*,#11838,.F.);
#14307 = ORIENTED_EDGE('',*,*,#11804,.F.);
#14308 = ORIENTED_EDGE('',*,*,#7952,.F.);
#14309 = ORIENTED_EDGE('',*,*,#7943,.F.);
#14310 = FACE_BOUND('',#14311,.F.);
#14311 = EDGE_LOOP('',(#14312));
#14312 = ORIENTED_EDGE('',*,*,#11870,.F.);
#14313 = PLANE('',#14314);
#14314 = AXIS2_PLACEMENT_3D('',#14315,#14316,#14317);
#14315 = CARTESIAN_POINT('',(4.3E-16,1.14E-15,0.));
#14316 = DIRECTION('',(0.,0.,1.));
#14317 = DIRECTION('',(1.,0.,-0.));
#14318 = ADVANCED_FACE('',(#14319,#14327),#14330,.F.);
#14319 = FACE_BOUND('',#14320,.F.);
#14320 = EDGE_LOOP('',(#14321,#14322,#14323,#14324,#14325,#14326));
#14321 = ORIENTED_EDGE('',*,*,#7911,.T.);
#14322 = ORIENTED_EDGE('',*,*,#11944,.F.);
#14323 = ORIENTED_EDGE('',*,*,#11929,.F.);
#14324 = ORIENTED_EDGE('',*,*,#11895,.F.);
#14325 = ORIENTED_EDGE('',*,*,#7928,.F.);
#14326 = ORIENTED_EDGE('',*,*,#7919,.F.);
#14327 = FACE_BOUND('',#14328,.F.);
#14328 = EDGE_LOOP('',(#14329));
#14329 = ORIENTED_EDGE('',*,*,#11961,.F.);
#14330 = PLANE('',#14331);
#14331 = AXIS2_PLACEMENT_3D('',#14332,#14333,#14334);
#14332 = CARTESIAN_POINT('',(4.3E-16,1.14E-15,0.));
#14333 = DIRECTION('',(0.,0.,1.));
#14334 = DIRECTION('',(1.,0.,-0.));
#14335 = ADVANCED_FACE('',(#14336,#14344),#14347,.F.);
#14336 = FACE_BOUND('',#14337,.F.);
#14337 = EDGE_LOOP('',(#14338,#14339,#14340,#14341,#14342,#14343));
#14338 = ORIENTED_EDGE('',*,*,#7887,.T.);
#14339 = ORIENTED_EDGE('',*,*,#12035,.F.);
#14340 = ORIENTED_EDGE('',*,*,#12020,.F.);
#14341 = ORIENTED_EDGE('',*,*,#11986,.F.);
#14342 = ORIENTED_EDGE('',*,*,#7904,.F.);
#14343 = ORIENTED_EDGE('',*,*,#7895,.F.);
#14344 = FACE_BOUND('',#14345,.F.);
#14345 = EDGE_LOOP('',(#14346));
#14346 = ORIENTED_EDGE('',*,*,#12052,.F.);
#14347 = PLANE('',#14348);
#14348 = AXIS2_PLACEMENT_3D('',#14349,#14350,#14351);
#14349 = CARTESIAN_POINT('',(4.3E-16,1.14E-15,0.));
#14350 = DIRECTION('',(0.,0.,1.));
#14351 = DIRECTION('',(1.,0.,-0.));
#14352 = ADVANCED_FACE('',(#14353,#14361),#14364,.F.);
#14353 = FACE_BOUND('',#14354,.F.);
#14354 = EDGE_LOOP('',(#14355,#14356,#14357,#14358,#14359,#14360));
#14355 = ORIENTED_EDGE('',*,*,#7863,.T.);
#14356 = ORIENTED_EDGE('',*,*,#12126,.F.);
#14357 = ORIENTED_EDGE('',*,*,#12111,.F.);
#14358 = ORIENTED_EDGE('',*,*,#12077,.F.);
#14359 = ORIENTED_EDGE('',*,*,#7880,.F.);
#14360 = ORIENTED_EDGE('',*,*,#7871,.F.);
#14361 = FACE_BOUND('',#14362,.F.);
#14362 = EDGE_LOOP('',(#14363));
#14363 = ORIENTED_EDGE('',*,*,#12143,.F.);
#14364 = PLANE('',#14365);
#14365 = AXIS2_PLACEMENT_3D('',#14366,#14367,#14368);
#14366 = CARTESIAN_POINT('',(4.3E-16,1.14E-15,0.));
#14367 = DIRECTION('',(0.,0.,1.));
#14368 = DIRECTION('',(1.,0.,-0.));
#14369 = ADVANCED_FACE('',(#14370,#14380),#14383,.F.);
#14370 = FACE_BOUND('',#14371,.F.);
#14371 = EDGE_LOOP('',(#14372,#14373,#14374,#14375,#14376,#14377,#14378,
    #14379));
#14372 = ORIENTED_EDGE('',*,*,#7822,.T.);
#14373 = ORIENTED_EDGE('',*,*,#12217,.F.);
#14374 = ORIENTED_EDGE('',*,*,#12202,.F.);
#14375 = ORIENTED_EDGE('',*,*,#12168,.F.);
#14376 = ORIENTED_EDGE('',*,*,#7856,.F.);
#14377 = ORIENTED_EDGE('',*,*,#7847,.F.);
#14378 = ORIENTED_EDGE('',*,*,#7839,.T.);
#14379 = ORIENTED_EDGE('',*,*,#7830,.F.);
#14380 = FACE_BOUND('',#14381,.F.);
#14381 = EDGE_LOOP('',(#14382));
#14382 = ORIENTED_EDGE('',*,*,#12234,.F.);
#14383 = PLANE('',#14384);
#14384 = AXIS2_PLACEMENT_3D('',#14385,#14386,#14387);
#14385 = CARTESIAN_POINT('',(4.3E-16,1.14E-15,0.));
#14386 = DIRECTION('',(0.,0.,1.));
#14387 = DIRECTION('',(1.,0.,-0.));
#14388 = ADVANCED_FACE('',(#14389,#14397),#14400,.F.);
#14389 = FACE_BOUND('',#14390,.F.);
#14390 = EDGE_LOOP('',(#14391,#14392,#14393,#14394,#14395,#14396));
#14391 = ORIENTED_EDGE('',*,*,#7798,.T.);
#14392 = ORIENTED_EDGE('',*,*,#12308,.F.);
#14393 = ORIENTED_EDGE('',*,*,#12293,.F.);
#14394 = ORIENTED_EDGE('',*,*,#12259,.F.);
#14395 = ORIENTED_EDGE('',*,*,#7815,.F.);
#14396 = ORIENTED_EDGE('',*,*,#7806,.F.);
#14397 = FACE_BOUND('',#14398,.F.);
#14398 = EDGE_LOOP('',(#14399));
#14399 = ORIENTED_EDGE('',*,*,#12325,.F.);
#14400 = PLANE('',#14401);
#14401 = AXIS2_PLACEMENT_3D('',#14402,#14403,#14404);
#14402 = CARTESIAN_POINT('',(4.3E-16,1.14E-15,0.));
#14403 = DIRECTION('',(0.,0.,1.));
#14404 = DIRECTION('',(1.,0.,-0.));
#14405 = ADVANCED_FACE('',(#14406,#14414),#14417,.F.);
#14406 = FACE_BOUND('',#14407,.F.);
#14407 = EDGE_LOOP('',(#14408,#14409,#14410,#14411,#14412,#14413));
#14408 = ORIENTED_EDGE('',*,*,#7774,.T.);
#14409 = ORIENTED_EDGE('',*,*,#12399,.F.);
#14410 = ORIENTED_EDGE('',*,*,#12384,.F.);
#14411 = ORIENTED_EDGE('',*,*,#12350,.F.);
#14412 = ORIENTED_EDGE('',*,*,#7791,.F.);
#14413 = ORIENTED_EDGE('',*,*,#7782,.F.);
#14414 = FACE_BOUND('',#14415,.F.);
#14415 = EDGE_LOOP('',(#14416));
#14416 = ORIENTED_EDGE('',*,*,#12416,.F.);
#14417 = PLANE('',#14418);
#14418 = AXIS2_PLACEMENT_3D('',#14419,#14420,#14421);
#14419 = CARTESIAN_POINT('',(4.3E-16,1.14E-15,0.));
#14420 = DIRECTION('',(0.,0.,1.));
#14421 = DIRECTION('',(1.,0.,-0.));
#14422 = ADVANCED_FACE('',(#14423,#14431),#14434,.F.);
#14423 = FACE_BOUND('',#14424,.F.);
#14424 = EDGE_LOOP('',(#14425,#14426,#14427,#14428,#14429,#14430));
#14425 = ORIENTED_EDGE('',*,*,#7750,.T.);
#14426 = ORIENTED_EDGE('',*,*,#12490,.F.);
#14427 = ORIENTED_EDGE('',*,*,#12475,.F.);
#14428 = ORIENTED_EDGE('',*,*,#12441,.F.);
#14429 = ORIENTED_EDGE('',*,*,#7767,.F.);
#14430 = ORIENTED_EDGE('',*,*,#7758,.F.);
#14431 = FACE_BOUND('',#14432,.F.);
#14432 = EDGE_LOOP('',(#14433));
#14433 = ORIENTED_EDGE('',*,*,#12507,.F.);
#14434 = PLANE('',#14435);
#14435 = AXIS2_PLACEMENT_3D('',#14436,#14437,#14438);
#14436 = CARTESIAN_POINT('',(4.3E-16,1.14E-15,0.));
#14437 = DIRECTION('',(0.,0.,1.));
#14438 = DIRECTION('',(1.,0.,-0.));
#14439 = ADVANCED_FACE('',(#14440,#14448),#14451,.F.);
#14440 = FACE_BOUND('',#14441,.F.);
#14441 = EDGE_LOOP('',(#14442,#14443,#14444,#14445,#14446,#14447));
#14442 = ORIENTED_EDGE('',*,*,#7726,.T.);
#14443 = ORIENTED_EDGE('',*,*,#12581,.F.);
#14444 = ORIENTED_EDGE('',*,*,#12566,.F.);
#14445 = ORIENTED_EDGE('',*,*,#12532,.F.);
#14446 = ORIENTED_EDGE('',*,*,#7743,.F.);
#14447 = ORIENTED_EDGE('',*,*,#7734,.F.);
#14448 = FACE_BOUND('',#14449,.F.);
#14449 = EDGE_LOOP('',(#14450));
#14450 = ORIENTED_EDGE('',*,*,#12598,.F.);
#14451 = PLANE('',#14452);
#14452 = AXIS2_PLACEMENT_3D('',#14453,#14454,#14455);
#14453 = CARTESIAN_POINT('',(4.3E-16,1.14E-15,0.));
#14454 = DIRECTION('',(0.,0.,1.));
#14455 = DIRECTION('',(1.,0.,-0.));
#14456 = ADVANCED_FACE('',(#14457,#14467),#14470,.F.);
#14457 = FACE_BOUND('',#14458,.F.);
#14458 = EDGE_LOOP('',(#14459,#14460,#14461,#14462,#14463,#14464,#14465,
    #14466));
#14459 = ORIENTED_EDGE('',*,*,#7685,.T.);
#14460 = ORIENTED_EDGE('',*,*,#12672,.F.);
#14461 = ORIENTED_EDGE('',*,*,#12657,.F.);
#14462 = ORIENTED_EDGE('',*,*,#12623,.F.);
#14463 = ORIENTED_EDGE('',*,*,#7719,.F.);
#14464 = ORIENTED_EDGE('',*,*,#7710,.F.);
#14465 = ORIENTED_EDGE('',*,*,#7702,.T.);
#14466 = ORIENTED_EDGE('',*,*,#7693,.F.);
#14467 = FACE_BOUND('',#14468,.F.);
#14468 = EDGE_LOOP('',(#14469));
#14469 = ORIENTED_EDGE('',*,*,#12689,.F.);
#14470 = PLANE('',#14471);
#14471 = AXIS2_PLACEMENT_3D('',#14472,#14473,#14474);
#14472 = CARTESIAN_POINT('',(4.3E-16,1.14E-15,0.));
#14473 = DIRECTION('',(0.,0.,1.));
#14474 = DIRECTION('',(1.,0.,-0.));
#14475 = ADVANCED_FACE('',(#14476,#14484),#14487,.F.);
#14476 = FACE_BOUND('',#14477,.F.);
#14477 = EDGE_LOOP('',(#14478,#14479,#14480,#14481,#14482,#14483));
#14478 = ORIENTED_EDGE('',*,*,#7661,.T.);
#14479 = ORIENTED_EDGE('',*,*,#12763,.F.);
#14480 = ORIENTED_EDGE('',*,*,#12748,.F.);
#14481 = ORIENTED_EDGE('',*,*,#12714,.F.);
#14482 = ORIENTED_EDGE('',*,*,#7678,.F.);
#14483 = ORIENTED_EDGE('',*,*,#7669,.F.);
#14484 = FACE_BOUND('',#14485,.F.);
#14485 = EDGE_LOOP('',(#14486));
#14486 = ORIENTED_EDGE('',*,*,#12780,.F.);
#14487 = PLANE('',#14488);
#14488 = AXIS2_PLACEMENT_3D('',#14489,#14490,#14491);
#14489 = CARTESIAN_POINT('',(4.3E-16,1.14E-15,0.));
#14490 = DIRECTION('',(0.,0.,1.));
#14491 = DIRECTION('',(1.,0.,-0.));
#14492 = ADVANCED_FACE('',(#14493,#14501),#14504,.F.);
#14493 = FACE_BOUND('',#14494,.F.);
#14494 = EDGE_LOOP('',(#14495,#14496,#14497,#14498,#14499,#14500));
#14495 = ORIENTED_EDGE('',*,*,#7637,.T.);
#14496 = ORIENTED_EDGE('',*,*,#12854,.F.);
#14497 = ORIENTED_EDGE('',*,*,#12839,.F.);
#14498 = ORIENTED_EDGE('',*,*,#12805,.F.);
#14499 = ORIENTED_EDGE('',*,*,#7654,.F.);
#14500 = ORIENTED_EDGE('',*,*,#7645,.F.);
#14501 = FACE_BOUND('',#14502,.F.);
#14502 = EDGE_LOOP('',(#14503));
#14503 = ORIENTED_EDGE('',*,*,#12871,.F.);
#14504 = PLANE('',#14505);
#14505 = AXIS2_PLACEMENT_3D('',#14506,#14507,#14508);
#14506 = CARTESIAN_POINT('',(4.3E-16,1.14E-15,0.));
#14507 = DIRECTION('',(0.,0.,1.));
#14508 = DIRECTION('',(1.,0.,-0.));
#14509 = ADVANCED_FACE('',(#14510,#14518),#14521,.F.);
#14510 = FACE_BOUND('',#14511,.F.);
#14511 = EDGE_LOOP('',(#14512,#14513,#14514,#14515,#14516,#14517));
#14512 = ORIENTED_EDGE('',*,*,#7613,.T.);
#14513 = ORIENTED_EDGE('',*,*,#12945,.F.);
#14514 = ORIENTED_EDGE('',*,*,#12930,.F.);
#14515 = ORIENTED_EDGE('',*,*,#12896,.F.);
#14516 = ORIENTED_EDGE('',*,*,#7630,.F.);
#14517 = ORIENTED_EDGE('',*,*,#7621,.F.);
#14518 = FACE_BOUND('',#14519,.F.);
#14519 = EDGE_LOOP('',(#14520));
#14520 = ORIENTED_EDGE('',*,*,#12962,.F.);
#14521 = PLANE('',#14522);
#14522 = AXIS2_PLACEMENT_3D('',#14523,#14524,#14525);
#14523 = CARTESIAN_POINT('',(4.3E-16,1.14E-15,0.));
#14524 = DIRECTION('',(0.,0.,1.));
#14525 = DIRECTION('',(1.,0.,-0.));
#14526 = ADVANCED_FACE('',(#14527,#14535),#14538,.F.);
#14527 = FACE_BOUND('',#14528,.F.);
#14528 = EDGE_LOOP('',(#14529,#14530,#14531,#14532,#14533,#14534));
#14529 = ORIENTED_EDGE('',*,*,#7589,.T.);
#14530 = ORIENTED_EDGE('',*,*,#13036,.F.);
#14531 = ORIENTED_EDGE('',*,*,#13021,.F.);
#14532 = ORIENTED_EDGE('',*,*,#12987,.F.);
#14533 = ORIENTED_EDGE('',*,*,#7606,.F.);
#14534 = ORIENTED_EDGE('',*,*,#7597,.F.);
#14535 = FACE_BOUND('',#14536,.F.);
#14536 = EDGE_LOOP('',(#14537));
#14537 = ORIENTED_EDGE('',*,*,#13053,.F.);
#14538 = PLANE('',#14539);
#14539 = AXIS2_PLACEMENT_3D('',#14540,#14541,#14542);
#14540 = CARTESIAN_POINT('',(4.3E-16,1.14E-15,0.));
#14541 = DIRECTION('',(0.,0.,1.));
#14542 = DIRECTION('',(1.,0.,-0.));
#14543 = ADVANCED_FACE('',(#14544,#14554),#14557,.F.);
#14544 = FACE_BOUND('',#14545,.F.);
#14545 = EDGE_LOOP('',(#14546,#14547,#14548,#14549,#14550,#14551,#14552,
    #14553));
#14546 = ORIENTED_EDGE('',*,*,#7548,.T.);
#14547 = ORIENTED_EDGE('',*,*,#13127,.F.);
#14548 = ORIENTED_EDGE('',*,*,#13112,.F.);
#14549 = ORIENTED_EDGE('',*,*,#13078,.F.);
#14550 = ORIENTED_EDGE('',*,*,#7582,.F.);
#14551 = ORIENTED_EDGE('',*,*,#7573,.F.);
#14552 = ORIENTED_EDGE('',*,*,#7565,.T.);
#14553 = ORIENTED_EDGE('',*,*,#7556,.F.);
#14554 = FACE_BOUND('',#14555,.F.);
#14555 = EDGE_LOOP('',(#14556));
#14556 = ORIENTED_EDGE('',*,*,#13144,.F.);
#14557 = PLANE('',#14558);
#14558 = AXIS2_PLACEMENT_3D('',#14559,#14560,#14561);
#14559 = CARTESIAN_POINT('',(4.3E-16,1.14E-15,0.));
#14560 = DIRECTION('',(0.,0.,1.));
#14561 = DIRECTION('',(1.,0.,-0.));
#14562 = ADVANCED_FACE('',(#14563,#14571),#14574,.F.);
#14563 = FACE_BOUND('',#14564,.F.);
#14564 = EDGE_LOOP('',(#14565,#14566,#14567,#14568,#14569,#14570));
#14565 = ORIENTED_EDGE('',*,*,#7524,.T.);
#14566 = ORIENTED_EDGE('',*,*,#13218,.F.);
#14567 = ORIENTED_EDGE('',*,*,#13203,.F.);
#14568 = ORIENTED_EDGE('',*,*,#13169,.F.);
#14569 = ORIENTED_EDGE('',*,*,#7541,.F.);
#14570 = ORIENTED_EDGE('',*,*,#7532,.F.);
#14571 = FACE_BOUND('',#14572,.F.);
#14572 = EDGE_LOOP('',(#14573));
#14573 = ORIENTED_EDGE('',*,*,#13235,.F.);
#14574 = PLANE('',#14575);
#14575 = AXIS2_PLACEMENT_3D('',#14576,#14577,#14578);
#14576 = CARTESIAN_POINT('',(4.3E-16,1.14E-15,0.));
#14577 = DIRECTION('',(0.,0.,1.));
#14578 = DIRECTION('',(1.,0.,-0.));
#14579 = ADVANCED_FACE('',(#14580,#14588),#14591,.F.);
#14580 = FACE_BOUND('',#14581,.F.);
#14581 = EDGE_LOOP('',(#14582,#14583,#14584,#14585,#14586,#14587));
#14582 = ORIENTED_EDGE('',*,*,#7500,.T.);
#14583 = ORIENTED_EDGE('',*,*,#13309,.F.);
#14584 = ORIENTED_EDGE('',*,*,#13294,.F.);
#14585 = ORIENTED_EDGE('',*,*,#13260,.F.);
#14586 = ORIENTED_EDGE('',*,*,#7517,.F.);
#14587 = ORIENTED_EDGE('',*,*,#7508,.F.);
#14588 = FACE_BOUND('',#14589,.F.);
#14589 = EDGE_LOOP('',(#14590));
#14590 = ORIENTED_EDGE('',*,*,#13326,.F.);
#14591 = PLANE('',#14592);
#14592 = AXIS2_PLACEMENT_3D('',#14593,#14594,#14595);
#14593 = CARTESIAN_POINT('',(4.3E-16,1.14E-15,0.));
#14594 = DIRECTION('',(0.,0.,1.));
#14595 = DIRECTION('',(1.,0.,-0.));
#14596 = ADVANCED_FACE('',(#14597,#14605),#14608,.F.);
#14597 = FACE_BOUND('',#14598,.F.);
#14598 = EDGE_LOOP('',(#14599,#14600,#14601,#14602,#14603,#14604));
#14599 = ORIENTED_EDGE('',*,*,#7474,.T.);
#14600 = ORIENTED_EDGE('',*,*,#13400,.F.);
#14601 = ORIENTED_EDGE('',*,*,#13376,.F.);
#14602 = ORIENTED_EDGE('',*,*,#13351,.F.);
#14603 = ORIENTED_EDGE('',*,*,#7491,.F.);
#14604 = ORIENTED_EDGE('',*,*,#7482,.F.);
#14605 = FACE_BOUND('',#14606,.F.);
#14606 = EDGE_LOOP('',(#14607));
#14607 = ORIENTED_EDGE('',*,*,#13427,.F.);
#14608 = PLANE('',#14609);
#14609 = AXIS2_PLACEMENT_3D('',#14610,#14611,#14612);
#14610 = CARTESIAN_POINT('',(4.3E-16,1.14E-15,0.));
#14611 = DIRECTION('',(0.,0.,1.));
#14612 = DIRECTION('',(1.,0.,-0.));
#14613 = ADVANCED_FACE('',(#14614,#14624),#14627,.F.);
#14614 = FACE_BOUND('',#14615,.F.);
#14615 = EDGE_LOOP('',(#14616,#14617,#14618,#14619,#14620,#14621,#14622,
    #14623));
#14616 = ORIENTED_EDGE('',*,*,#7433,.T.);
#14617 = ORIENTED_EDGE('',*,*,#13491,.F.);
#14618 = ORIENTED_EDGE('',*,*,#13467,.F.);
#14619 = ORIENTED_EDGE('',*,*,#13442,.F.);
#14620 = ORIENTED_EDGE('',*,*,#7467,.F.);
#14621 = ORIENTED_EDGE('',*,*,#7458,.T.);
#14622 = ORIENTED_EDGE('',*,*,#7450,.F.);
#14623 = ORIENTED_EDGE('',*,*,#7441,.T.);
#14624 = FACE_BOUND('',#14625,.F.);
#14625 = EDGE_LOOP('',(#14626));
#14626 = ORIENTED_EDGE('',*,*,#13518,.F.);
#14627 = PLANE('',#14628);
#14628 = AXIS2_PLACEMENT_3D('',#14629,#14630,#14631);
#14629 = CARTESIAN_POINT('',(4.3E-16,1.14E-15,0.));
#14630 = DIRECTION('',(0.,0.,1.));
#14631 = DIRECTION('',(1.,0.,-0.));
#14632 = ADVANCED_FACE('',(#14633,#14641),#14644,.F.);
#14633 = FACE_BOUND('',#14634,.F.);
#14634 = EDGE_LOOP('',(#14635,#14636,#14637,#14638,#14639,#14640));
#14635 = ORIENTED_EDGE('',*,*,#7409,.T.);
#14636 = ORIENTED_EDGE('',*,*,#13582,.F.);
#14637 = ORIENTED_EDGE('',*,*,#13558,.F.);
#14638 = ORIENTED_EDGE('',*,*,#13533,.F.);
#14639 = ORIENTED_EDGE('',*,*,#7426,.F.);
#14640 = ORIENTED_EDGE('',*,*,#7417,.T.);
#14641 = FACE_BOUND('',#14642,.F.);
#14642 = EDGE_LOOP('',(#14643));
#14643 = ORIENTED_EDGE('',*,*,#13609,.F.);
#14644 = PLANE('',#14645);
#14645 = AXIS2_PLACEMENT_3D('',#14646,#14647,#14648);
#14646 = CARTESIAN_POINT('',(4.3E-16,1.14E-15,0.));
#14647 = DIRECTION('',(0.,0.,1.));
#14648 = DIRECTION('',(1.,0.,-0.));
#14649 = ADVANCED_FACE('',(#14650,#14653),#14656,.F.);
#14650 = FACE_BOUND('',#14651,.F.);
#14651 = EDGE_LOOP('',(#14652));
#14652 = ORIENTED_EDGE('',*,*,#8601,.T.);
#14653 = FACE_BOUND('',#14654,.F.);
#14654 = EDGE_LOOP('',(#14655));
#14655 = ORIENTED_EDGE('',*,*,#13632,.F.);
#14656 = PLANE('',#14657);
#14657 = AXIS2_PLACEMENT_3D('',#14658,#14659,#14660);
#14658 = CARTESIAN_POINT('',(4.3E-16,1.14E-15,0.));
#14659 = DIRECTION('',(0.,0.,1.));
#14660 = DIRECTION('',(1.,0.,-0.));
#14661 = ADVANCED_FACE('',(#14662,#14665),#14668,.F.);
#14662 = FACE_BOUND('',#14663,.F.);
#14663 = EDGE_LOOP('',(#14664));
#14664 = ORIENTED_EDGE('',*,*,#8612,.T.);
#14665 = FACE_BOUND('',#14666,.F.);
#14666 = EDGE_LOOP('',(#14667));
#14667 = ORIENTED_EDGE('',*,*,#13682,.F.);
#14668 = PLANE('',#14669);
#14669 = AXIS2_PLACEMENT_3D('',#14670,#14671,#14672);
#14670 = CARTESIAN_POINT('',(4.3E-16,1.14E-15,0.));
#14671 = DIRECTION('',(0.,0.,1.));
#14672 = DIRECTION('',(1.,0.,-0.));
#14673 = ADVANCED_FACE('',(#14674),#14684,.F.);
#14674 = FACE_BOUND('',#14675,.T.);
#14675 = EDGE_LOOP('',(#14676,#14677,#14678,#14679,#14680,#14681,#14682,
    #14683));
#14676 = ORIENTED_EDGE('',*,*,#8634,.T.);
#14677 = ORIENTED_EDGE('',*,*,#8642,.F.);
#14678 = ORIENTED_EDGE('',*,*,#8651,.T.);
#14679 = ORIENTED_EDGE('',*,*,#8659,.F.);
#14680 = ORIENTED_EDGE('',*,*,#8668,.T.);
#14681 = ORIENTED_EDGE('',*,*,#8676,.F.);
#14682 = ORIENTED_EDGE('',*,*,#8685,.T.);
#14683 = ORIENTED_EDGE('',*,*,#8623,.F.);
#14684 = PLANE('',#14685);
#14685 = AXIS2_PLACEMENT_3D('',#14686,#14687,#14688);
#14686 = CARTESIAN_POINT('',(-2.5,12.5,1.E-15));
#14687 = DIRECTION('',(0.,0.,1.));
#14688 = DIRECTION('',(1.,0.,-0.));
#14689 = ADVANCED_FACE('',(#14690,#14693),#14696,.F.);
#14690 = FACE_BOUND('',#14691,.F.);
#14691 = EDGE_LOOP('',(#14692));
#14692 = ORIENTED_EDGE('',*,*,#8693,.T.);
#14693 = FACE_BOUND('',#14694,.F.);
#14694 = EDGE_LOOP('',(#14695));
#14695 = ORIENTED_EDGE('',*,*,#13719,.F.);
#14696 = PLANE('',#14697);
#14697 = AXIS2_PLACEMENT_3D('',#14698,#14699,#14700);
#14698 = CARTESIAN_POINT('',(4.3E-16,1.14E-15,0.));
#14699 = DIRECTION('',(0.,0.,1.));
#14700 = DIRECTION('',(1.,0.,-0.));
#14701 = ADVANCED_FACE('',(#14702),#14712,.F.);
#14702 = FACE_BOUND('',#14703,.T.);
#14703 = EDGE_LOOP('',(#14704,#14705,#14706,#14707,#14708,#14709,#14710,
    #14711));
#14704 = ORIENTED_EDGE('',*,*,#8715,.T.);
#14705 = ORIENTED_EDGE('',*,*,#8723,.F.);
#14706 = ORIENTED_EDGE('',*,*,#8732,.T.);
#14707 = ORIENTED_EDGE('',*,*,#8740,.F.);
#14708 = ORIENTED_EDGE('',*,*,#8749,.T.);
#14709 = ORIENTED_EDGE('',*,*,#8757,.F.);
#14710 = ORIENTED_EDGE('',*,*,#8766,.T.);
#14711 = ORIENTED_EDGE('',*,*,#8704,.F.);
#14712 = PLANE('',#14713);
#14713 = AXIS2_PLACEMENT_3D('',#14714,#14715,#14716);
#14714 = CARTESIAN_POINT('',(-2.5,15.,0.));
#14715 = DIRECTION('',(0.,0.,1.));
#14716 = DIRECTION('',(1.,0.,-0.));
#14717 = ADVANCED_FACE('',(#14718),#14728,.F.);
#14718 = FACE_BOUND('',#14719,.T.);
#14719 = EDGE_LOOP('',(#14720,#14721,#14722,#14723,#14724,#14725,#14726,
    #14727));
#14720 = ORIENTED_EDGE('',*,*,#8785,.T.);
#14721 = ORIENTED_EDGE('',*,*,#8793,.F.);
#14722 = ORIENTED_EDGE('',*,*,#8802,.T.);
#14723 = ORIENTED_EDGE('',*,*,#8810,.F.);
#14724 = ORIENTED_EDGE('',*,*,#8819,.T.);
#14725 = ORIENTED_EDGE('',*,*,#8827,.F.);
#14726 = ORIENTED_EDGE('',*,*,#8836,.T.);
#14727 = ORIENTED_EDGE('',*,*,#8774,.F.);
#14728 = PLANE('',#14729);
#14729 = AXIS2_PLACEMENT_3D('',#14730,#14731,#14732);
#14730 = CARTESIAN_POINT('',(-2.5,17.5,0.));
#14731 = DIRECTION('',(0.,0.,1.));
#14732 = DIRECTION('',(1.,0.,-0.));
#14733 = ADVANCED_FACE('',(#14734),#14740,.F.);
#14734 = FACE_BOUND('',#14735,.F.);
#14735 = EDGE_LOOP('',(#14736,#14737,#14738,#14739));
#14736 = ORIENTED_EDGE('',*,*,#8844,.T.);
#14737 = ORIENTED_EDGE('',*,*,#8872,.T.);
#14738 = ORIENTED_EDGE('',*,*,#8863,.T.);
#14739 = ORIENTED_EDGE('',*,*,#8855,.T.);
#14740 = PLANE('',#14741);
#14741 = AXIS2_PLACEMENT_3D('',#14742,#14743,#14744);
#14742 = CARTESIAN_POINT('',(-2.588005780347,22.616358381503,0.));
#14743 = DIRECTION('',(0.,0.,1.));
#14744 = DIRECTION('',(1.,0.,-0.));
#14745 = ADVANCED_FACE('',(#14746),#14752,.F.);
#14746 = FACE_BOUND('',#14747,.F.);
#14747 = EDGE_LOOP('',(#14748,#14749,#14750,#14751));
#14748 = ORIENTED_EDGE('',*,*,#8899,.T.);
#14749 = ORIENTED_EDGE('',*,*,#8891,.T.);
#14750 = ORIENTED_EDGE('',*,*,#8880,.T.);
#14751 = ORIENTED_EDGE('',*,*,#8908,.T.);
#14752 = PLANE('',#14753);
#14753 = AXIS2_PLACEMENT_3D('',#14754,#14755,#14756);
#14754 = CARTESIAN_POINT('',(-2.588005780347,22.616358381503,0.));
#14755 = DIRECTION('',(0.,0.,1.));
#14756 = DIRECTION('',(1.,0.,-0.));
#14757 = ADVANCED_FACE('',(#14758),#14768,.F.);
#14758 = FACE_BOUND('',#14759,.T.);
#14759 = EDGE_LOOP('',(#14760,#14761,#14762,#14763,#14764,#14765,#14766,
    #14767));
#14760 = ORIENTED_EDGE('',*,*,#8944,.T.);
#14761 = ORIENTED_EDGE('',*,*,#8952,.F.);
#14762 = ORIENTED_EDGE('',*,*,#8961,.T.);
#14763 = ORIENTED_EDGE('',*,*,#8969,.F.);
#14764 = ORIENTED_EDGE('',*,*,#8978,.T.);
#14765 = ORIENTED_EDGE('',*,*,#8916,.F.);
#14766 = ORIENTED_EDGE('',*,*,#8927,.T.);
#14767 = ORIENTED_EDGE('',*,*,#8935,.F.);
#14768 = PLANE('',#14769);
#14769 = AXIS2_PLACEMENT_3D('',#14770,#14771,#14772);
#14770 = CARTESIAN_POINT('',(-1.,24.3,0.));
#14771 = DIRECTION('',(0.,0.,1.));
#14772 = DIRECTION('',(1.,0.,-0.));
#14773 = ADVANCED_FACE('',(#14774),#14784,.F.);
#14774 = FACE_BOUND('',#14775,.T.);
#14775 = EDGE_LOOP('',(#14776,#14777,#14778,#14779,#14780,#14781,#14782,
    #14783));
#14776 = ORIENTED_EDGE('',*,*,#8997,.T.);
#14777 = ORIENTED_EDGE('',*,*,#9005,.F.);
#14778 = ORIENTED_EDGE('',*,*,#9014,.T.);
#14779 = ORIENTED_EDGE('',*,*,#9022,.F.);
#14780 = ORIENTED_EDGE('',*,*,#9031,.T.);
#14781 = ORIENTED_EDGE('',*,*,#9039,.F.);
#14782 = ORIENTED_EDGE('',*,*,#9048,.T.);
#14783 = ORIENTED_EDGE('',*,*,#8986,.F.);
#14784 = PLANE('',#14785);
#14785 = AXIS2_PLACEMENT_3D('',#14786,#14787,#14788);
#14786 = CARTESIAN_POINT('',(0.,21.,0.));
#14787 = DIRECTION('',(0.,0.,1.));
#14788 = DIRECTION('',(1.,0.,-0.));
#14789 = ADVANCED_FACE('',(#14790),#14800,.F.);
#14790 = FACE_BOUND('',#14791,.F.);
#14791 = EDGE_LOOP('',(#14792,#14793,#14794,#14795,#14796,#14797,#14798,
    #14799));
#14792 = ORIENTED_EDGE('',*,*,#9056,.T.);
#14793 = ORIENTED_EDGE('',*,*,#9117,.F.);
#14794 = ORIENTED_EDGE('',*,*,#9109,.T.);
#14795 = ORIENTED_EDGE('',*,*,#9100,.F.);
#14796 = ORIENTED_EDGE('',*,*,#9092,.T.);
#14797 = ORIENTED_EDGE('',*,*,#9083,.F.);
#14798 = ORIENTED_EDGE('',*,*,#9075,.T.);
#14799 = ORIENTED_EDGE('',*,*,#9066,.F.);
#14800 = PLANE('',#14801);
#14801 = AXIS2_PLACEMENT_3D('',#14802,#14803,#14804);
#14802 = CARTESIAN_POINT('',(1.,24.3,2.2E-16));
#14803 = DIRECTION('',(-2.2E-16,0.,1.));
#14804 = DIRECTION('',(1.,-2.2E-16,2.2E-16));
#14805 = ADVANCED_FACE('',(#14806),#14812,.F.);
#14806 = FACE_BOUND('',#14807,.T.);
#14807 = EDGE_LOOP('',(#14808,#14809,#14810,#14811));
#14808 = ORIENTED_EDGE('',*,*,#9136,.T.);
#14809 = ORIENTED_EDGE('',*,*,#9145,.T.);
#14810 = ORIENTED_EDGE('',*,*,#9153,.T.);
#14811 = ORIENTED_EDGE('',*,*,#9126,.T.);
#14812 = PLANE('',#14813);
#14813 = AXIS2_PLACEMENT_3D('',#14814,#14815,#14816);
#14814 = CARTESIAN_POINT('',(2.588005780347,22.616358381503,5.7E-16));
#14815 = DIRECTION('',(-2.2E-16,0.,1.));
#14816 = DIRECTION('',(1.,-2.2E-16,2.2E-16));
#14817 = ADVANCED_FACE('',(#14818),#14824,.F.);
#14818 = FACE_BOUND('',#14819,.T.);
#14819 = EDGE_LOOP('',(#14820,#14821,#14822,#14823));
#14820 = ORIENTED_EDGE('',*,*,#9189,.T.);
#14821 = ORIENTED_EDGE('',*,*,#9162,.T.);
#14822 = ORIENTED_EDGE('',*,*,#9172,.T.);
#14823 = ORIENTED_EDGE('',*,*,#9181,.T.);
#14824 = PLANE('',#14825);
#14825 = AXIS2_PLACEMENT_3D('',#14826,#14827,#14828);
#14826 = CARTESIAN_POINT('',(2.588005780347,22.616358381503,5.7E-16));
#14827 = DIRECTION('',(-2.2E-16,0.,1.));
#14828 = DIRECTION('',(1.,-2.2E-16,2.2E-16));
#14829 = ADVANCED_FACE('',(#14830,#14833),#14836,.F.);
#14830 = FACE_BOUND('',#14831,.F.);
#14831 = EDGE_LOOP('',(#14832));
#14832 = ORIENTED_EDGE('',*,*,#9198,.T.);
#14833 = FACE_BOUND('',#14834,.F.);
#14834 = EDGE_LOOP('',(#14835));
#14835 = ORIENTED_EDGE('',*,*,#13887,.F.);
#14836 = PLANE('',#14837);
#14837 = AXIS2_PLACEMENT_3D('',#14838,#14839,#14840);
#14838 = CARTESIAN_POINT('',(4.3E-16,1.14E-15,0.));
#14839 = DIRECTION('',(0.,0.,1.));
#14840 = DIRECTION('',(1.,0.,-0.));
#14841 = ADVANCED_FACE('',(#14842),#14885,.T.);
#14842 = FACE_BOUND('',#14843,.T.);
#14843 = EDGE_LOOP('',(#14844,#14854,#14863,#14869,#14870,#14878));
#14844 = ORIENTED_EDGE('',*,*,#14845,.F.);
#14845 = EDGE_CURVE('',#14846,#14848,#14850,.T.);
#14846 = VERTEX_POINT('',#14847);
#14847 = CARTESIAN_POINT('',(2.375,26.634168760482,0.75));
#14848 = VERTEX_POINT('',#14849);
#14849 = CARTESIAN_POINT('',(-2.375,26.634168760482,0.75));
#14850 = LINE('',#14851,#14852);
#14851 = CARTESIAN_POINT('',(2.575,26.634168760482,0.75));
#14852 = VECTOR('',#14853,1.);
#14853 = DIRECTION('',(-1.,1.1E-16,-4.4E-16));
#14854 = ORIENTED_EDGE('',*,*,#14855,.F.);
#14855 = EDGE_CURVE('',#14856,#14846,#14858,.T.);
#14856 = VERTEX_POINT('',#14857);
#14857 = CARTESIAN_POINT('',(2.575,26.467502093816,0.860554159679));
#14858 = CIRCLE('',#14859,0.2);
#14859 = AXIS2_PLACEMENT_3D('',#14860,#14861,#14862);
#14860 = CARTESIAN_POINT('',(2.375,26.467502093816,0.860554159679));
#14861 = DIRECTION('',(-3.7E-16,0.552770798393,0.833333333333));
#14862 = DIRECTION('',(4.930380657631E-32,-0.833333333333,0.552770798393
    ));
#14863 = ORIENTED_EDGE('',*,*,#14864,.F.);
#14864 = EDGE_CURVE('',#11036,#14856,#14865,.T.);
#14865 = LINE('',#14866,#14867);
#14866 = CARTESIAN_POINT('',(2.575,26.257279579762,1.));
#14867 = VECTOR('',#14868,1.);
#14868 = DIRECTION('',(0.,0.833333333332,-0.552770798395));
#14869 = ORIENTED_EDGE('',*,*,#11035,.T.);
#14870 = ORIENTED_EDGE('',*,*,#14871,.T.);
#14871 = EDGE_CURVE('',#11038,#14872,#14874,.T.);
#14872 = VERTEX_POINT('',#14873);
#14873 = CARTESIAN_POINT('',(-2.575,26.467502093816,0.860554159679));
#14874 = LINE('',#14875,#14876);
#14875 = CARTESIAN_POINT('',(-2.575,26.257279579762,1.));
#14876 = VECTOR('',#14877,1.);
#14877 = DIRECTION('',(0.,0.833333333332,-0.552770798395));
#14878 = ORIENTED_EDGE('',*,*,#14879,.T.);
#14879 = EDGE_CURVE('',#14872,#14848,#14880,.T.);
#14880 = CIRCLE('',#14881,0.2);
#14881 = AXIS2_PLACEMENT_3D('',#14882,#14883,#14884);
#14882 = CARTESIAN_POINT('',(-2.375,26.467502093816,0.860554159679));
#14883 = DIRECTION('',(3.7E-16,-0.552770798393,-0.833333333333));
#14884 = DIRECTION('',(4.930380657631E-32,-0.833333333333,0.552770798393
    ));
#14885 = PLANE('',#14886);
#14886 = AXIS2_PLACEMENT_3D('',#14887,#14888,#14889);
#14887 = CARTESIAN_POINT('',(2.575,26.257279579762,1.));
#14888 = DIRECTION('',(3.099999999999E-16,-0.552770798395,
    -0.833333333332));
#14889 = DIRECTION('',(2.499999999999E-16,0.833333333332,-0.552770798395
    ));
#14890 = ADVANCED_FACE('',(#14891),#14927,.F.);
#14891 = FACE_BOUND('',#14892,.F.);
#14892 = EDGE_LOOP('',(#14893,#14894,#14902,#14910,#14919,#14925,#14926)
  );
#14893 = ORIENTED_EDGE('',*,*,#14871,.T.);
#14894 = ORIENTED_EDGE('',*,*,#14895,.T.);
#14895 = EDGE_CURVE('',#14872,#14896,#14898,.T.);
#14896 = VERTEX_POINT('',#14897);
#14897 = CARTESIAN_POINT('',(-2.575,26.633333333332,1.110554159676));
#14898 = LINE('',#14899,#14900);
#14899 = CARTESIAN_POINT('',(-2.575,26.467502093816,0.860554159679));
#14900 = VECTOR('',#14901,1.);
#14901 = DIRECTION('',(-3.7E-16,0.552770798393,0.833333333333));
#14902 = ORIENTED_EDGE('',*,*,#14903,.F.);
#14903 = EDGE_CURVE('',#14904,#14896,#14906,.T.);
#14904 = VERTEX_POINT('',#14905);
#14905 = CARTESIAN_POINT('',(-2.575,26.423110819263,1.250000000002));
#14906 = LINE('',#14907,#14908);
#14907 = CARTESIAN_POINT('',(-2.575,26.423110819263,1.250000000002));
#14908 = VECTOR('',#14909,1.);
#14909 = DIRECTION('',(0.,0.833333333341,-0.55277079838));
#14910 = ORIENTED_EDGE('',*,*,#14911,.F.);
#14911 = EDGE_CURVE('',#14912,#14904,#14914,.T.);
#14912 = VERTEX_POINT('',#14913);
#14913 = CARTESIAN_POINT('',(-2.575,26.257279579748,1.3));
#14914 = CIRCLE('',#14915,0.3);
#14915 = AXIS2_PLACEMENT_3D('',#14916,#14917,#14918);
#14916 = CARTESIAN_POINT('',(-2.575,26.257279579748,1.));
#14917 = DIRECTION('',(-1.,0.,0.));
#14918 = DIRECTION('',(0.,1.,0.));
#14919 = ORIENTED_EDGE('',*,*,#14920,.F.);
#14920 = EDGE_CURVE('',#11154,#14912,#14921,.T.);
#14921 = LINE('',#14922,#14923);
#14922 = CARTESIAN_POINT('',(-2.575,26.2,1.3));
#14923 = VECTOR('',#14924,1.);
#14924 = DIRECTION('',(0.,1.,0.));
#14925 = ORIENTED_EDGE('',*,*,#11161,.T.);
#14926 = ORIENTED_EDGE('',*,*,#11070,.T.);
#14927 = PLANE('',#14928);
#14928 = AXIS2_PLACEMENT_3D('',#14929,#14930,#14931);
#14929 = CARTESIAN_POINT('',(-2.575,26.467842718664,1.041346107238));
#14930 = DIRECTION('',(1.,0.,4.4E-16));
#14931 = DIRECTION('',(-4.4E-16,0.,1.));
#14932 = ADVANCED_FACE('',(#14933),#14969,.T.);
#14933 = FACE_BOUND('',#14934,.T.);
#14934 = EDGE_LOOP('',(#14935,#14936,#14944,#14952,#14961,#14967,#14968)
  );
#14935 = ORIENTED_EDGE('',*,*,#14864,.T.);
#14936 = ORIENTED_EDGE('',*,*,#14937,.T.);
#14937 = EDGE_CURVE('',#14856,#14938,#14940,.T.);
#14938 = VERTEX_POINT('',#14939);
#14939 = CARTESIAN_POINT('',(2.575,26.633333333332,1.110554159676));
#14940 = LINE('',#14941,#14942);
#14941 = CARTESIAN_POINT('',(2.575,26.467502093816,0.860554159679));
#14942 = VECTOR('',#14943,1.);
#14943 = DIRECTION('',(-3.7E-16,0.552770798393,0.833333333333));
#14944 = ORIENTED_EDGE('',*,*,#14945,.F.);
#14945 = EDGE_CURVE('',#14946,#14938,#14948,.T.);
#14946 = VERTEX_POINT('',#14947);
#14947 = CARTESIAN_POINT('',(2.575,26.423110819263,1.250000000002));
#14948 = LINE('',#14949,#14950);
#14949 = CARTESIAN_POINT('',(2.575,26.423110819263,1.250000000002));
#14950 = VECTOR('',#14951,1.);
#14951 = DIRECTION('',(0.,0.833333333341,-0.55277079838));
#14952 = ORIENTED_EDGE('',*,*,#14953,.F.);
#14953 = EDGE_CURVE('',#14954,#14946,#14956,.T.);
#14954 = VERTEX_POINT('',#14955);
#14955 = CARTESIAN_POINT('',(2.575,26.257279579748,1.3));
#14956 = CIRCLE('',#14957,0.3);
#14957 = AXIS2_PLACEMENT_3D('',#14958,#14959,#14960);
#14958 = CARTESIAN_POINT('',(2.575,26.257279579748,1.));
#14959 = DIRECTION('',(-1.,0.,0.));
#14960 = DIRECTION('',(0.,1.,0.));
#14961 = ORIENTED_EDGE('',*,*,#14962,.F.);
#14962 = EDGE_CURVE('',#11464,#14954,#14963,.T.);
#14963 = LINE('',#14964,#14965);
#14964 = CARTESIAN_POINT('',(2.575,26.2,1.3));
#14965 = VECTOR('',#14966,1.);
#14966 = DIRECTION('',(0.,1.,0.));
#14967 = ORIENTED_EDGE('',*,*,#11463,.T.);
#14968 = ORIENTED_EDGE('',*,*,#11045,.T.);
#14969 = PLANE('',#14970);
#14970 = AXIS2_PLACEMENT_3D('',#14971,#14972,#14973);
#14971 = CARTESIAN_POINT('',(2.575,26.467842718664,1.041346107238));
#14972 = DIRECTION('',(1.,0.,4.4E-16));
#14973 = DIRECTION('',(-4.4E-16,0.,1.));
#14974 = ADVANCED_FACE('',(#14975),#15009,.T.);
#14975 = FACE_BOUND('',#14976,.T.);
#14976 = EDGE_LOOP('',(#14977,#14983,#14984,#14985,#14993,#15001,#15007,
    #15008));
#14977 = ORIENTED_EDGE('',*,*,#14978,.T.);
#14978 = EDGE_CURVE('',#14954,#14912,#14979,.T.);
#14979 = LINE('',#14980,#14981);
#14980 = CARTESIAN_POINT('',(2.575,26.257279579748,1.3));
#14981 = VECTOR('',#14982,1.);
#14982 = DIRECTION('',(-1.,1.1E-16,-4.4E-16));
#14983 = ORIENTED_EDGE('',*,*,#14920,.F.);
#14984 = ORIENTED_EDGE('',*,*,#11153,.F.);
#14985 = ORIENTED_EDGE('',*,*,#14986,.T.);
#14986 = EDGE_CURVE('',#11145,#14987,#14989,.T.);
#14987 = VERTEX_POINT('',#14988);
#14988 = CARTESIAN_POINT('',(-2.660723304703,21.5,1.3));
#14989 = LINE('',#14990,#14991);
#14990 = CARTESIAN_POINT('',(-2.660723304703,26.2,1.3));
#14991 = VECTOR('',#14992,1.);
#14992 = DIRECTION('',(0.,-1.,0.));
#14993 = ORIENTED_EDGE('',*,*,#14994,.F.);
#14994 = EDGE_CURVE('',#14995,#14987,#14997,.T.);
#14995 = VERTEX_POINT('',#14996);
#14996 = CARTESIAN_POINT('',(2.660723304703,21.5,1.3));
#14997 = LINE('',#14998,#14999);
#14998 = CARTESIAN_POINT('',(-1.418382034356,21.5,1.3));
#14999 = VECTOR('',#15000,1.);
#15000 = DIRECTION('',(-1.,0.,0.));
#15001 = ORIENTED_EDGE('',*,*,#15002,.F.);
#15002 = EDGE_CURVE('',#11472,#14995,#15003,.T.);
#15003 = LINE('',#15004,#15005);
#15004 = CARTESIAN_POINT('',(2.660723304703,26.2,1.3));
#15005 = VECTOR('',#15006,1.);
#15006 = DIRECTION('',(0.,-1.,0.));
#15007 = ORIENTED_EDGE('',*,*,#11471,.F.);
#15008 = ORIENTED_EDGE('',*,*,#14962,.T.);
#15009 = PLANE('',#15010);
#15010 = AXIS2_PLACEMENT_3D('',#15011,#15012,#15013);
#15011 = CARTESIAN_POINT('',(8.E-17,23.878152605802,1.3));
#15012 = DIRECTION('',(-1.1E-16,-1.E-16,1.));
#15013 = DIRECTION('',(1.,0.,1.1E-16));
#15014 = ADVANCED_FACE('',(#15015),#15034,.F.);
#15015 = FACE_BOUND('',#15016,.F.);
#15016 = EDGE_LOOP('',(#15017,#15018,#15027,#15033));
#15017 = ORIENTED_EDGE('',*,*,#14986,.T.);
#15018 = ORIENTED_EDGE('',*,*,#15019,.F.);
#15019 = EDGE_CURVE('',#15020,#14987,#15022,.T.);
#15020 = VERTEX_POINT('',#15021);
#15021 = CARTESIAN_POINT('',(-2.749111652352,21.5,1.336611652352));
#15022 = CIRCLE('',#15023,0.125);
#15023 = AXIS2_PLACEMENT_3D('',#15024,#15025,#15026);
#15024 = CARTESIAN_POINT('',(-2.660723304703,21.5,1.425));
#15025 = DIRECTION('',(0.,-1.,-2.2E-16));
#15026 = DIRECTION('',(0.,2.2E-16,-1.));
#15027 = ORIENTED_EDGE('',*,*,#15028,.F.);
#15028 = EDGE_CURVE('',#11137,#15020,#15029,.T.);
#15029 = LINE('',#15030,#15031);
#15030 = CARTESIAN_POINT('',(-2.749111652352,26.2,1.336611652352));
#15031 = VECTOR('',#15032,1.);
#15032 = DIRECTION('',(0.,-1.,0.));
#15033 = ORIENTED_EDGE('',*,*,#11144,.F.);
#15034 = CYLINDRICAL_SURFACE('',#15035,0.125);
#15035 = AXIS2_PLACEMENT_3D('',#15036,#15037,#15038);
#15036 = CARTESIAN_POINT('',(-2.660723304703,26.2,1.425));
#15037 = DIRECTION('',(0.,-1.,0.));
#15038 = DIRECTION('',(0.,0.,-1.));
#15039 = ADVANCED_FACE('',(#15040),#15058,.F.);
#15040 = FACE_BOUND('',#15041,.F.);
#15041 = EDGE_LOOP('',(#15042,#15043,#15044,#15052));
#15042 = ORIENTED_EDGE('',*,*,#11136,.F.);
#15043 = ORIENTED_EDGE('',*,*,#15028,.T.);
#15044 = ORIENTED_EDGE('',*,*,#15045,.F.);
#15045 = EDGE_CURVE('',#15046,#15020,#15048,.T.);
#15046 = VERTEX_POINT('',#15047);
#15047 = CARTESIAN_POINT('',(-3.413388347648,21.5,2.000888347648));
#15048 = LINE('',#15049,#15050);
#15049 = CARTESIAN_POINT('',(-2.243678566711,21.5,0.831178566711));
#15050 = VECTOR('',#15051,1.);
#15051 = DIRECTION('',(0.707106781187,1.599999999999E-16,-0.707106781187
    ));
#15052 = ORIENTED_EDGE('',*,*,#15053,.F.);
#15053 = EDGE_CURVE('',#11128,#15046,#15054,.T.);
#15054 = LINE('',#15055,#15056);
#15055 = CARTESIAN_POINT('',(-3.413388347648,26.2,2.000888347648));
#15056 = VECTOR('',#15057,1.);
#15057 = DIRECTION('',(0.,-1.,0.));
#15058 = PLANE('',#15059);
#15059 = AXIS2_PLACEMENT_3D('',#15060,#15061,#15062);
#15060 = CARTESIAN_POINT('',(-2.624632034356,26.2,1.212132034356));
#15061 = DIRECTION('',(-0.707106781187,-0.,-0.707106781187));
#15062 = DIRECTION('',(-0.707106781187,0.,0.707106781187));
#15063 = ADVANCED_FACE('',(#15064),#15083,.F.);
#15064 = FACE_BOUND('',#15065,.F.);
#15065 = EDGE_LOOP('',(#15066,#15067,#15068,#15077));
#15066 = ORIENTED_EDGE('',*,*,#11127,.T.);
#15067 = ORIENTED_EDGE('',*,*,#15053,.T.);
#15068 = ORIENTED_EDGE('',*,*,#15069,.F.);
#15069 = EDGE_CURVE('',#15070,#15046,#15072,.T.);
#15070 = VERTEX_POINT('',#15071);
#15071 = CARTESIAN_POINT('',(-3.45,21.5,2.089276695297));
#15072 = CIRCLE('',#15073,0.125);
#15073 = AXIS2_PLACEMENT_3D('',#15074,#15075,#15076);
#15074 = CARTESIAN_POINT('',(-3.325,21.5,2.089276695297));
#15075 = DIRECTION('',(-0.,-1.,-2.2E-16));
#15076 = DIRECTION('',(-1.,0.,0.));
#15077 = ORIENTED_EDGE('',*,*,#15078,.F.);
#15078 = EDGE_CURVE('',#11120,#15070,#15079,.T.);
#15079 = LINE('',#15080,#15081);
#15080 = CARTESIAN_POINT('',(-3.45,26.2,2.089276695297));
#15081 = VECTOR('',#15082,1.);
#15082 = DIRECTION('',(0.,-1.,0.));
#15083 = CYLINDRICAL_SURFACE('',#15084,0.125);
#15084 = AXIS2_PLACEMENT_3D('',#15085,#15086,#15087);
#15085 = CARTESIAN_POINT('',(-3.325,26.2,2.089276695297));
#15086 = DIRECTION('',(0.,-1.,0.));
#15087 = DIRECTION('',(-1.,0.,0.));
#15088 = ADVANCED_FACE('',(#15089),#15139,.T.);
#15089 = FACE_BOUND('',#15090,.T.);
#15090 = EDGE_LOOP('',(#15091,#15092,#15100,#15108,#15116,#15124,#15132,
    #15138));
#15091 = ORIENTED_EDGE('',*,*,#11119,.T.);
#15092 = ORIENTED_EDGE('',*,*,#15093,.T.);
#15093 = EDGE_CURVE('',#11112,#15094,#15096,.T.);
#15094 = VERTEX_POINT('',#15095);
#15095 = CARTESIAN_POINT('',(-3.45,26.257279579748,2.107138347648));
#15096 = LINE('',#15097,#15098);
#15097 = CARTESIAN_POINT('',(-3.45,26.2,2.107138347648));
#15098 = VECTOR('',#15099,1.);
#15099 = DIRECTION('',(0.,1.,0.));
#15100 = ORIENTED_EDGE('',*,*,#15101,.T.);
#15101 = EDGE_CURVE('',#15094,#15102,#15104,.T.);
#15102 = VERTEX_POINT('',#15103);
#15103 = CARTESIAN_POINT('',(-3.45,26.257279579748,3.007138347648));
#15104 = LINE('',#15105,#15106);
#15105 = CARTESIAN_POINT('',(-3.45,26.257279579748,2.107138347648));
#15106 = VECTOR('',#15107,1.);
#15107 = DIRECTION('',(0.,0.,1.));
#15108 = ORIENTED_EDGE('',*,*,#15109,.F.);
#15109 = EDGE_CURVE('',#15110,#15102,#15112,.T.);
#15110 = VERTEX_POINT('',#15111);
#15111 = CARTESIAN_POINT('',(-3.45,26.2,3.007138347648));
#15112 = LINE('',#15113,#15114);
#15113 = CARTESIAN_POINT('',(-3.45,26.2,3.007138347648));
#15114 = VECTOR('',#15115,1.);
#15115 = DIRECTION('',(0.,1.,0.));
#15116 = ORIENTED_EDGE('',*,*,#15117,.T.);
#15117 = EDGE_CURVE('',#15110,#15118,#15120,.T.);
#15118 = VERTEX_POINT('',#15119);
#15119 = CARTESIAN_POINT('',(-3.45,26.2,3.025));
#15120 = LINE('',#15121,#15122);
#15121 = CARTESIAN_POINT('',(-3.45,26.2,1.913235931288));
#15122 = VECTOR('',#15123,1.);
#15123 = DIRECTION('',(0.,0.,1.));
#15124 = ORIENTED_EDGE('',*,*,#15125,.T.);
#15125 = EDGE_CURVE('',#15118,#15126,#15128,.T.);
#15126 = VERTEX_POINT('',#15127);
#15127 = CARTESIAN_POINT('',(-3.45,21.5,3.025));
#15128 = LINE('',#15129,#15130);
#15129 = CARTESIAN_POINT('',(-3.45,26.2,3.025));
#15130 = VECTOR('',#15131,1.);
#15131 = DIRECTION('',(0.,-1.,0.));
#15132 = ORIENTED_EDGE('',*,*,#15133,.T.);
#15133 = EDGE_CURVE('',#15126,#15070,#15134,.T.);
#15134 = LINE('',#15135,#15136);
#15135 = CARTESIAN_POINT('',(-3.45,21.5,2.113093064709));
#15136 = VECTOR('',#15137,1.);
#15137 = DIRECTION('',(0.,2.2E-16,-1.));
#15138 = ORIENTED_EDGE('',*,*,#15078,.F.);
#15139 = PLANE('',#15140);
#15140 = AXIS2_PLACEMENT_3D('',#15141,#15142,#15143);
#15141 = CARTESIAN_POINT('',(-3.45,23.878460076643,2.557138347648));
#15142 = DIRECTION('',(1.,0.,0.));
#15143 = DIRECTION('',(0.,0.,1.));
#15144 = ADVANCED_FACE('',(#15145),#15181,.F.);
#15145 = FACE_BOUND('',#15146,.F.);
#15146 = EDGE_LOOP('',(#15147,#15155,#15156,#15157,#15158,#15167,#15175)
  );
#15147 = ORIENTED_EDGE('',*,*,#15148,.F.);
#15148 = EDGE_CURVE('',#11286,#15149,#15151,.T.);
#15149 = VERTEX_POINT('',#15150);
#15150 = CARTESIAN_POINT('',(-3.889445840321,26.467502093816,
    2.107138347648));
#15151 = LINE('',#15152,#15153);
#15152 = CARTESIAN_POINT('',(-3.75,26.257279579762,2.107138347648));
#15153 = VECTOR('',#15154,1.);
#15154 = DIRECTION('',(-0.552770798395,0.833333333332,0.));
#15155 = ORIENTED_EDGE('',*,*,#11293,.F.);
#15156 = ORIENTED_EDGE('',*,*,#11111,.F.);
#15157 = ORIENTED_EDGE('',*,*,#15093,.T.);
#15158 = ORIENTED_EDGE('',*,*,#15159,.T.);
#15159 = EDGE_CURVE('',#15094,#15160,#15162,.T.);
#15160 = VERTEX_POINT('',#15161);
#15161 = CARTESIAN_POINT('',(-3.499999999998,26.423110819263,
    2.107138347648));
#15162 = CIRCLE('',#15163,0.3);
#15163 = AXIS2_PLACEMENT_3D('',#15164,#15165,#15166);
#15164 = CARTESIAN_POINT('',(-3.75,26.257279579748,2.107138347648));
#15165 = DIRECTION('',(0.,-0.,1.));
#15166 = DIRECTION('',(0.,1.,0.));
#15167 = ORIENTED_EDGE('',*,*,#15168,.T.);
#15168 = EDGE_CURVE('',#15160,#15169,#15171,.T.);
#15169 = VERTEX_POINT('',#15170);
#15170 = CARTESIAN_POINT('',(-3.639445840324,26.633333333332,
    2.107138347648));
#15171 = LINE('',#15172,#15173);
#15172 = CARTESIAN_POINT('',(-3.499999999998,26.423110819263,
    2.107138347648));
#15173 = VECTOR('',#15174,1.);
#15174 = DIRECTION('',(-0.55277079838,0.833333333341,0.));
#15175 = ORIENTED_EDGE('',*,*,#15176,.F.);
#15176 = EDGE_CURVE('',#15149,#15169,#15177,.T.);
#15177 = LINE('',#15178,#15179);
#15178 = CARTESIAN_POINT('',(-3.889445840321,26.467502093816,
    2.107138347648));
#15179 = VECTOR('',#15180,1.);
#15180 = DIRECTION('',(0.833333333333,0.552770798393,0.));
#15181 = PLANE('',#15182);
#15182 = AXIS2_PLACEMENT_3D('',#15183,#15184,#15185);
#15183 = CARTESIAN_POINT('',(-3.708653892762,26.467842718664,
    2.107138347648));
#15184 = DIRECTION('',(0.,0.,1.));
#15185 = DIRECTION('',(1.,0.,-0.));
#15186 = ADVANCED_FACE('',(#15187),#15222,.T.);
#15187 = FACE_BOUND('',#15188,.T.);
#15188 = EDGE_LOOP('',(#15189,#15195,#15196,#15197,#15198,#15206,#15214,
    #15221));
#15189 = ORIENTED_EDGE('',*,*,#15190,.T.);
#15190 = EDGE_CURVE('',#15110,#11270,#15191,.T.);
#15191 = LINE('',#15192,#15193);
#15192 = CARTESIAN_POINT('',(-3.45,26.2,3.007138347648));
#15193 = VECTOR('',#15194,1.);
#15194 = DIRECTION('',(-1.,0.,0.));
#15195 = ORIENTED_EDGE('',*,*,#11269,.T.);
#15196 = ORIENTED_EDGE('',*,*,#11363,.F.);
#15197 = ORIENTED_EDGE('',*,*,#11413,.T.);
#15198 = ORIENTED_EDGE('',*,*,#15199,.F.);
#15199 = EDGE_CURVE('',#15200,#11414,#15202,.T.);
#15200 = VERTEX_POINT('',#15201);
#15201 = CARTESIAN_POINT('',(-3.2,26.2,3.15));
#15202 = LINE('',#15203,#15204);
#15203 = CARTESIAN_POINT('',(-3.2,26.2,3.15));
#15204 = VECTOR('',#15205,1.);
#15205 = DIRECTION('',(0.,0.,1.));
#15206 = ORIENTED_EDGE('',*,*,#15207,.F.);
#15207 = EDGE_CURVE('',#15208,#15200,#15210,.T.);
#15208 = VERTEX_POINT('',#15209);
#15209 = CARTESIAN_POINT('',(-3.325,26.2,3.15));
#15210 = LINE('',#15211,#15212);
#15211 = CARTESIAN_POINT('',(-3.75,26.2,3.15));
#15212 = VECTOR('',#15213,1.);
#15213 = DIRECTION('',(1.,0.,0.));
#15214 = ORIENTED_EDGE('',*,*,#15215,.T.);
#15215 = EDGE_CURVE('',#15208,#15118,#15216,.T.);
#15216 = CIRCLE('',#15217,0.125);
#15217 = AXIS2_PLACEMENT_3D('',#15218,#15219,#15220);
#15218 = CARTESIAN_POINT('',(-3.325,26.2,3.025));
#15219 = DIRECTION('',(0.,-1.,0.));
#15220 = DIRECTION('',(1.2E-16,0.,-1.));
#15221 = ORIENTED_EDGE('',*,*,#15117,.F.);
#15222 = PLANE('',#15223);
#15223 = AXIS2_PLACEMENT_3D('',#15224,#15225,#15226);
#15224 = CARTESIAN_POINT('',(0.,26.2,2.312950198131));
#15225 = DIRECTION('',(0.,1.,2.2E-16));
#15226 = DIRECTION('',(0.,-2.2E-16,1.));
#15227 = ADVANCED_FACE('',(#15228),#15264,.T.);
#15228 = FACE_BOUND('',#15229,.T.);
#15229 = EDGE_LOOP('',(#15230,#15238,#15239,#15240,#15241,#15250,#15258)
  );
#15230 = ORIENTED_EDGE('',*,*,#15231,.F.);
#15231 = EDGE_CURVE('',#11278,#15232,#15234,.T.);
#15232 = VERTEX_POINT('',#15233);
#15233 = CARTESIAN_POINT('',(-3.889445840321,26.467502093816,
    3.007138347648));
#15234 = LINE('',#15235,#15236);
#15235 = CARTESIAN_POINT('',(-3.75,26.257279579762,3.007138347648));
#15236 = VECTOR('',#15237,1.);
#15237 = DIRECTION('',(-0.552770798395,0.833333333332,0.));
#15238 = ORIENTED_EDGE('',*,*,#11277,.F.);
#15239 = ORIENTED_EDGE('',*,*,#15190,.F.);
#15240 = ORIENTED_EDGE('',*,*,#15109,.T.);
#15241 = ORIENTED_EDGE('',*,*,#15242,.T.);
#15242 = EDGE_CURVE('',#15102,#15243,#15245,.T.);
#15243 = VERTEX_POINT('',#15244);
#15244 = CARTESIAN_POINT('',(-3.499999999998,26.423110819263,
    3.007138347648));
#15245 = CIRCLE('',#15246,0.3);
#15246 = AXIS2_PLACEMENT_3D('',#15247,#15248,#15249);
#15247 = CARTESIAN_POINT('',(-3.75,26.257279579748,3.007138347648));
#15248 = DIRECTION('',(0.,-0.,1.));
#15249 = DIRECTION('',(0.,1.,0.));
#15250 = ORIENTED_EDGE('',*,*,#15251,.T.);
#15251 = EDGE_CURVE('',#15243,#15252,#15254,.T.);
#15252 = VERTEX_POINT('',#15253);
#15253 = CARTESIAN_POINT('',(-3.639445840324,26.633333333332,
    3.007138347648));
#15254 = LINE('',#15255,#15256);
#15255 = CARTESIAN_POINT('',(-3.499999999998,26.423110819263,
    3.007138347648));
#15256 = VECTOR('',#15257,1.);
#15257 = DIRECTION('',(-0.55277079838,0.833333333341,0.));
#15258 = ORIENTED_EDGE('',*,*,#15259,.F.);
#15259 = EDGE_CURVE('',#15232,#15252,#15260,.T.);
#15260 = LINE('',#15261,#15262);
#15261 = CARTESIAN_POINT('',(-3.889445840321,26.467502093816,
    3.007138347648));
#15262 = VECTOR('',#15263,1.);
#15263 = DIRECTION('',(0.833333333333,0.552770798393,0.));
#15264 = PLANE('',#15265);
#15265 = AXIS2_PLACEMENT_3D('',#15266,#15267,#15268);
#15266 = CARTESIAN_POINT('',(-3.708653892762,26.467842718664,
    3.007138347648));
#15267 = DIRECTION('',(0.,0.,1.));
#15268 = DIRECTION('',(1.,0.,-0.));
#15269 = ADVANCED_FACE('',(#15270),#15299,.T.);
#15270 = FACE_BOUND('',#15271,.T.);
#15271 = EDGE_LOOP('',(#15272,#15282,#15289,#15290,#15291,#15292));
#15272 = ORIENTED_EDGE('',*,*,#15273,.F.);
#15273 = EDGE_CURVE('',#15274,#15276,#15278,.T.);
#15274 = VERTEX_POINT('',#15275);
#15275 = CARTESIAN_POINT('',(-4.,26.634168760482,2.307138347648));
#15276 = VERTEX_POINT('',#15277);
#15277 = CARTESIAN_POINT('',(-4.,26.634168760482,2.807138347648));
#15278 = LINE('',#15279,#15280);
#15279 = CARTESIAN_POINT('',(-4.,26.634168760482,2.107138347648));
#15280 = VECTOR('',#15281,1.);
#15281 = DIRECTION('',(0.,0.,1.));
#15282 = ORIENTED_EDGE('',*,*,#15283,.F.);
#15283 = EDGE_CURVE('',#15149,#15274,#15284,.T.);
#15284 = CIRCLE('',#15285,0.2);
#15285 = AXIS2_PLACEMENT_3D('',#15286,#15287,#15288);
#15286 = CARTESIAN_POINT('',(-3.889445840321,26.467502093816,
    2.307138347648));
#15287 = DIRECTION('',(0.833333333333,0.552770798393,-0.));
#15288 = DIRECTION('',(-0.552770798393,0.833333333333,0.));
#15289 = ORIENTED_EDGE('',*,*,#15148,.F.);
#15290 = ORIENTED_EDGE('',*,*,#11285,.T.);
#15291 = ORIENTED_EDGE('',*,*,#15231,.T.);
#15292 = ORIENTED_EDGE('',*,*,#15293,.F.);
#15293 = EDGE_CURVE('',#15276,#15232,#15294,.T.);
#15294 = CIRCLE('',#15295,0.2);
#15295 = AXIS2_PLACEMENT_3D('',#15296,#15297,#15298);
#15296 = CARTESIAN_POINT('',(-3.889445840321,26.467502093816,
    2.807138347648));
#15297 = DIRECTION('',(0.833333333333,0.552770798393,-0.));
#15298 = DIRECTION('',(-0.552770798393,0.833333333333,0.));
#15299 = PLANE('',#15300);
#15300 = AXIS2_PLACEMENT_3D('',#15301,#15302,#15303);
#15301 = CARTESIAN_POINT('',(-3.75,26.257279579762,2.107138347648));
#15302 = DIRECTION('',(-0.833333333332,-0.552770798395,0.));
#15303 = DIRECTION('',(-0.552770798395,0.833333333332,0.));
#15304 = ADVANCED_FACE('',(#15305),#15349,.T.);
#15305 = FACE_BOUND('',#15306,.T.);
#15306 = EDGE_LOOP('',(#15307,#15308,#15316,#15324,#15333,#15341,#15347,
    #15348));
#15307 = ORIENTED_EDGE('',*,*,#11307,.T.);
#15308 = ORIENTED_EDGE('',*,*,#15309,.F.);
#15309 = EDGE_CURVE('',#15310,#11310,#15312,.T.);
#15310 = VERTEX_POINT('',#15311);
#15311 = CARTESIAN_POINT('',(3.45,26.2,3.007138347648));
#15312 = LINE('',#15313,#15314);
#15313 = CARTESIAN_POINT('',(3.45,26.2,3.007138347648));
#15314 = VECTOR('',#15315,1.);
#15315 = DIRECTION('',(1.,-6.7E-16,2.2E-16));
#15316 = ORIENTED_EDGE('',*,*,#15317,.F.);
#15317 = EDGE_CURVE('',#15318,#15310,#15320,.T.);
#15318 = VERTEX_POINT('',#15319);
#15319 = CARTESIAN_POINT('',(3.45,26.2,3.025));
#15320 = LINE('',#15321,#15322);
#15321 = CARTESIAN_POINT('',(3.45,26.2,3.45));
#15322 = VECTOR('',#15323,1.);
#15323 = DIRECTION('',(0.,0.,-1.));
#15324 = ORIENTED_EDGE('',*,*,#15325,.T.);
#15325 = EDGE_CURVE('',#15318,#15326,#15328,.T.);
#15326 = VERTEX_POINT('',#15327);
#15327 = CARTESIAN_POINT('',(3.325,26.2,3.15));
#15328 = CIRCLE('',#15329,0.125);
#15329 = AXIS2_PLACEMENT_3D('',#15330,#15331,#15332);
#15330 = CARTESIAN_POINT('',(3.325,26.2,3.025));
#15331 = DIRECTION('',(0.,-1.,0.));
#15332 = DIRECTION('',(1.1E-16,0.,-1.));
#15333 = ORIENTED_EDGE('',*,*,#15334,.F.);
#15334 = EDGE_CURVE('',#15335,#15326,#15337,.T.);
#15335 = VERTEX_POINT('',#15336);
#15336 = CARTESIAN_POINT('',(3.2,26.2,3.15));
#15337 = LINE('',#15338,#15339);
#15338 = CARTESIAN_POINT('',(-3.75,26.2,3.15));
#15339 = VECTOR('',#15340,1.);
#15340 = DIRECTION('',(1.,0.,0.));
#15341 = ORIENTED_EDGE('',*,*,#15342,.T.);
#15342 = EDGE_CURVE('',#15335,#11425,#15343,.T.);
#15343 = LINE('',#15344,#15345);
#15344 = CARTESIAN_POINT('',(3.2,26.2,3.15));
#15345 = VECTOR('',#15346,1.);
#15346 = DIRECTION('',(0.,0.,1.));
#15347 = ORIENTED_EDGE('',*,*,#11424,.T.);
#15348 = ORIENTED_EDGE('',*,*,#11388,.F.);
#15349 = PLANE('',#15350);
#15350 = AXIS2_PLACEMENT_3D('',#15351,#15352,#15353);
#15351 = CARTESIAN_POINT('',(0.,26.2,2.312950198131));
#15352 = DIRECTION('',(0.,1.,2.2E-16));
#15353 = DIRECTION('',(0.,-2.2E-16,1.));
#15354 = ADVANCED_FACE('',(#15355),#15398,.F.);
#15355 = FACE_BOUND('',#15356,.T.);
#15356 = EDGE_LOOP('',(#15357,#15365,#15366,#15367,#15375,#15384,#15392)
  );
#15357 = ORIENTED_EDGE('',*,*,#15358,.F.);
#15358 = EDGE_CURVE('',#11334,#15359,#15361,.T.);
#15359 = VERTEX_POINT('',#15360);
#15360 = CARTESIAN_POINT('',(3.889445840321,26.467502093816,
    2.107138347648));
#15361 = LINE('',#15362,#15363);
#15362 = CARTESIAN_POINT('',(3.75,26.257279579762,2.107138347648));
#15363 = VECTOR('',#15364,1.);
#15364 = DIRECTION('',(0.552770798395,0.833333333332,1.2E-16));
#15365 = ORIENTED_EDGE('',*,*,#11333,.F.);
#15366 = ORIENTED_EDGE('',*,*,#11513,.F.);
#15367 = ORIENTED_EDGE('',*,*,#15368,.T.);
#15368 = EDGE_CURVE('',#11506,#15369,#15371,.T.);
#15369 = VERTEX_POINT('',#15370);
#15370 = CARTESIAN_POINT('',(3.45,26.257279579748,2.107138347648));
#15371 = LINE('',#15372,#15373);
#15372 = CARTESIAN_POINT('',(3.45,26.2,2.107138347648));
#15373 = VECTOR('',#15374,1.);
#15374 = DIRECTION('',(6.7E-16,1.,0.));
#15375 = ORIENTED_EDGE('',*,*,#15376,.T.);
#15376 = EDGE_CURVE('',#15369,#15377,#15379,.T.);
#15377 = VERTEX_POINT('',#15378);
#15378 = CARTESIAN_POINT('',(3.499999999998,26.423110819263,
    2.107138347648));
#15379 = CIRCLE('',#15380,0.3);
#15380 = AXIS2_PLACEMENT_3D('',#15381,#15382,#15383);
#15381 = CARTESIAN_POINT('',(3.75,26.257279579748,2.107138347648));
#15382 = DIRECTION('',(2.2E-16,0.,-1.));
#15383 = DIRECTION('',(6.7E-16,1.,1.474E-31));
#15384 = ORIENTED_EDGE('',*,*,#15385,.T.);
#15385 = EDGE_CURVE('',#15377,#15386,#15388,.T.);
#15386 = VERTEX_POINT('',#15387);
#15387 = CARTESIAN_POINT('',(3.639445840324,26.633333333332,
    2.107138347648));
#15388 = LINE('',#15389,#15390);
#15389 = CARTESIAN_POINT('',(3.499999999998,26.423110819263,
    2.107138347648));
#15390 = VECTOR('',#15391,1.);
#15391 = DIRECTION('',(0.55277079838,0.833333333341,1.200000000001E-16)
  );
#15392 = ORIENTED_EDGE('',*,*,#15393,.F.);
#15393 = EDGE_CURVE('',#15359,#15386,#15394,.T.);
#15394 = LINE('',#15395,#15396);
#15395 = CARTESIAN_POINT('',(3.889445840321,26.467502093816,
    2.107138347648));
#15396 = VECTOR('',#15397,1.);
#15397 = DIRECTION('',(-0.833333333333,0.552770798393,-1.9E-16));
#15398 = PLANE('',#15399);
#15399 = AXIS2_PLACEMENT_3D('',#15400,#15401,#15402);
#15400 = CARTESIAN_POINT('',(3.708653892762,26.467842718664,
    2.107138347648));
#15401 = DIRECTION('',(-2.2E-16,0.,1.));
#15402 = DIRECTION('',(1.,-2.2E-16,2.2E-16));
#15403 = ADVANCED_FACE('',(#15404),#15440,.T.);
#15404 = FACE_BOUND('',#15405,.F.);
#15405 = EDGE_LOOP('',(#15406,#15416,#15423,#15424,#15425,#15433));
#15406 = ORIENTED_EDGE('',*,*,#15407,.F.);
#15407 = EDGE_CURVE('',#15408,#15410,#15412,.T.);
#15408 = VERTEX_POINT('',#15409);
#15409 = CARTESIAN_POINT('',(4.,26.634168760482,2.307138347648));
#15410 = VERTEX_POINT('',#15411);
#15411 = CARTESIAN_POINT('',(4.,26.634168760482,2.807138347648));
#15412 = LINE('',#15413,#15414);
#15413 = CARTESIAN_POINT('',(4.,26.634168760482,2.107138347648));
#15414 = VECTOR('',#15415,1.);
#15415 = DIRECTION('',(-2.2E-16,0.,1.));
#15416 = ORIENTED_EDGE('',*,*,#15417,.F.);
#15417 = EDGE_CURVE('',#15359,#15408,#15418,.T.);
#15418 = CIRCLE('',#15419,0.2);
#15419 = AXIS2_PLACEMENT_3D('',#15420,#15421,#15422);
#15420 = CARTESIAN_POINT('',(3.889445840321,26.467502093816,
    2.307138347648));
#15421 = DIRECTION('',(0.833333333333,-0.552770798393,1.9E-16));
#15422 = DIRECTION('',(-0.552770798393,-0.833333333333,
    -1.232595164408E-32));
#15423 = ORIENTED_EDGE('',*,*,#15358,.F.);
#15424 = ORIENTED_EDGE('',*,*,#11341,.T.);
#15425 = ORIENTED_EDGE('',*,*,#15426,.T.);
#15426 = EDGE_CURVE('',#11342,#15427,#15429,.T.);
#15427 = VERTEX_POINT('',#15428);
#15428 = CARTESIAN_POINT('',(3.889445840321,26.467502093816,
    3.007138347648));
#15429 = LINE('',#15430,#15431);
#15430 = CARTESIAN_POINT('',(3.75,26.257279579762,3.007138347648));
#15431 = VECTOR('',#15432,1.);
#15432 = DIRECTION('',(0.552770798395,0.833333333332,1.2E-16));
#15433 = ORIENTED_EDGE('',*,*,#15434,.F.);
#15434 = EDGE_CURVE('',#15410,#15427,#15435,.T.);
#15435 = CIRCLE('',#15436,0.2);
#15436 = AXIS2_PLACEMENT_3D('',#15437,#15438,#15439);
#15437 = CARTESIAN_POINT('',(3.889445840321,26.467502093816,
    2.807138347648));
#15438 = DIRECTION('',(0.833333333333,-0.552770798393,1.9E-16));
#15439 = DIRECTION('',(-0.552770798393,-0.833333333333,
    -1.232595164408E-32));
#15440 = PLANE('',#15441);
#15441 = AXIS2_PLACEMENT_3D('',#15442,#15443,#15444);
#15442 = CARTESIAN_POINT('',(3.75,26.257279579762,2.107138347648));
#15443 = DIRECTION('',(0.833333333332,-0.552770798395,1.9E-16));
#15444 = DIRECTION('',(-0.552770798395,-0.833333333332,-1.2E-16));
#15445 = ADVANCED_FACE('',(#15446),#15482,.T.);
#15446 = FACE_BOUND('',#15447,.F.);
#15447 = EDGE_LOOP('',(#15448,#15449,#15450,#15451,#15459,#15468,#15476)
  );
#15448 = ORIENTED_EDGE('',*,*,#15426,.F.);
#15449 = ORIENTED_EDGE('',*,*,#11349,.F.);
#15450 = ORIENTED_EDGE('',*,*,#15309,.F.);
#15451 = ORIENTED_EDGE('',*,*,#15452,.T.);
#15452 = EDGE_CURVE('',#15310,#15453,#15455,.T.);
#15453 = VERTEX_POINT('',#15454);
#15454 = CARTESIAN_POINT('',(3.45,26.257279579748,3.007138347648));
#15455 = LINE('',#15456,#15457);
#15456 = CARTESIAN_POINT('',(3.45,26.2,3.007138347648));
#15457 = VECTOR('',#15458,1.);
#15458 = DIRECTION('',(6.7E-16,1.,0.));
#15459 = ORIENTED_EDGE('',*,*,#15460,.T.);
#15460 = EDGE_CURVE('',#15453,#15461,#15463,.T.);
#15461 = VERTEX_POINT('',#15462);
#15462 = CARTESIAN_POINT('',(3.499999999998,26.423110819263,
    3.007138347648));
#15463 = CIRCLE('',#15464,0.3);
#15464 = AXIS2_PLACEMENT_3D('',#15465,#15466,#15467);
#15465 = CARTESIAN_POINT('',(3.75,26.257279579748,3.007138347648));
#15466 = DIRECTION('',(2.2E-16,0.,-1.));
#15467 = DIRECTION('',(6.7E-16,1.,1.474E-31));
#15468 = ORIENTED_EDGE('',*,*,#15469,.T.);
#15469 = EDGE_CURVE('',#15461,#15470,#15472,.T.);
#15470 = VERTEX_POINT('',#15471);
#15471 = CARTESIAN_POINT('',(3.639445840324,26.633333333332,
    3.007138347648));
#15472 = LINE('',#15473,#15474);
#15473 = CARTESIAN_POINT('',(3.499999999998,26.423110819263,
    3.007138347648));
#15474 = VECTOR('',#15475,1.);
#15475 = DIRECTION('',(0.55277079838,0.833333333341,1.200000000001E-16)
  );
#15476 = ORIENTED_EDGE('',*,*,#15477,.F.);
#15477 = EDGE_CURVE('',#15427,#15470,#15478,.T.);
#15478 = LINE('',#15479,#15480);
#15479 = CARTESIAN_POINT('',(3.889445840321,26.467502093816,
    3.007138347648));
#15480 = VECTOR('',#15481,1.);
#15481 = DIRECTION('',(-0.833333333333,0.552770798393,-1.9E-16));
#15482 = PLANE('',#15483);
#15483 = AXIS2_PLACEMENT_3D('',#15484,#15485,#15486);
#15484 = CARTESIAN_POINT('',(3.708653892762,26.467842718664,
    3.007138347648));
#15485 = DIRECTION('',(-2.2E-16,0.,1.));
#15486 = DIRECTION('',(1.,-2.2E-16,2.2E-16));
#15487 = ADVANCED_FACE('',(#15488),#15531,.T.);
#15488 = FACE_BOUND('',#15489,.T.);
#15489 = EDGE_LOOP('',(#15490,#15498,#15499,#15500,#15508,#15517,#15525)
  );
#15490 = ORIENTED_EDGE('',*,*,#15491,.F.);
#15491 = EDGE_CURVE('',#11433,#15492,#15494,.T.);
#15492 = VERTEX_POINT('',#15493);
#15493 = CARTESIAN_POINT('',(3.2,26.467502093816,3.589445840321));
#15494 = LINE('',#15495,#15496);
#15495 = CARTESIAN_POINT('',(3.2,26.257279579762,3.45));
#15496 = VECTOR('',#15497,1.);
#15497 = DIRECTION('',(0.,0.833333333332,0.552770798395));
#15498 = ORIENTED_EDGE('',*,*,#11432,.F.);
#15499 = ORIENTED_EDGE('',*,*,#15342,.F.);
#15500 = ORIENTED_EDGE('',*,*,#15501,.T.);
#15501 = EDGE_CURVE('',#15335,#15502,#15504,.T.);
#15502 = VERTEX_POINT('',#15503);
#15503 = CARTESIAN_POINT('',(3.2,26.257279579748,3.15));
#15504 = LINE('',#15505,#15506);
#15505 = CARTESIAN_POINT('',(3.2,26.2,3.15));
#15506 = VECTOR('',#15507,1.);
#15507 = DIRECTION('',(0.,1.,0.));
#15508 = ORIENTED_EDGE('',*,*,#15509,.T.);
#15509 = EDGE_CURVE('',#15502,#15510,#15512,.T.);
#15510 = VERTEX_POINT('',#15511);
#15511 = CARTESIAN_POINT('',(3.2,26.423110819263,3.199999999998));
#15512 = CIRCLE('',#15513,0.3);
#15513 = AXIS2_PLACEMENT_3D('',#15514,#15515,#15516);
#15514 = CARTESIAN_POINT('',(3.2,26.257279579748,3.45));
#15515 = DIRECTION('',(1.,0.,0.));
#15516 = DIRECTION('',(-0.,1.,0.));
#15517 = ORIENTED_EDGE('',*,*,#15518,.T.);
#15518 = EDGE_CURVE('',#15510,#15519,#15521,.T.);
#15519 = VERTEX_POINT('',#15520);
#15520 = CARTESIAN_POINT('',(3.2,26.633333333332,3.339445840324));
#15521 = LINE('',#15522,#15523);
#15522 = CARTESIAN_POINT('',(3.2,26.423110819263,3.199999999998));
#15523 = VECTOR('',#15524,1.);
#15524 = DIRECTION('',(0.,0.833333333341,0.55277079838));
#15525 = ORIENTED_EDGE('',*,*,#15526,.F.);
#15526 = EDGE_CURVE('',#15492,#15519,#15527,.T.);
#15527 = LINE('',#15528,#15529);
#15528 = CARTESIAN_POINT('',(3.2,26.467502093816,3.589445840321));
#15529 = VECTOR('',#15530,1.);
#15530 = DIRECTION('',(3.1E-16,0.552770798393,-0.833333333333));
#15531 = PLANE('',#15532);
#15532 = AXIS2_PLACEMENT_3D('',#15533,#15534,#15535);
#15533 = CARTESIAN_POINT('',(3.2,26.467842718664,3.408653892762));
#15534 = DIRECTION('',(1.,-2.2E-16,2.2E-16));
#15535 = DIRECTION('',(-2.2E-16,0.,1.));
#15536 = ADVANCED_FACE('',(#15537),#15573,.T.);
#15537 = FACE_BOUND('',#15538,.T.);
#15538 = EDGE_LOOP('',(#15539,#15549,#15558,#15564,#15565,#15566));
#15539 = ORIENTED_EDGE('',*,*,#15540,.F.);
#15540 = EDGE_CURVE('',#15541,#15543,#15545,.T.);
#15541 = VERTEX_POINT('',#15542);
#15542 = CARTESIAN_POINT('',(-3.,26.634168760482,3.7));
#15543 = VERTEX_POINT('',#15544);
#15544 = CARTESIAN_POINT('',(3.,26.634168760482,3.7));
#15545 = LINE('',#15546,#15547);
#15546 = CARTESIAN_POINT('',(-3.2,26.634168760482,3.7));
#15547 = VECTOR('',#15548,1.);
#15548 = DIRECTION('',(1.,-2.2E-16,2.8E-16));
#15549 = ORIENTED_EDGE('',*,*,#15550,.F.);
#15550 = EDGE_CURVE('',#15551,#15541,#15553,.T.);
#15551 = VERTEX_POINT('',#15552);
#15552 = CARTESIAN_POINT('',(-3.2,26.467502093816,3.589445840321));
#15553 = CIRCLE('',#15554,0.2);
#15554 = AXIS2_PLACEMENT_3D('',#15555,#15556,#15557);
#15555 = CARTESIAN_POINT('',(-3.,26.467502093816,3.589445840321));
#15556 = DIRECTION('',(3.1E-16,0.552770798393,-0.833333333333));
#15557 = DIRECTION('',(0.,0.833333333333,0.552770798393));
#15558 = ORIENTED_EDGE('',*,*,#15559,.F.);
#15559 = EDGE_CURVE('',#11441,#15551,#15560,.T.);
#15560 = LINE('',#15561,#15562);
#15561 = CARTESIAN_POINT('',(-3.2,26.257279579762,3.45));
#15562 = VECTOR('',#15563,1.);
#15563 = DIRECTION('',(0.,0.833333333332,0.552770798395));
#15564 = ORIENTED_EDGE('',*,*,#11440,.T.);
#15565 = ORIENTED_EDGE('',*,*,#15491,.T.);
#15566 = ORIENTED_EDGE('',*,*,#15567,.T.);
#15567 = EDGE_CURVE('',#15492,#15543,#15568,.T.);
#15568 = CIRCLE('',#15569,0.2);
#15569 = AXIS2_PLACEMENT_3D('',#15570,#15571,#15572);
#15570 = CARTESIAN_POINT('',(3.,26.467502093816,3.589445840321));
#15571 = DIRECTION('',(-3.1E-16,-0.552770798393,0.833333333333));
#15572 = DIRECTION('',(0.,0.833333333333,0.552770798393));
#15573 = PLANE('',#15574);
#15574 = AXIS2_PLACEMENT_3D('',#15575,#15576,#15577);
#15575 = CARTESIAN_POINT('',(-3.2,26.257279579762,3.45));
#15576 = DIRECTION('',(-3.499999999999E-16,-0.552770798395,
    0.833333333332));
#15577 = DIRECTION('',(5.999999999999E-17,0.833333333332,0.552770798395)
  );
#15578 = ADVANCED_FACE('',(#15579),#15615,.F.);
#15579 = FACE_BOUND('',#15580,.F.);
#15580 = EDGE_LOOP('',(#15581,#15582,#15583,#15584,#15592,#15601,#15609)
  );
#15581 = ORIENTED_EDGE('',*,*,#15559,.F.);
#15582 = ORIENTED_EDGE('',*,*,#11448,.F.);
#15583 = ORIENTED_EDGE('',*,*,#15199,.F.);
#15584 = ORIENTED_EDGE('',*,*,#15585,.T.);
#15585 = EDGE_CURVE('',#15200,#15586,#15588,.T.);
#15586 = VERTEX_POINT('',#15587);
#15587 = CARTESIAN_POINT('',(-3.2,26.257279579748,3.15));
#15588 = LINE('',#15589,#15590);
#15589 = CARTESIAN_POINT('',(-3.2,26.2,3.15));
#15590 = VECTOR('',#15591,1.);
#15591 = DIRECTION('',(0.,1.,0.));
#15592 = ORIENTED_EDGE('',*,*,#15593,.T.);
#15593 = EDGE_CURVE('',#15586,#15594,#15596,.T.);
#15594 = VERTEX_POINT('',#15595);
#15595 = CARTESIAN_POINT('',(-3.2,26.423110819263,3.199999999998));
#15596 = CIRCLE('',#15597,0.3);
#15597 = AXIS2_PLACEMENT_3D('',#15598,#15599,#15600);
#15598 = CARTESIAN_POINT('',(-3.2,26.257279579748,3.45));
#15599 = DIRECTION('',(1.,0.,0.));
#15600 = DIRECTION('',(-0.,1.,0.));
#15601 = ORIENTED_EDGE('',*,*,#15602,.T.);
#15602 = EDGE_CURVE('',#15594,#15603,#15605,.T.);
#15603 = VERTEX_POINT('',#15604);
#15604 = CARTESIAN_POINT('',(-3.2,26.633333333332,3.339445840324));
#15605 = LINE('',#15606,#15607);
#15606 = CARTESIAN_POINT('',(-3.2,26.423110819263,3.199999999998));
#15607 = VECTOR('',#15608,1.);
#15608 = DIRECTION('',(0.,0.833333333341,0.55277079838));
#15609 = ORIENTED_EDGE('',*,*,#15610,.F.);
#15610 = EDGE_CURVE('',#15551,#15603,#15611,.T.);
#15611 = LINE('',#15612,#15613);
#15612 = CARTESIAN_POINT('',(-3.2,26.467502093816,3.589445840321));
#15613 = VECTOR('',#15614,1.);
#15614 = DIRECTION('',(3.1E-16,0.552770798393,-0.833333333333));
#15615 = PLANE('',#15616);
#15616 = AXIS2_PLACEMENT_3D('',#15617,#15618,#15619);
#15617 = CARTESIAN_POINT('',(-3.2,26.467842718664,3.408653892762));
#15618 = DIRECTION('',(1.,-2.2E-16,2.2E-16));
#15619 = DIRECTION('',(-2.2E-16,0.,1.));
#15620 = ADVANCED_FACE('',(#15621),#15655,.T.);
#15621 = FACE_BOUND('',#15622,.T.);
#15622 = EDGE_LOOP('',(#15623,#15624,#15625,#15631,#15632,#15633,#15641,
    #15649));
#15623 = ORIENTED_EDGE('',*,*,#15317,.T.);
#15624 = ORIENTED_EDGE('',*,*,#15452,.T.);
#15625 = ORIENTED_EDGE('',*,*,#15626,.F.);
#15626 = EDGE_CURVE('',#15369,#15453,#15627,.T.);
#15627 = LINE('',#15628,#15629);
#15628 = CARTESIAN_POINT('',(3.45,26.257279579748,2.107138347648));
#15629 = VECTOR('',#15630,1.);
#15630 = DIRECTION('',(-2.2E-16,0.,1.));
#15631 = ORIENTED_EDGE('',*,*,#15368,.F.);
#15632 = ORIENTED_EDGE('',*,*,#11505,.T.);
#15633 = ORIENTED_EDGE('',*,*,#15634,.T.);
#15634 = EDGE_CURVE('',#11497,#15635,#15637,.T.);
#15635 = VERTEX_POINT('',#15636);
#15636 = CARTESIAN_POINT('',(3.45,21.5,2.089276695297));
#15637 = LINE('',#15638,#15639);
#15638 = CARTESIAN_POINT('',(3.45,26.2,2.089276695297));
#15639 = VECTOR('',#15640,1.);
#15640 = DIRECTION('',(0.,-1.,0.));
#15641 = ORIENTED_EDGE('',*,*,#15642,.T.);
#15642 = EDGE_CURVE('',#15635,#15643,#15645,.T.);
#15643 = VERTEX_POINT('',#15644);
#15644 = CARTESIAN_POINT('',(3.45,21.5,3.025));
#15645 = LINE('',#15646,#15647);
#15646 = CARTESIAN_POINT('',(3.45,21.5,2.881475099065));
#15647 = VECTOR('',#15648,1.);
#15648 = DIRECTION('',(0.,-2.2E-16,1.));
#15649 = ORIENTED_EDGE('',*,*,#15650,.F.);
#15650 = EDGE_CURVE('',#15318,#15643,#15651,.T.);
#15651 = LINE('',#15652,#15653);
#15652 = CARTESIAN_POINT('',(3.45,26.2,3.025));
#15653 = VECTOR('',#15654,1.);
#15654 = DIRECTION('',(0.,-1.,0.));
#15655 = PLANE('',#15656);
#15656 = AXIS2_PLACEMENT_3D('',#15657,#15658,#15659);
#15657 = CARTESIAN_POINT('',(3.45,23.878460076643,2.557138347648));
#15658 = DIRECTION('',(-1.,0.,0.));
#15659 = DIRECTION('',(0.,-1.,0.));
#15660 = ADVANCED_FACE('',(#15661),#15680,.F.);
#15661 = FACE_BOUND('',#15662,.F.);
#15662 = EDGE_LOOP('',(#15663,#15664,#15665,#15674));
#15663 = ORIENTED_EDGE('',*,*,#11496,.T.);
#15664 = ORIENTED_EDGE('',*,*,#15634,.T.);
#15665 = ORIENTED_EDGE('',*,*,#15666,.F.);
#15666 = EDGE_CURVE('',#15667,#15635,#15669,.T.);
#15667 = VERTEX_POINT('',#15668);
#15668 = CARTESIAN_POINT('',(3.413388347648,21.5,2.000888347648));
#15669 = CIRCLE('',#15670,0.125);
#15670 = AXIS2_PLACEMENT_3D('',#15671,#15672,#15673);
#15671 = CARTESIAN_POINT('',(3.325,21.5,2.089276695297));
#15672 = DIRECTION('',(0.,-1.,-2.2E-16));
#15673 = DIRECTION('',(0.707106781187,1.55563491861E-16,-0.707106781187)
  );
#15674 = ORIENTED_EDGE('',*,*,#15675,.F.);
#15675 = EDGE_CURVE('',#11489,#15667,#15676,.T.);
#15676 = LINE('',#15677,#15678);
#15677 = CARTESIAN_POINT('',(3.413388347648,26.2,2.000888347648));
#15678 = VECTOR('',#15679,1.);
#15679 = DIRECTION('',(0.,-1.,0.));
#15680 = CYLINDRICAL_SURFACE('',#15681,0.125);
#15681 = AXIS2_PLACEMENT_3D('',#15682,#15683,#15684);
#15682 = CARTESIAN_POINT('',(3.325,26.2,2.089276695297));
#15683 = DIRECTION('',(0.,-1.,0.));
#15684 = DIRECTION('',(0.707106781187,0.,-0.707106781187));
#15685 = ADVANCED_FACE('',(#15686),#15704,.F.);
#15686 = FACE_BOUND('',#15687,.F.);
#15687 = EDGE_LOOP('',(#15688,#15689,#15690,#15698));
#15688 = ORIENTED_EDGE('',*,*,#11488,.F.);
#15689 = ORIENTED_EDGE('',*,*,#15675,.T.);
#15690 = ORIENTED_EDGE('',*,*,#15691,.F.);
#15691 = EDGE_CURVE('',#15692,#15667,#15694,.T.);
#15692 = VERTEX_POINT('',#15693);
#15693 = CARTESIAN_POINT('',(2.749111652352,21.5,1.336611652352));
#15694 = LINE('',#15695,#15696);
#15695 = CARTESIAN_POINT('',(2.700296532355,21.5,1.287796532355));
#15696 = VECTOR('',#15697,1.);
#15697 = DIRECTION('',(0.707106781187,-1.599999999999E-16,0.707106781187
    ));
#15698 = ORIENTED_EDGE('',*,*,#15699,.F.);
#15699 = EDGE_CURVE('',#11480,#15692,#15700,.T.);
#15700 = LINE('',#15701,#15702);
#15701 = CARTESIAN_POINT('',(2.749111652352,26.2,1.336611652352));
#15702 = VECTOR('',#15703,1.);
#15703 = DIRECTION('',(0.,-1.,0.));
#15704 = PLANE('',#15705);
#15705 = AXIS2_PLACEMENT_3D('',#15706,#15707,#15708);
#15706 = CARTESIAN_POINT('',(3.537867965644,26.2,2.125367965644));
#15707 = DIRECTION('',(0.707106781187,0.,-0.707106781187));
#15708 = DIRECTION('',(-0.707106781187,-0.,-0.707106781187));
#15709 = ADVANCED_FACE('',(#15710),#15722,.F.);
#15710 = FACE_BOUND('',#15711,.F.);
#15711 = EDGE_LOOP('',(#15712,#15713,#15714,#15721));
#15712 = ORIENTED_EDGE('',*,*,#11479,.T.);
#15713 = ORIENTED_EDGE('',*,*,#15699,.T.);
#15714 = ORIENTED_EDGE('',*,*,#15715,.F.);
#15715 = EDGE_CURVE('',#14995,#15692,#15716,.T.);
#15716 = CIRCLE('',#15717,0.125);
#15717 = AXIS2_PLACEMENT_3D('',#15718,#15719,#15720);
#15718 = CARTESIAN_POINT('',(2.660723304703,21.5,1.425));
#15719 = DIRECTION('',(0.,-1.,-2.2E-16));
#15720 = DIRECTION('',(0.,2.2E-16,-1.));
#15721 = ORIENTED_EDGE('',*,*,#15002,.F.);
#15722 = CYLINDRICAL_SURFACE('',#15723,0.125);
#15723 = AXIS2_PLACEMENT_3D('',#15724,#15725,#15726);
#15724 = CARTESIAN_POINT('',(2.660723304703,26.2,1.425));
#15725 = DIRECTION('',(0.,-1.,0.));
#15726 = DIRECTION('',(0.,0.,-1.));
#15727 = ADVANCED_FACE('',(#15728),#15754,.T.);
#15728 = FACE_BOUND('',#15729,.T.);
#15729 = EDGE_LOOP('',(#15730,#15731,#15739,#15748));
#15730 = ORIENTED_EDGE('',*,*,#13741,.T.);
#15731 = ORIENTED_EDGE('',*,*,#15732,.T.);
#15732 = EDGE_CURVE('',#13744,#15733,#15735,.T.);
#15733 = VERTEX_POINT('',#15734);
#15734 = CARTESIAN_POINT('',(-4.625000000015,14.075000000006,3.));
#15735 = LINE('',#15736,#15737);
#15736 = CARTESIAN_POINT('',(-4.625000000015,14.075000000006,2.6));
#15737 = VECTOR('',#15738,1.);
#15738 = DIRECTION('',(0.,0.,1.));
#15739 = ORIENTED_EDGE('',*,*,#15740,.F.);
#15740 = EDGE_CURVE('',#15741,#15733,#15743,.T.);
#15741 = VERTEX_POINT('',#15742);
#15742 = CARTESIAN_POINT('',(-2.374999999996,14.074999999993,3.));
#15743 = CIRCLE('',#15744,1.12500000001);
#15744 = AXIS2_PLACEMENT_3D('',#15745,#15746,#15747);
#15745 = CARTESIAN_POINT('',(-3.500000000005,14.074999999995,3.));
#15746 = DIRECTION('',(0.,-0.,1.));
#15747 = DIRECTION('',(1.,1.86162E-12,0.));
#15748 = ORIENTED_EDGE('',*,*,#15749,.F.);
#15749 = EDGE_CURVE('',#13742,#15741,#15750,.T.);
#15750 = LINE('',#15751,#15752);
#15751 = CARTESIAN_POINT('',(-2.374999999996,14.074999999993,2.6));
#15752 = VECTOR('',#15753,1.);
#15753 = DIRECTION('',(0.,0.,1.));
#15754 = CYLINDRICAL_SURFACE('',#15755,1.12500000001);
#15755 = AXIS2_PLACEMENT_3D('',#15756,#15757,#15758);
#15756 = CARTESIAN_POINT('',(-3.500000000005,14.074999999995,2.6));
#15757 = DIRECTION('',(-0.,-0.,-1.));
#15758 = DIRECTION('',(1.,0.,0.));
#15759 = ADVANCED_FACE('',(#15760),#15778,.F.);
#15760 = FACE_BOUND('',#15761,.F.);
#15761 = EDGE_LOOP('',(#15762,#15763,#15771,#15777));
#15762 = ORIENTED_EDGE('',*,*,#15732,.T.);
#15763 = ORIENTED_EDGE('',*,*,#15764,.T.);
#15764 = EDGE_CURVE('',#15733,#15765,#15767,.T.);
#15765 = VERTEX_POINT('',#15766);
#15766 = CARTESIAN_POINT('',(-4.625000000015,12.925000000006,3.));
#15767 = LINE('',#15768,#15769);
#15768 = CARTESIAN_POINT('',(-4.625000000015,14.075000000006,3.));
#15769 = VECTOR('',#15770,1.);
#15770 = DIRECTION('',(0.,-1.,0.));
#15771 = ORIENTED_EDGE('',*,*,#15772,.F.);
#15772 = EDGE_CURVE('',#13761,#15765,#15773,.T.);
#15773 = LINE('',#15774,#15775);
#15774 = CARTESIAN_POINT('',(-4.625000000015,12.925000000006,2.6));
#15775 = VECTOR('',#15776,1.);
#15776 = DIRECTION('',(0.,0.,1.));
#15777 = ORIENTED_EDGE('',*,*,#13769,.F.);
#15778 = PLANE('',#15779);
#15779 = AXIS2_PLACEMENT_3D('',#15780,#15781,#15782);
#15780 = CARTESIAN_POINT('',(-4.625000000015,14.075000000006,2.6));
#15781 = DIRECTION('',(1.,0.,0.));
#15782 = DIRECTION('',(0.,-1.,0.));
#15783 = ADVANCED_FACE('',(#15784),#15803,.T.);
#15784 = FACE_BOUND('',#15785,.T.);
#15785 = EDGE_LOOP('',(#15786,#15787,#15795,#15802));
#15786 = ORIENTED_EDGE('',*,*,#13760,.T.);
#15787 = ORIENTED_EDGE('',*,*,#15788,.T.);
#15788 = EDGE_CURVE('',#13753,#15789,#15791,.T.);
#15789 = VERTEX_POINT('',#15790);
#15790 = CARTESIAN_POINT('',(-2.374999999996,12.925000000005,3.));
#15791 = LINE('',#15792,#15793);
#15792 = CARTESIAN_POINT('',(-2.374999999996,12.925000000005,2.6));
#15793 = VECTOR('',#15794,1.);
#15794 = DIRECTION('',(0.,0.,1.));
#15795 = ORIENTED_EDGE('',*,*,#15796,.F.);
#15796 = EDGE_CURVE('',#15765,#15789,#15797,.T.);
#15797 = CIRCLE('',#15798,1.12500000001);
#15798 = AXIS2_PLACEMENT_3D('',#15799,#15800,#15801);
#15799 = CARTESIAN_POINT('',(-3.500000000006,12.925000000011,3.));
#15800 = DIRECTION('',(0.,0.,1.));
#15801 = DIRECTION('',(-1.,-5.00696E-12,0.));
#15802 = ORIENTED_EDGE('',*,*,#15772,.F.);
#15803 = CYLINDRICAL_SURFACE('',#15804,1.12500000001);
#15804 = AXIS2_PLACEMENT_3D('',#15805,#15806,#15807);
#15805 = CARTESIAN_POINT('',(-3.500000000006,12.925000000011,2.6));
#15806 = DIRECTION('',(-0.,-0.,-1.));
#15807 = DIRECTION('',(1.,0.,0.));
#15808 = ADVANCED_FACE('',(#15809),#15820,.F.);
#15809 = FACE_BOUND('',#15810,.F.);
#15810 = EDGE_LOOP('',(#15811,#15812,#15818,#15819));
#15811 = ORIENTED_EDGE('',*,*,#15788,.T.);
#15812 = ORIENTED_EDGE('',*,*,#15813,.T.);
#15813 = EDGE_CURVE('',#15789,#15741,#15814,.T.);
#15814 = LINE('',#15815,#15816);
#15815 = CARTESIAN_POINT('',(-2.374999999996,12.925000000005,3.));
#15816 = VECTOR('',#15817,1.);
#15817 = DIRECTION('',(8.882E-14,1.,0.));
#15818 = ORIENTED_EDGE('',*,*,#15749,.F.);
#15819 = ORIENTED_EDGE('',*,*,#13752,.F.);
#15820 = PLANE('',#15821);
#15821 = AXIS2_PLACEMENT_3D('',#15822,#15823,#15824);
#15822 = CARTESIAN_POINT('',(-2.374999999996,12.925000000005,2.6));
#15823 = DIRECTION('',(-1.,8.882E-14,0.));
#15824 = DIRECTION('',(8.882E-14,1.,0.));
#15825 = ADVANCED_FACE('',(#15826),#15851,.T.);
#15826 = FACE_BOUND('',#15827,.T.);
#15827 = EDGE_LOOP('',(#15828,#15829,#15837,#15845));
#15828 = ORIENTED_EDGE('',*,*,#14845,.T.);
#15829 = ORIENTED_EDGE('',*,*,#15830,.T.);
#15830 = EDGE_CURVE('',#14848,#15831,#15833,.T.);
#15831 = VERTEX_POINT('',#15832);
#15832 = CARTESIAN_POINT('',(-2.375,26.8,1.));
#15833 = LINE('',#15834,#15835);
#15834 = CARTESIAN_POINT('',(-2.375,26.634168760482,0.75));
#15835 = VECTOR('',#15836,1.);
#15836 = DIRECTION('',(-3.7E-16,0.552770798393,0.833333333333));
#15837 = ORIENTED_EDGE('',*,*,#15838,.F.);
#15838 = EDGE_CURVE('',#15839,#15831,#15841,.T.);
#15839 = VERTEX_POINT('',#15840);
#15840 = CARTESIAN_POINT('',(2.375,26.8,1.));
#15841 = LINE('',#15842,#15843);
#15842 = CARTESIAN_POINT('',(2.575,26.8,1.));
#15843 = VECTOR('',#15844,1.);
#15844 = DIRECTION('',(-1.,1.1E-16,-4.4E-16));
#15845 = ORIENTED_EDGE('',*,*,#15846,.F.);
#15846 = EDGE_CURVE('',#14846,#15839,#15847,.T.);
#15847 = LINE('',#15848,#15849);
#15848 = CARTESIAN_POINT('',(2.375,26.634168760482,0.75));
#15849 = VECTOR('',#15850,1.);
#15850 = DIRECTION('',(-3.7E-16,0.552770798393,0.833333333333));
#15851 = PLANE('',#15852);
#15852 = AXIS2_PLACEMENT_3D('',#15853,#15854,#15855);
#15853 = CARTESIAN_POINT('',(2.575,26.634168760482,0.75));
#15854 = DIRECTION('',(3.4E-16,0.833333333333,-0.552770798393));
#15855 = DIRECTION('',(-3.7E-16,0.552770798393,0.833333333333));
#15856 = ADVANCED_FACE('',(#15857),#15869,.T.);
#15857 = FACE_BOUND('',#15858,.T.);
#15858 = EDGE_LOOP('',(#15859,#15860,#15861,#15868));
#15859 = ORIENTED_EDGE('',*,*,#14855,.T.);
#15860 = ORIENTED_EDGE('',*,*,#15846,.T.);
#15861 = ORIENTED_EDGE('',*,*,#15862,.F.);
#15862 = EDGE_CURVE('',#14938,#15839,#15863,.T.);
#15863 = CIRCLE('',#15864,0.2);
#15864 = AXIS2_PLACEMENT_3D('',#15865,#15866,#15867);
#15865 = CARTESIAN_POINT('',(2.375,26.633333333332,1.110554159676));
#15866 = DIRECTION('',(-3.7E-16,0.552770798393,0.833333333333));
#15867 = DIRECTION('',(4.930380657631E-32,-0.833333333333,0.552770798393
    ));
#15868 = ORIENTED_EDGE('',*,*,#14937,.F.);
#15869 = CYLINDRICAL_SURFACE('',#15870,0.2);
#15870 = AXIS2_PLACEMENT_3D('',#15871,#15872,#15873);
#15871 = CARTESIAN_POINT('',(2.375,26.467502093816,0.860554159679));
#15872 = DIRECTION('',(-3.7E-16,0.552770798393,0.833333333333));
#15873 = DIRECTION('',(1.,1.842569328054E-18,4.427777777779E-16));
#15874 = ADVANCED_FACE('',(#15875),#15887,.T.);
#15875 = FACE_BOUND('',#15876,.T.);
#15876 = EDGE_LOOP('',(#15877,#15878,#15885,#15886));
#15877 = ORIENTED_EDGE('',*,*,#14895,.T.);
#15878 = ORIENTED_EDGE('',*,*,#15879,.T.);
#15879 = EDGE_CURVE('',#14896,#15831,#15880,.T.);
#15880 = CIRCLE('',#15881,0.2);
#15881 = AXIS2_PLACEMENT_3D('',#15882,#15883,#15884);
#15882 = CARTESIAN_POINT('',(-2.375,26.633333333332,1.110554159676));
#15883 = DIRECTION('',(3.7E-16,-0.552770798393,-0.833333333333));
#15884 = DIRECTION('',(4.930380657631E-32,-0.833333333333,0.552770798393
    ));
#15885 = ORIENTED_EDGE('',*,*,#15830,.F.);
#15886 = ORIENTED_EDGE('',*,*,#14879,.F.);
#15887 = CYLINDRICAL_SURFACE('',#15888,0.2);
#15888 = AXIS2_PLACEMENT_3D('',#15889,#15890,#15891);
#15889 = CARTESIAN_POINT('',(-2.375,26.467502093816,0.860554159679));
#15890 = DIRECTION('',(-3.7E-16,0.552770798393,0.833333333333));
#15891 = DIRECTION('',(-1.,-1.842569328054E-18,-4.427777777779E-16));
#15892 = ADVANCED_FACE('',(#15893),#15906,.F.);
#15893 = FACE_BOUND('',#15894,.F.);
#15894 = EDGE_LOOP('',(#15895,#15896,#15897,#15898,#15904,#15905));
#15895 = ORIENTED_EDGE('',*,*,#15838,.F.);
#15896 = ORIENTED_EDGE('',*,*,#15862,.F.);
#15897 = ORIENTED_EDGE('',*,*,#14945,.F.);
#15898 = ORIENTED_EDGE('',*,*,#15899,.T.);
#15899 = EDGE_CURVE('',#14946,#14904,#15900,.T.);
#15900 = LINE('',#15901,#15902);
#15901 = CARTESIAN_POINT('',(2.575,26.423110819263,1.250000000002));
#15902 = VECTOR('',#15903,1.);
#15903 = DIRECTION('',(-1.,1.1E-16,-4.4E-16));
#15904 = ORIENTED_EDGE('',*,*,#14903,.T.);
#15905 = ORIENTED_EDGE('',*,*,#15879,.T.);
#15906 = PLANE('',#15907);
#15907 = AXIS2_PLACEMENT_3D('',#15908,#15909,#15910);
#15908 = CARTESIAN_POINT('',(2.575,26.423110819263,1.250000000002));
#15909 = DIRECTION('',(3.100000000002E-16,-0.55277079838,-0.833333333341
    ));
#15910 = DIRECTION('',(2.500000000001E-16,0.833333333341,-0.55277079838)
  );
#15911 = ADVANCED_FACE('',(#15912),#15918,.T.);
#15912 = FACE_BOUND('',#15913,.T.);
#15913 = EDGE_LOOP('',(#15914,#15915,#15916,#15917));
#15914 = ORIENTED_EDGE('',*,*,#14953,.T.);
#15915 = ORIENTED_EDGE('',*,*,#15899,.T.);
#15916 = ORIENTED_EDGE('',*,*,#14911,.F.);
#15917 = ORIENTED_EDGE('',*,*,#14978,.F.);
#15918 = CYLINDRICAL_SURFACE('',#15919,0.3);
#15919 = AXIS2_PLACEMENT_3D('',#15920,#15921,#15922);
#15920 = CARTESIAN_POINT('',(2.575,26.257279579748,1.));
#15921 = DIRECTION('',(1.,0.,4.4E-16));
#15922 = DIRECTION('',(4.84E-32,1.,-1.1E-16));
#15923 = ADVANCED_FACE('',(#15924),#15959,.T.);
#15924 = FACE_BOUND('',#15925,.T.);
#15925 = EDGE_LOOP('',(#15926,#15927,#15928,#15929,#15930,#15931,#15940,
    #15948,#15955,#15956,#15957,#15958));
#15926 = ORIENTED_EDGE('',*,*,#14994,.T.);
#15927 = ORIENTED_EDGE('',*,*,#15019,.F.);
#15928 = ORIENTED_EDGE('',*,*,#15045,.F.);
#15929 = ORIENTED_EDGE('',*,*,#15069,.F.);
#15930 = ORIENTED_EDGE('',*,*,#15133,.F.);
#15931 = ORIENTED_EDGE('',*,*,#15932,.F.);
#15932 = EDGE_CURVE('',#15933,#15126,#15935,.T.);
#15933 = VERTEX_POINT('',#15934);
#15934 = CARTESIAN_POINT('',(-3.325,21.5,3.15));
#15935 = CIRCLE('',#15936,0.125);
#15936 = AXIS2_PLACEMENT_3D('',#15937,#15938,#15939);
#15937 = CARTESIAN_POINT('',(-3.325,21.5,3.025));
#15938 = DIRECTION('',(-0.,-1.,-2.2E-16));
#15939 = DIRECTION('',(0.,-2.2E-16,1.));
#15940 = ORIENTED_EDGE('',*,*,#15941,.F.);
#15941 = EDGE_CURVE('',#15942,#15933,#15944,.T.);
#15942 = VERTEX_POINT('',#15943);
#15943 = CARTESIAN_POINT('',(3.325,21.5,3.15));
#15944 = LINE('',#15945,#15946);
#15945 = CARTESIAN_POINT('',(-1.875,21.5,3.15));
#15946 = VECTOR('',#15947,1.);
#15947 = DIRECTION('',(-1.,0.,0.));
#15948 = ORIENTED_EDGE('',*,*,#15949,.F.);
#15949 = EDGE_CURVE('',#15643,#15942,#15950,.T.);
#15950 = CIRCLE('',#15951,0.125);
#15951 = AXIS2_PLACEMENT_3D('',#15952,#15953,#15954);
#15952 = CARTESIAN_POINT('',(3.325,21.5,3.025));
#15953 = DIRECTION('',(0.,-1.,-2.2E-16));
#15954 = DIRECTION('',(1.,0.,0.));
#15955 = ORIENTED_EDGE('',*,*,#15642,.F.);
#15956 = ORIENTED_EDGE('',*,*,#15666,.F.);
#15957 = ORIENTED_EDGE('',*,*,#15691,.F.);
#15958 = ORIENTED_EDGE('',*,*,#15715,.F.);
#15959 = PLANE('',#15960);
#15960 = AXIS2_PLACEMENT_3D('',#15961,#15962,#15963);
#15961 = CARTESIAN_POINT('',(0.,21.5,2.312950198131));
#15962 = DIRECTION('',(0.,1.,2.2E-16));
#15963 = DIRECTION('',(0.,-2.2E-16,1.));
#15964 = ADVANCED_FACE('',(#15965),#15976,.T.);
#15965 = FACE_BOUND('',#15966,.T.);
#15966 = EDGE_LOOP('',(#15967,#15968,#15974,#15975));
#15967 = ORIENTED_EDGE('',*,*,#15159,.T.);
#15968 = ORIENTED_EDGE('',*,*,#15969,.T.);
#15969 = EDGE_CURVE('',#15160,#15243,#15970,.T.);
#15970 = LINE('',#15971,#15972);
#15971 = CARTESIAN_POINT('',(-3.499999999998,26.423110819263,
    2.107138347648));
#15972 = VECTOR('',#15973,1.);
#15973 = DIRECTION('',(0.,0.,1.));
#15974 = ORIENTED_EDGE('',*,*,#15242,.F.);
#15975 = ORIENTED_EDGE('',*,*,#15101,.F.);
#15976 = CYLINDRICAL_SURFACE('',#15977,0.3);
#15977 = AXIS2_PLACEMENT_3D('',#15978,#15979,#15980);
#15978 = CARTESIAN_POINT('',(-3.75,26.257279579748,2.107138347648));
#15979 = DIRECTION('',(-0.,-0.,-1.));
#15980 = DIRECTION('',(-2.2E-16,1.,0.));
#15981 = ADVANCED_FACE('',(#15982),#15993,.F.);
#15982 = FACE_BOUND('',#15983,.F.);
#15983 = EDGE_LOOP('',(#15984,#15985,#15986,#15987));
#15984 = ORIENTED_EDGE('',*,*,#15215,.T.);
#15985 = ORIENTED_EDGE('',*,*,#15125,.T.);
#15986 = ORIENTED_EDGE('',*,*,#15932,.F.);
#15987 = ORIENTED_EDGE('',*,*,#15988,.F.);
#15988 = EDGE_CURVE('',#15208,#15933,#15989,.T.);
#15989 = LINE('',#15990,#15991);
#15990 = CARTESIAN_POINT('',(-3.325,26.2,3.15));
#15991 = VECTOR('',#15992,1.);
#15992 = DIRECTION('',(0.,-1.,0.));
#15993 = CYLINDRICAL_SURFACE('',#15994,0.125);
#15994 = AXIS2_PLACEMENT_3D('',#15995,#15996,#15997);
#15995 = CARTESIAN_POINT('',(-3.325,26.2,3.025));
#15996 = DIRECTION('',(0.,-1.,0.));
#15997 = DIRECTION('',(0.,0.,1.));
#15998 = ADVANCED_FACE('',(#15999),#16018,.T.);
#15999 = FACE_BOUND('',#16000,.T.);
#16000 = EDGE_LOOP('',(#16001,#16002,#16010,#16017));
#16001 = ORIENTED_EDGE('',*,*,#15283,.T.);
#16002 = ORIENTED_EDGE('',*,*,#16003,.T.);
#16003 = EDGE_CURVE('',#15274,#16004,#16006,.T.);
#16004 = VERTEX_POINT('',#16005);
#16005 = CARTESIAN_POINT('',(-3.75,26.8,2.307138347648));
#16006 = LINE('',#16007,#16008);
#16007 = CARTESIAN_POINT('',(-4.,26.634168760482,2.307138347648));
#16008 = VECTOR('',#16009,1.);
#16009 = DIRECTION('',(0.833333333333,0.552770798393,0.));
#16010 = ORIENTED_EDGE('',*,*,#16011,.F.);
#16011 = EDGE_CURVE('',#15169,#16004,#16012,.T.);
#16012 = CIRCLE('',#16013,0.2);
#16013 = AXIS2_PLACEMENT_3D('',#16014,#16015,#16016);
#16014 = CARTESIAN_POINT('',(-3.639445840324,26.633333333332,
    2.307138347648));
#16015 = DIRECTION('',(0.833333333333,0.552770798393,-0.));
#16016 = DIRECTION('',(-0.552770798393,0.833333333333,0.));
#16017 = ORIENTED_EDGE('',*,*,#15176,.F.);
#16018 = CYLINDRICAL_SURFACE('',#16019,0.2);
#16019 = AXIS2_PLACEMENT_3D('',#16020,#16021,#16022);
#16020 = CARTESIAN_POINT('',(-3.889445840321,26.467502093816,
    2.307138347648));
#16021 = DIRECTION('',(0.833333333333,0.552770798393,0.));
#16022 = DIRECTION('',(0.,0.,-1.));
#16023 = ADVANCED_FACE('',(#16024),#16045,.F.);
#16024 = FACE_BOUND('',#16025,.F.);
#16025 = EDGE_LOOP('',(#16026,#16034,#16035,#16036,#16037,#16038));
#16026 = ORIENTED_EDGE('',*,*,#16027,.F.);
#16027 = EDGE_CURVE('',#16004,#16028,#16030,.T.);
#16028 = VERTEX_POINT('',#16029);
#16029 = CARTESIAN_POINT('',(-3.75,26.8,2.807138347648));
#16030 = LINE('',#16031,#16032);
#16031 = CARTESIAN_POINT('',(-3.75,26.8,2.107138347648));
#16032 = VECTOR('',#16033,1.);
#16033 = DIRECTION('',(0.,0.,1.));
#16034 = ORIENTED_EDGE('',*,*,#16011,.F.);
#16035 = ORIENTED_EDGE('',*,*,#15168,.F.);
#16036 = ORIENTED_EDGE('',*,*,#15969,.T.);
#16037 = ORIENTED_EDGE('',*,*,#15251,.T.);
#16038 = ORIENTED_EDGE('',*,*,#16039,.F.);
#16039 = EDGE_CURVE('',#16028,#15252,#16040,.T.);
#16040 = CIRCLE('',#16041,0.2);
#16041 = AXIS2_PLACEMENT_3D('',#16042,#16043,#16044);
#16042 = CARTESIAN_POINT('',(-3.639445840324,26.633333333332,
    2.807138347648));
#16043 = DIRECTION('',(0.833333333333,0.552770798393,-0.));
#16044 = DIRECTION('',(-0.552770798393,0.833333333333,0.));
#16045 = PLANE('',#16046);
#16046 = AXIS2_PLACEMENT_3D('',#16047,#16048,#16049);
#16047 = CARTESIAN_POINT('',(-3.499999999998,26.423110819263,
    2.107138347648));
#16048 = DIRECTION('',(-0.833333333341,-0.55277079838,0.));
#16049 = DIRECTION('',(-0.55277079838,0.833333333341,0.));
#16050 = ADVANCED_FACE('',(#16051),#16071,.T.);
#16051 = FACE_BOUND('',#16052,.T.);
#16052 = EDGE_LOOP('',(#16053,#16054,#16055,#16061,#16062,#16063,#16069,
    #16070));
#16053 = ORIENTED_EDGE('',*,*,#15207,.T.);
#16054 = ORIENTED_EDGE('',*,*,#15585,.T.);
#16055 = ORIENTED_EDGE('',*,*,#16056,.T.);
#16056 = EDGE_CURVE('',#15586,#15502,#16057,.T.);
#16057 = LINE('',#16058,#16059);
#16058 = CARTESIAN_POINT('',(-3.2,26.257279579748,3.15));
#16059 = VECTOR('',#16060,1.);
#16060 = DIRECTION('',(1.,-2.2E-16,2.8E-16));
#16061 = ORIENTED_EDGE('',*,*,#15501,.F.);
#16062 = ORIENTED_EDGE('',*,*,#15334,.T.);
#16063 = ORIENTED_EDGE('',*,*,#16064,.T.);
#16064 = EDGE_CURVE('',#15326,#15942,#16065,.T.);
#16065 = LINE('',#16066,#16067);
#16066 = CARTESIAN_POINT('',(3.325,26.2,3.15));
#16067 = VECTOR('',#16068,1.);
#16068 = DIRECTION('',(0.,-1.,0.));
#16069 = ORIENTED_EDGE('',*,*,#15941,.T.);
#16070 = ORIENTED_EDGE('',*,*,#15988,.F.);
#16071 = PLANE('',#16072);
#16072 = AXIS2_PLACEMENT_3D('',#16073,#16074,#16075);
#16073 = CARTESIAN_POINT('',(-8.E-17,23.878012125108,3.15));
#16074 = DIRECTION('',(8.E-17,3.E-17,-1.));
#16075 = DIRECTION('',(-1.,0.,-8.E-17));
#16076 = ADVANCED_FACE('',(#16077),#16088,.T.);
#16077 = FACE_BOUND('',#16078,.T.);
#16078 = EDGE_LOOP('',(#16079,#16080,#16081,#16082));
#16079 = ORIENTED_EDGE('',*,*,#15293,.T.);
#16080 = ORIENTED_EDGE('',*,*,#15259,.T.);
#16081 = ORIENTED_EDGE('',*,*,#16039,.F.);
#16082 = ORIENTED_EDGE('',*,*,#16083,.F.);
#16083 = EDGE_CURVE('',#15276,#16028,#16084,.T.);
#16084 = LINE('',#16085,#16086);
#16085 = CARTESIAN_POINT('',(-4.,26.634168760482,2.807138347648));
#16086 = VECTOR('',#16087,1.);
#16087 = DIRECTION('',(0.833333333333,0.552770798393,0.));
#16088 = CYLINDRICAL_SURFACE('',#16089,0.2);
#16089 = AXIS2_PLACEMENT_3D('',#16090,#16091,#16092);
#16090 = CARTESIAN_POINT('',(-3.889445840321,26.467502093816,
    2.807138347648));
#16091 = DIRECTION('',(0.833333333333,0.552770798393,0.));
#16092 = DIRECTION('',(-0.552770798393,0.833333333333,0.));
#16093 = ADVANCED_FACE('',(#16094),#16100,.T.);
#16094 = FACE_BOUND('',#16095,.T.);
#16095 = EDGE_LOOP('',(#16096,#16097,#16098,#16099));
#16096 = ORIENTED_EDGE('',*,*,#15273,.T.);
#16097 = ORIENTED_EDGE('',*,*,#16083,.T.);
#16098 = ORIENTED_EDGE('',*,*,#16027,.F.);
#16099 = ORIENTED_EDGE('',*,*,#16003,.F.);
#16100 = PLANE('',#16101);
#16101 = AXIS2_PLACEMENT_3D('',#16102,#16103,#16104);
#16102 = CARTESIAN_POINT('',(-4.,26.634168760482,2.107138347648));
#16103 = DIRECTION('',(-0.552770798393,0.833333333333,0.));
#16104 = DIRECTION('',(0.833333333333,0.552770798393,0.));
#16105 = ADVANCED_FACE('',(#16106),#16112,.F.);
#16106 = FACE_BOUND('',#16107,.F.);
#16107 = EDGE_LOOP('',(#16108,#16109,#16110,#16111));
#16108 = ORIENTED_EDGE('',*,*,#15325,.T.);
#16109 = ORIENTED_EDGE('',*,*,#16064,.T.);
#16110 = ORIENTED_EDGE('',*,*,#15949,.F.);
#16111 = ORIENTED_EDGE('',*,*,#15650,.F.);
#16112 = CYLINDRICAL_SURFACE('',#16113,0.125);
#16113 = AXIS2_PLACEMENT_3D('',#16114,#16115,#16116);
#16114 = CARTESIAN_POINT('',(3.325,26.2,3.025));
#16115 = DIRECTION('',(0.,-1.,0.));
#16116 = DIRECTION('',(1.,0.,0.));
#16117 = ADVANCED_FACE('',(#16118),#16137,.T.);
#16118 = FACE_BOUND('',#16119,.T.);
#16119 = EDGE_LOOP('',(#16120,#16121,#16130,#16136));
#16120 = ORIENTED_EDGE('',*,*,#15393,.T.);
#16121 = ORIENTED_EDGE('',*,*,#16122,.T.);
#16122 = EDGE_CURVE('',#15386,#16123,#16125,.T.);
#16123 = VERTEX_POINT('',#16124);
#16124 = CARTESIAN_POINT('',(3.75,26.8,2.307138347648));
#16125 = CIRCLE('',#16126,0.2);
#16126 = AXIS2_PLACEMENT_3D('',#16127,#16128,#16129);
#16127 = CARTESIAN_POINT('',(3.639445840324,26.633333333332,
    2.307138347648));
#16128 = DIRECTION('',(0.833333333333,-0.552770798393,1.9E-16));
#16129 = DIRECTION('',(-0.552770798393,-0.833333333333,
    -1.232595164408E-32));
#16130 = ORIENTED_EDGE('',*,*,#16131,.F.);
#16131 = EDGE_CURVE('',#15408,#16123,#16132,.T.);
#16132 = LINE('',#16133,#16134);
#16133 = CARTESIAN_POINT('',(4.,26.634168760482,2.307138347648));
#16134 = VECTOR('',#16135,1.);
#16135 = DIRECTION('',(-0.833333333333,0.552770798393,-1.9E-16));
#16136 = ORIENTED_EDGE('',*,*,#15417,.F.);
#16137 = CYLINDRICAL_SURFACE('',#16138,0.2);
#16138 = AXIS2_PLACEMENT_3D('',#16139,#16140,#16141);
#16139 = CARTESIAN_POINT('',(3.889445840321,26.467502093816,
    2.307138347648));
#16140 = DIRECTION('',(-0.833333333333,0.552770798393,-1.9E-16));
#16141 = DIRECTION('',(2.255555555556E-16,-3.685138655975E-18,-1.));
#16142 = ADVANCED_FACE('',(#16143),#16169,.F.);
#16143 = FACE_BOUND('',#16144,.T.);
#16144 = EDGE_LOOP('',(#16145,#16153,#16154,#16155,#16161,#16162));
#16145 = ORIENTED_EDGE('',*,*,#16146,.F.);
#16146 = EDGE_CURVE('',#16123,#16147,#16149,.T.);
#16147 = VERTEX_POINT('',#16148);
#16148 = CARTESIAN_POINT('',(3.75,26.8,2.807138347648));
#16149 = LINE('',#16150,#16151);
#16150 = CARTESIAN_POINT('',(3.75,26.8,2.107138347648));
#16151 = VECTOR('',#16152,1.);
#16152 = DIRECTION('',(-2.2E-16,0.,1.));
#16153 = ORIENTED_EDGE('',*,*,#16122,.F.);
#16154 = ORIENTED_EDGE('',*,*,#15385,.F.);
#16155 = ORIENTED_EDGE('',*,*,#16156,.T.);
#16156 = EDGE_CURVE('',#15377,#15461,#16157,.T.);
#16157 = LINE('',#16158,#16159);
#16158 = CARTESIAN_POINT('',(3.499999999998,26.423110819263,
    2.107138347648));
#16159 = VECTOR('',#16160,1.);
#16160 = DIRECTION('',(-2.2E-16,0.,1.));
#16161 = ORIENTED_EDGE('',*,*,#15469,.T.);
#16162 = ORIENTED_EDGE('',*,*,#16163,.F.);
#16163 = EDGE_CURVE('',#16147,#15470,#16164,.T.);
#16164 = CIRCLE('',#16165,0.2);
#16165 = AXIS2_PLACEMENT_3D('',#16166,#16167,#16168);
#16166 = CARTESIAN_POINT('',(3.639445840324,26.633333333332,
    2.807138347648));
#16167 = DIRECTION('',(0.833333333333,-0.552770798393,1.9E-16));
#16168 = DIRECTION('',(-0.552770798393,-0.833333333333,
    -1.232595164408E-32));
#16169 = PLANE('',#16170);
#16170 = AXIS2_PLACEMENT_3D('',#16171,#16172,#16173);
#16171 = CARTESIAN_POINT('',(3.499999999998,26.423110819263,
    2.107138347648));
#16172 = DIRECTION('',(0.833333333341,-0.55277079838,1.900000000001E-16)
  );
#16173 = DIRECTION('',(-0.55277079838,-0.833333333341,
    -1.200000000001E-16));
#16174 = ADVANCED_FACE('',(#16175),#16181,.T.);
#16175 = FACE_BOUND('',#16176,.T.);
#16176 = EDGE_LOOP('',(#16177,#16178,#16179,#16180));
#16177 = ORIENTED_EDGE('',*,*,#15626,.T.);
#16178 = ORIENTED_EDGE('',*,*,#15460,.T.);
#16179 = ORIENTED_EDGE('',*,*,#16156,.F.);
#16180 = ORIENTED_EDGE('',*,*,#15376,.F.);
#16181 = CYLINDRICAL_SURFACE('',#16182,0.3);
#16182 = AXIS2_PLACEMENT_3D('',#16183,#16184,#16185);
#16183 = CARTESIAN_POINT('',(3.75,26.257279579748,2.107138347648));
#16184 = DIRECTION('',(2.2E-16,0.,-1.));
#16185 = DIRECTION('',(4.4E-16,1.,9.68E-32));
#16186 = ADVANCED_FACE('',(#16187),#16198,.T.);
#16187 = FACE_BOUND('',#16188,.F.);
#16188 = EDGE_LOOP('',(#16189,#16190,#16196,#16197));
#16189 = ORIENTED_EDGE('',*,*,#15407,.T.);
#16190 = ORIENTED_EDGE('',*,*,#16191,.T.);
#16191 = EDGE_CURVE('',#15410,#16147,#16192,.T.);
#16192 = LINE('',#16193,#16194);
#16193 = CARTESIAN_POINT('',(4.,26.634168760482,2.807138347648));
#16194 = VECTOR('',#16195,1.);
#16195 = DIRECTION('',(-0.833333333333,0.552770798393,-1.9E-16));
#16196 = ORIENTED_EDGE('',*,*,#16146,.F.);
#16197 = ORIENTED_EDGE('',*,*,#16131,.F.);
#16198 = PLANE('',#16199);
#16199 = AXIS2_PLACEMENT_3D('',#16200,#16201,#16202);
#16200 = CARTESIAN_POINT('',(4.,26.634168760482,2.107138347648));
#16201 = DIRECTION('',(0.552770798393,0.833333333333,1.2E-16));
#16202 = DIRECTION('',(0.833333333333,-0.552770798393,1.9E-16));
#16203 = ADVANCED_FACE('',(#16204),#16210,.T.);
#16204 = FACE_BOUND('',#16205,.T.);
#16205 = EDGE_LOOP('',(#16206,#16207,#16208,#16209));
#16206 = ORIENTED_EDGE('',*,*,#16191,.T.);
#16207 = ORIENTED_EDGE('',*,*,#16163,.T.);
#16208 = ORIENTED_EDGE('',*,*,#15477,.F.);
#16209 = ORIENTED_EDGE('',*,*,#15434,.F.);
#16210 = CYLINDRICAL_SURFACE('',#16211,0.2);
#16211 = AXIS2_PLACEMENT_3D('',#16212,#16213,#16214);
#16212 = CARTESIAN_POINT('',(3.889445840321,26.467502093816,
    2.807138347648));
#16213 = DIRECTION('',(-0.833333333333,0.552770798393,-1.9E-16));
#16214 = DIRECTION('',(0.552770798393,0.833333333333,1.2E-16));
#16215 = ADVANCED_FACE('',(#16216),#16235,.T.);
#16216 = FACE_BOUND('',#16217,.T.);
#16217 = EDGE_LOOP('',(#16218,#16219,#16228,#16234));
#16218 = ORIENTED_EDGE('',*,*,#15526,.T.);
#16219 = ORIENTED_EDGE('',*,*,#16220,.T.);
#16220 = EDGE_CURVE('',#15519,#16221,#16223,.T.);
#16221 = VERTEX_POINT('',#16222);
#16222 = CARTESIAN_POINT('',(3.,26.8,3.45));
#16223 = CIRCLE('',#16224,0.2);
#16224 = AXIS2_PLACEMENT_3D('',#16225,#16226,#16227);
#16225 = CARTESIAN_POINT('',(3.,26.633333333332,3.339445840324));
#16226 = DIRECTION('',(-3.1E-16,-0.552770798393,0.833333333333));
#16227 = DIRECTION('',(0.,0.833333333333,0.552770798393));
#16228 = ORIENTED_EDGE('',*,*,#16229,.F.);
#16229 = EDGE_CURVE('',#15543,#16221,#16230,.T.);
#16230 = LINE('',#16231,#16232);
#16231 = CARTESIAN_POINT('',(3.,26.634168760482,3.7));
#16232 = VECTOR('',#16233,1.);
#16233 = DIRECTION('',(3.1E-16,0.552770798393,-0.833333333333));
#16234 = ORIENTED_EDGE('',*,*,#15567,.F.);
#16235 = CYLINDRICAL_SURFACE('',#16236,0.2);
#16236 = AXIS2_PLACEMENT_3D('',#16237,#16238,#16239);
#16237 = CARTESIAN_POINT('',(3.,26.467502093816,3.589445840321));
#16238 = DIRECTION('',(3.1E-16,0.552770798393,-0.833333333333));
#16239 = DIRECTION('',(1.,-2.227954122408E-16,2.242142425169E-16));
#16240 = ADVANCED_FACE('',(#16241),#16267,.F.);
#16241 = FACE_BOUND('',#16242,.F.);
#16242 = EDGE_LOOP('',(#16243,#16251,#16258,#16259,#16265,#16266));
#16243 = ORIENTED_EDGE('',*,*,#16244,.F.);
#16244 = EDGE_CURVE('',#16245,#16221,#16247,.T.);
#16245 = VERTEX_POINT('',#16246);
#16246 = CARTESIAN_POINT('',(-3.,26.8,3.45));
#16247 = LINE('',#16248,#16249);
#16248 = CARTESIAN_POINT('',(-3.2,26.8,3.45));
#16249 = VECTOR('',#16250,1.);
#16250 = DIRECTION('',(1.,-2.2E-16,2.8E-16));
#16251 = ORIENTED_EDGE('',*,*,#16252,.F.);
#16252 = EDGE_CURVE('',#15603,#16245,#16253,.T.);
#16253 = CIRCLE('',#16254,0.2);
#16254 = AXIS2_PLACEMENT_3D('',#16255,#16256,#16257);
#16255 = CARTESIAN_POINT('',(-3.,26.633333333332,3.339445840324));
#16256 = DIRECTION('',(3.1E-16,0.552770798393,-0.833333333333));
#16257 = DIRECTION('',(0.,0.833333333333,0.552770798393));
#16258 = ORIENTED_EDGE('',*,*,#15602,.F.);
#16259 = ORIENTED_EDGE('',*,*,#16260,.T.);
#16260 = EDGE_CURVE('',#15594,#15510,#16261,.T.);
#16261 = LINE('',#16262,#16263);
#16262 = CARTESIAN_POINT('',(-3.2,26.423110819263,3.199999999998));
#16263 = VECTOR('',#16264,1.);
#16264 = DIRECTION('',(1.,-2.2E-16,2.8E-16));
#16265 = ORIENTED_EDGE('',*,*,#15518,.T.);
#16266 = ORIENTED_EDGE('',*,*,#16220,.T.);
#16267 = PLANE('',#16268);
#16268 = AXIS2_PLACEMENT_3D('',#16269,#16270,#16271);
#16269 = CARTESIAN_POINT('',(-3.2,26.423110819263,3.199999999998));
#16270 = DIRECTION('',(-3.500000000002E-16,-0.55277079838,0.833333333341
    ));
#16271 = DIRECTION('',(6.000000000003E-17,0.833333333341,0.55277079838)
  );
#16272 = ADVANCED_FACE('',(#16273),#16279,.T.);
#16273 = FACE_BOUND('',#16274,.T.);
#16274 = EDGE_LOOP('',(#16275,#16276,#16277,#16278));
#16275 = ORIENTED_EDGE('',*,*,#15593,.T.);
#16276 = ORIENTED_EDGE('',*,*,#16260,.T.);
#16277 = ORIENTED_EDGE('',*,*,#15509,.F.);
#16278 = ORIENTED_EDGE('',*,*,#16056,.F.);
#16279 = CYLINDRICAL_SURFACE('',#16280,0.3);
#16280 = AXIS2_PLACEMENT_3D('',#16281,#16282,#16283);
#16281 = CARTESIAN_POINT('',(-3.2,26.257279579748,3.45));
#16282 = DIRECTION('',(-1.,2.2E-16,-2.2E-16));
#16283 = DIRECTION('',(2.2E-16,1.,-2.2E-16));
#16284 = ADVANCED_FACE('',(#16285),#16296,.T.);
#16285 = FACE_BOUND('',#16286,.T.);
#16286 = EDGE_LOOP('',(#16287,#16288,#16289,#16290));
#16287 = ORIENTED_EDGE('',*,*,#15540,.T.);
#16288 = ORIENTED_EDGE('',*,*,#16229,.T.);
#16289 = ORIENTED_EDGE('',*,*,#16244,.F.);
#16290 = ORIENTED_EDGE('',*,*,#16291,.F.);
#16291 = EDGE_CURVE('',#15541,#16245,#16292,.T.);
#16292 = LINE('',#16293,#16294);
#16293 = CARTESIAN_POINT('',(-3.,26.634168760482,3.7));
#16294 = VECTOR('',#16295,1.);
#16295 = DIRECTION('',(3.1E-16,0.552770798393,-0.833333333333));
#16296 = PLANE('',#16297);
#16297 = AXIS2_PLACEMENT_3D('',#16298,#16299,#16300);
#16298 = CARTESIAN_POINT('',(-3.2,26.634168760482,3.7));
#16299 = DIRECTION('',(3.E-17,0.833333333333,0.552770798393));
#16300 = DIRECTION('',(3.1E-16,0.552770798393,-0.833333333333));
#16301 = ADVANCED_FACE('',(#16302),#16308,.T.);
#16302 = FACE_BOUND('',#16303,.T.);
#16303 = EDGE_LOOP('',(#16304,#16305,#16306,#16307));
#16304 = ORIENTED_EDGE('',*,*,#15550,.T.);
#16305 = ORIENTED_EDGE('',*,*,#16291,.T.);
#16306 = ORIENTED_EDGE('',*,*,#16252,.F.);
#16307 = ORIENTED_EDGE('',*,*,#15610,.F.);
#16308 = CYLINDRICAL_SURFACE('',#16309,0.2);
#16309 = AXIS2_PLACEMENT_3D('',#16310,#16311,#16312);
#16310 = CARTESIAN_POINT('',(-3.,26.467502093816,3.589445840321));
#16311 = DIRECTION('',(3.1E-16,0.552770798393,-0.833333333333));
#16312 = DIRECTION('',(-1.,2.227954122408E-16,-2.242142425169E-16));
#16313 = ADVANCED_FACE('',(#16314),#16342,.T.);
#16314 = FACE_BOUND('',#16315,.T.);
#16315 = EDGE_LOOP('',(#16316,#16325,#16326,#16335));
#16316 = ORIENTED_EDGE('',*,*,#16317,.F.);
#16317 = EDGE_CURVE('',#15741,#16318,#16320,.T.);
#16318 = VERTEX_POINT('',#16319);
#16319 = CARTESIAN_POINT('',(-2.874999999996,14.074999999993,3.5));
#16320 = CIRCLE('',#16321,0.5);
#16321 = AXIS2_PLACEMENT_3D('',#16322,#16323,#16324);
#16322 = CARTESIAN_POINT('',(-2.874999999996,14.074999999993,3.));
#16323 = DIRECTION('',(-8.882E-14,-1.,0.));
#16324 = DIRECTION('',(1.,-8.882E-14,0.));
#16325 = ORIENTED_EDGE('',*,*,#15740,.T.);
#16326 = ORIENTED_EDGE('',*,*,#16327,.T.);
#16327 = EDGE_CURVE('',#15733,#16328,#16330,.T.);
#16328 = VERTEX_POINT('',#16329);
#16329 = CARTESIAN_POINT('',(-4.125000000015,14.075000000001,3.5));
#16330 = CIRCLE('',#16331,0.5);
#16331 = AXIS2_PLACEMENT_3D('',#16332,#16333,#16334);
#16332 = CARTESIAN_POINT('',(-4.125000000015,14.075000000001,3.));
#16333 = DIRECTION('',(9.26516E-12,1.,-0.));
#16334 = DIRECTION('',(-1.,9.26516E-12,0.));
#16335 = ORIENTED_EDGE('',*,*,#16336,.F.);
#16336 = EDGE_CURVE('',#16318,#16328,#16337,.T.);
#16337 = CIRCLE('',#16338,0.62500000001);
#16338 = AXIS2_PLACEMENT_3D('',#16339,#16340,#16341);
#16339 = CARTESIAN_POINT('',(-3.500000000005,14.074999999995,3.5));
#16340 = DIRECTION('',(0.,-0.,1.));
#16341 = DIRECTION('',(1.,1.86162E-12,0.));
#16342 = TOROIDAL_SURFACE('',#16343,0.62500000001,0.5);
#16343 = AXIS2_PLACEMENT_3D('',#16344,#16345,#16346);
#16344 = CARTESIAN_POINT('',(-3.500000000005,14.074999999995,3.));
#16345 = DIRECTION('',(0.,0.,1.));
#16346 = DIRECTION('',(1.,1.86162E-12,-0.));
#16347 = ADVANCED_FACE('',(#16348),#16367,.T.);
#16348 = FACE_BOUND('',#16349,.T.);
#16349 = EDGE_LOOP('',(#16350,#16351,#16360,#16366));
#16350 = ORIENTED_EDGE('',*,*,#15764,.T.);
#16351 = ORIENTED_EDGE('',*,*,#16352,.T.);
#16352 = EDGE_CURVE('',#15765,#16353,#16355,.T.);
#16353 = VERTEX_POINT('',#16354);
#16354 = CARTESIAN_POINT('',(-4.125000000015,12.925000000008,3.5));
#16355 = CIRCLE('',#16356,0.5);
#16356 = AXIS2_PLACEMENT_3D('',#16357,#16358,#16359);
#16357 = CARTESIAN_POINT('',(-4.125000000015,12.925000000008,3.));
#16358 = DIRECTION('',(-5.00696E-12,1.,0.));
#16359 = DIRECTION('',(-1.,-5.00696E-12,-0.));
#16360 = ORIENTED_EDGE('',*,*,#16361,.F.);
#16361 = EDGE_CURVE('',#16328,#16353,#16362,.T.);
#16362 = LINE('',#16363,#16364);
#16363 = CARTESIAN_POINT('',(-4.125000000015,14.075000000006,3.5));
#16364 = VECTOR('',#16365,1.);
#16365 = DIRECTION('',(0.,-1.,0.));
#16366 = ORIENTED_EDGE('',*,*,#16327,.F.);
#16367 = CYLINDRICAL_SURFACE('',#16368,0.5);
#16368 = AXIS2_PLACEMENT_3D('',#16369,#16370,#16371);
#16369 = CARTESIAN_POINT('',(-4.125000000015,14.075000000006,3.));
#16370 = DIRECTION('',(0.,-1.,0.));
#16371 = DIRECTION('',(-1.,0.,0.));
#16372 = ADVANCED_FACE('',(#16373),#16393,.T.);
#16373 = FACE_BOUND('',#16374,.T.);
#16374 = EDGE_LOOP('',(#16375,#16376,#16377,#16386));
#16375 = ORIENTED_EDGE('',*,*,#16352,.F.);
#16376 = ORIENTED_EDGE('',*,*,#15796,.T.);
#16377 = ORIENTED_EDGE('',*,*,#16378,.T.);
#16378 = EDGE_CURVE('',#15789,#16379,#16381,.T.);
#16379 = VERTEX_POINT('',#16380);
#16380 = CARTESIAN_POINT('',(-2.874999999996,12.925000000008,3.5));
#16381 = CIRCLE('',#16382,0.5);
#16382 = AXIS2_PLACEMENT_3D('',#16383,#16384,#16385);
#16383 = CARTESIAN_POINT('',(-2.874999999996,12.925000000008,3.));
#16384 = DIRECTION('',(-5.87912E-12,-1.,0.));
#16385 = DIRECTION('',(1.,-5.87912E-12,0.));
#16386 = ORIENTED_EDGE('',*,*,#16387,.F.);
#16387 = EDGE_CURVE('',#16353,#16379,#16388,.T.);
#16388 = CIRCLE('',#16389,0.62500000001);
#16389 = AXIS2_PLACEMENT_3D('',#16390,#16391,#16392);
#16390 = CARTESIAN_POINT('',(-3.500000000006,12.925000000011,3.5));
#16391 = DIRECTION('',(0.,0.,1.));
#16392 = DIRECTION('',(-1.,-5.00696E-12,0.));
#16393 = TOROIDAL_SURFACE('',#16394,0.62500000001,0.5);
#16394 = AXIS2_PLACEMENT_3D('',#16395,#16396,#16397);
#16395 = CARTESIAN_POINT('',(-3.500000000006,12.925000000011,3.));
#16396 = DIRECTION('',(0.,0.,1.));
#16397 = DIRECTION('',(-1.,-5.00696E-12,0.));
#16398 = ADVANCED_FACE('',(#16399),#16410,.T.);
#16399 = FACE_BOUND('',#16400,.T.);
#16400 = EDGE_LOOP('',(#16401,#16402,#16403,#16409));
#16401 = ORIENTED_EDGE('',*,*,#15813,.T.);
#16402 = ORIENTED_EDGE('',*,*,#16317,.T.);
#16403 = ORIENTED_EDGE('',*,*,#16404,.F.);
#16404 = EDGE_CURVE('',#16379,#16318,#16405,.T.);
#16405 = LINE('',#16406,#16407);
#16406 = CARTESIAN_POINT('',(-2.874999999996,12.925000000005,3.5));
#16407 = VECTOR('',#16408,1.);
#16408 = DIRECTION('',(8.882E-14,1.,0.));
#16409 = ORIENTED_EDGE('',*,*,#16378,.F.);
#16410 = CYLINDRICAL_SURFACE('',#16411,0.5);
#16411 = AXIS2_PLACEMENT_3D('',#16412,#16413,#16414);
#16412 = CARTESIAN_POINT('',(-2.874999999996,12.925000000005,3.));
#16413 = DIRECTION('',(8.882E-14,1.,0.));
#16414 = DIRECTION('',(1.,-8.882E-14,0.));
#16415 = ADVANCED_FACE('',(#16416),#16422,.T.);
#16416 = FACE_BOUND('',#16417,.T.);
#16417 = EDGE_LOOP('',(#16418,#16419,#16420,#16421));
#16418 = ORIENTED_EDGE('',*,*,#16387,.T.);
#16419 = ORIENTED_EDGE('',*,*,#16404,.T.);
#16420 = ORIENTED_EDGE('',*,*,#16336,.T.);
#16421 = ORIENTED_EDGE('',*,*,#16361,.T.);
#16422 = PLANE('',#16423);
#16423 = AXIS2_PLACEMENT_3D('',#16424,#16425,#16426);
#16424 = CARTESIAN_POINT('',(-3.500000000006,13.500000000003,3.5));
#16425 = DIRECTION('',(0.,0.,1.));
#16426 = DIRECTION('',(1.,0.,-0.));
#16427 = ( GEOMETRIC_REPRESENTATION_CONTEXT(3) 
GLOBAL_UNCERTAINTY_ASSIGNED_CONTEXT((#16431)) 
GLOBAL_UNIT_ASSIGNED_CONTEXT((#16428,#16429,#16430)) 
REPRESENTATION_CONTEXT('Context #1',
  '3D Context with UNIT and UNCERTAINTY') );
#16428 = ( LENGTH_UNIT() NAMED_UNIT(*) SI_UNIT(.MILLI.,.METRE.) );
#16429 = ( NAMED_UNIT(*) PLANE_ANGLE_UNIT() SI_UNIT($,.RADIAN.) );
#16430 = ( NAMED_UNIT(*) SI_UNIT($,.STERADIAN.) SOLID_ANGLE_UNIT() );
#16431 = UNCERTAINTY_MEASURE_WITH_UNIT(LENGTH_MEASURE(1.E-07),#16428,
  'distance_accuracy_value','confusion accuracy');
#16432 = CONTEXT_DEPENDENT_SHAPE_REPRESENTATION(#16433,#16435);
#16433 = ( REPRESENTATION_RELATIONSHIP('','',#59,#36) 
REPRESENTATION_RELATIONSHIP_WITH_TRANSFORMATION(#16434) 
SHAPE_REPRESENTATION_RELATIONSHIP() );
#16434 = ITEM_DEFINED_TRANSFORMATION('','',#11,#37);
#16435 = PRODUCT_DEFINITION_SHAPE('Placement','Placement of an item',
  #16436);
#16436 = NEXT_ASSEMBLY_USAGE_OCCURRENCE('1',
  'RaspberryPi_Pico_Module_KiCad','',#31,#54,$);
#16437 = PRODUCT_RELATED_PRODUCT_CATEGORY('part',$,(#56));
#16438 = SHAPE_DEFINITION_REPRESENTATION(#16439,#16445);
#16439 = PRODUCT_DEFINITION_SHAPE('','',#16440);
#16440 = PRODUCT_DEFINITION('design','',#16441,#16444);
#16441 = PRODUCT_DEFINITION_FORMATION('','',#16442);
#16442 = PRODUCT('Schematic_PCB','Schematic_PCB','',(#16443));
#16443 = PRODUCT_CONTEXT('',#2,'mechanical');
#16444 = PRODUCT_DEFINITION_CONTEXT('part definition',#2,'design');
#16445 = ADVANCED_BREP_SHAPE_REPRESENTATION('',(#11,#16446),#18975);
#16446 = MANIFOLD_SOLID_BREP('',#16447);
#16447 = CLOSED_SHELL('',(#16448,#16488,#16519,#16550,#17238,#17926,
    #17938,#17955,#17972,#17989,#18006,#18023,#18040,#18057,#18074,
    #18091,#18108,#18125,#18142,#18159,#18176,#18193,#18210,#18227,
    #18244,#18261,#18278,#18295,#18312,#18329,#18346,#18363,#18380,
    #18397,#18414,#18431,#18448,#18465,#18482,#18499,#18516,#18533,
    #18550,#18567,#18584,#18601,#18618,#18635,#18652,#18669,#18686,
    #18703,#18720,#18737,#18754,#18771,#18788,#18805,#18822,#18839,
    #18856,#18873,#18890,#18907,#18924,#18941,#18958));
#16448 = ADVANCED_FACE('',(#16449),#16483,.T.);
#16449 = FACE_BOUND('',#16450,.T.);
#16450 = EDGE_LOOP('',(#16451,#16461,#16469,#16477));
#16451 = ORIENTED_EDGE('',*,*,#16452,.T.);
#16452 = EDGE_CURVE('',#16453,#16455,#16457,.T.);
#16453 = VERTEX_POINT('',#16454);
#16454 = CARTESIAN_POINT('',(206.,-140.,0.));
#16455 = VERTEX_POINT('',#16456);
#16456 = CARTESIAN_POINT('',(206.,-140.,1.51));
#16457 = LINE('',#16458,#16459);
#16458 = CARTESIAN_POINT('',(206.,-140.,0.));
#16459 = VECTOR('',#16460,1.);
#16460 = DIRECTION('',(0.,0.,1.));
#16461 = ORIENTED_EDGE('',*,*,#16462,.T.);
#16462 = EDGE_CURVE('',#16455,#16463,#16465,.T.);
#16463 = VERTEX_POINT('',#16464);
#16464 = CARTESIAN_POINT('',(110.,-140.,1.51));
#16465 = LINE('',#16466,#16467);
#16466 = CARTESIAN_POINT('',(206.,-140.,1.51));
#16467 = VECTOR('',#16468,1.);
#16468 = DIRECTION('',(-1.,0.,0.));
#16469 = ORIENTED_EDGE('',*,*,#16470,.F.);
#16470 = EDGE_CURVE('',#16471,#16463,#16473,.T.);
#16471 = VERTEX_POINT('',#16472);
#16472 = CARTESIAN_POINT('',(110.,-140.,0.));
#16473 = LINE('',#16474,#16475);
#16474 = CARTESIAN_POINT('',(110.,-140.,0.));
#16475 = VECTOR('',#16476,1.);
#16476 = DIRECTION('',(0.,0.,1.));
#16477 = ORIENTED_EDGE('',*,*,#16478,.F.);
#16478 = EDGE_CURVE('',#16453,#16471,#16479,.T.);
#16479 = LINE('',#16480,#16481);
#16480 = CARTESIAN_POINT('',(206.,-140.,0.));
#16481 = VECTOR('',#16482,1.);
#16482 = DIRECTION('',(-1.,0.,0.));
#16483 = PLANE('',#16484);
#16484 = AXIS2_PLACEMENT_3D('',#16485,#16486,#16487);
#16485 = CARTESIAN_POINT('',(206.,-140.,0.));
#16486 = DIRECTION('',(0.,-1.,0.));
#16487 = DIRECTION('',(-1.,0.,0.));
#16488 = ADVANCED_FACE('',(#16489),#16514,.T.);
#16489 = FACE_BOUND('',#16490,.T.);
#16490 = EDGE_LOOP('',(#16491,#16501,#16507,#16508));
#16491 = ORIENTED_EDGE('',*,*,#16492,.T.);
#16492 = EDGE_CURVE('',#16493,#16495,#16497,.T.);
#16493 = VERTEX_POINT('',#16494);
#16494 = CARTESIAN_POINT('',(206.,-74.62,0.));
#16495 = VERTEX_POINT('',#16496);
#16496 = CARTESIAN_POINT('',(206.,-74.62,1.51));
#16497 = LINE('',#16498,#16499);
#16498 = CARTESIAN_POINT('',(206.,-74.62,0.));
#16499 = VECTOR('',#16500,1.);
#16500 = DIRECTION('',(0.,0.,1.));
#16501 = ORIENTED_EDGE('',*,*,#16502,.T.);
#16502 = EDGE_CURVE('',#16495,#16455,#16503,.T.);
#16503 = LINE('',#16504,#16505);
#16504 = CARTESIAN_POINT('',(206.,-74.62,1.51));
#16505 = VECTOR('',#16506,1.);
#16506 = DIRECTION('',(0.,-1.,0.));
#16507 = ORIENTED_EDGE('',*,*,#16452,.F.);
#16508 = ORIENTED_EDGE('',*,*,#16509,.F.);
#16509 = EDGE_CURVE('',#16493,#16453,#16510,.T.);
#16510 = LINE('',#16511,#16512);
#16511 = CARTESIAN_POINT('',(206.,-74.62,0.));
#16512 = VECTOR('',#16513,1.);
#16513 = DIRECTION('',(0.,-1.,0.));
#16514 = PLANE('',#16515);
#16515 = AXIS2_PLACEMENT_3D('',#16516,#16517,#16518);
#16516 = CARTESIAN_POINT('',(206.,-74.62,0.));
#16517 = DIRECTION('',(1.,0.,-0.));
#16518 = DIRECTION('',(0.,-1.,0.));
#16519 = ADVANCED_FACE('',(#16520),#16545,.T.);
#16520 = FACE_BOUND('',#16521,.T.);
#16521 = EDGE_LOOP('',(#16522,#16523,#16531,#16539));
#16522 = ORIENTED_EDGE('',*,*,#16470,.T.);
#16523 = ORIENTED_EDGE('',*,*,#16524,.T.);
#16524 = EDGE_CURVE('',#16463,#16525,#16527,.T.);
#16525 = VERTEX_POINT('',#16526);
#16526 = CARTESIAN_POINT('',(110.,-74.62,1.51));
#16527 = LINE('',#16528,#16529);
#16528 = CARTESIAN_POINT('',(110.,-140.,1.51));
#16529 = VECTOR('',#16530,1.);
#16530 = DIRECTION('',(0.,1.,0.));
#16531 = ORIENTED_EDGE('',*,*,#16532,.F.);
#16532 = EDGE_CURVE('',#16533,#16525,#16535,.T.);
#16533 = VERTEX_POINT('',#16534);
#16534 = CARTESIAN_POINT('',(110.,-74.62,0.));
#16535 = LINE('',#16536,#16537);
#16536 = CARTESIAN_POINT('',(110.,-74.62,0.));
#16537 = VECTOR('',#16538,1.);
#16538 = DIRECTION('',(0.,0.,1.));
#16539 = ORIENTED_EDGE('',*,*,#16540,.F.);
#16540 = EDGE_CURVE('',#16471,#16533,#16541,.T.);
#16541 = LINE('',#16542,#16543);
#16542 = CARTESIAN_POINT('',(110.,-140.,0.));
#16543 = VECTOR('',#16544,1.);
#16544 = DIRECTION('',(0.,1.,0.));
#16545 = PLANE('',#16546);
#16546 = AXIS2_PLACEMENT_3D('',#16547,#16548,#16549);
#16547 = CARTESIAN_POINT('',(110.,-140.,0.));
#16548 = DIRECTION('',(-1.,0.,0.));
#16549 = DIRECTION('',(0.,1.,0.));
#16550 = ADVANCED_FACE('',(#16551,#16562,#16573,#16584,#16595,#16606,
    #16617,#16628,#16639,#16650,#16661,#16672,#16683,#16694,#16705,
    #16716,#16727,#16738,#16749,#16760,#16771,#16782,#16793,#16804,
    #16815,#16826,#16837,#16848,#16859,#16870,#16881,#16892,#16903,
    #16914,#16925,#16936,#16947,#16958,#16969,#16980,#16991,#17002,
    #17013,#17024,#17035,#17046,#17057,#17068,#17079,#17090,#17101,
    #17112,#17123,#17134,#17145,#17156,#17167,#17178,#17189,#17200,
    #17211,#17222),#17233,.F.);
#16551 = FACE_BOUND('',#16552,.F.);
#16552 = EDGE_LOOP('',(#16553,#16554,#16555,#16561));
#16553 = ORIENTED_EDGE('',*,*,#16478,.F.);
#16554 = ORIENTED_EDGE('',*,*,#16509,.F.);
#16555 = ORIENTED_EDGE('',*,*,#16556,.F.);
#16556 = EDGE_CURVE('',#16533,#16493,#16557,.T.);
#16557 = LINE('',#16558,#16559);
#16558 = CARTESIAN_POINT('',(110.,-74.62,0.));
#16559 = VECTOR('',#16560,1.);
#16560 = DIRECTION('',(1.,0.,0.));
#16561 = ORIENTED_EDGE('',*,*,#16540,.F.);
#16562 = FACE_BOUND('',#16563,.F.);
#16563 = EDGE_LOOP('',(#16564));
#16564 = ORIENTED_EDGE('',*,*,#16565,.T.);
#16565 = EDGE_CURVE('',#16566,#16566,#16568,.T.);
#16566 = VERTEX_POINT('',#16567);
#16567 = CARTESIAN_POINT('',(149.92,-126.5,0.));
#16568 = CIRCLE('',#16569,0.5);
#16569 = AXIS2_PLACEMENT_3D('',#16570,#16571,#16572);
#16570 = CARTESIAN_POINT('',(149.92,-126.,0.));
#16571 = DIRECTION('',(-0.,0.,-1.));
#16572 = DIRECTION('',(-0.,-1.,0.));
#16573 = FACE_BOUND('',#16574,.F.);
#16574 = EDGE_LOOP('',(#16575));
#16575 = ORIENTED_EDGE('',*,*,#16576,.T.);
#16576 = EDGE_CURVE('',#16577,#16577,#16579,.T.);
#16577 = VERTEX_POINT('',#16578);
#16578 = CARTESIAN_POINT('',(149.92,-123.96,0.));
#16579 = CIRCLE('',#16580,0.5);
#16580 = AXIS2_PLACEMENT_3D('',#16581,#16582,#16583);
#16581 = CARTESIAN_POINT('',(149.92,-123.46,0.));
#16582 = DIRECTION('',(-0.,0.,-1.));
#16583 = DIRECTION('',(-0.,-1.,0.));
#16584 = FACE_BOUND('',#16585,.F.);
#16585 = EDGE_LOOP('',(#16586));
#16586 = ORIENTED_EDGE('',*,*,#16587,.T.);
#16587 = EDGE_CURVE('',#16588,#16588,#16590,.T.);
#16588 = VERTEX_POINT('',#16589);
#16589 = CARTESIAN_POINT('',(156.46,-136.,0.));
#16590 = CIRCLE('',#16591,0.5);
#16591 = AXIS2_PLACEMENT_3D('',#16592,#16593,#16594);
#16592 = CARTESIAN_POINT('',(156.46,-135.5,0.));
#16593 = DIRECTION('',(-0.,0.,-1.));
#16594 = DIRECTION('',(-0.,-1.,0.));
#16595 = FACE_BOUND('',#16596,.F.);
#16596 = EDGE_LOOP('',(#16597));
#16597 = ORIENTED_EDGE('',*,*,#16598,.T.);
#16598 = EDGE_CURVE('',#16599,#16599,#16601,.T.);
#16599 = VERTEX_POINT('',#16600);
#16600 = CARTESIAN_POINT('',(161.54,-136.,0.));
#16601 = CIRCLE('',#16602,0.5);
#16602 = AXIS2_PLACEMENT_3D('',#16603,#16604,#16605);
#16603 = CARTESIAN_POINT('',(161.54,-135.5,0.));
#16604 = DIRECTION('',(-0.,0.,-1.));
#16605 = DIRECTION('',(-0.,-1.,0.));
#16606 = FACE_BOUND('',#16607,.F.);
#16607 = EDGE_LOOP('',(#16608));
#16608 = ORIENTED_EDGE('',*,*,#16609,.T.);
#16609 = EDGE_CURVE('',#16610,#16610,#16612,.T.);
#16610 = VERTEX_POINT('',#16611);
#16611 = CARTESIAN_POINT('',(167.7,-126.5,0.));
#16612 = CIRCLE('',#16613,0.5);
#16613 = AXIS2_PLACEMENT_3D('',#16614,#16615,#16616);
#16614 = CARTESIAN_POINT('',(167.7,-126.,0.));
#16615 = DIRECTION('',(-0.,0.,-1.));
#16616 = DIRECTION('',(-0.,-1.,0.));
#16617 = FACE_BOUND('',#16618,.F.);
#16618 = EDGE_LOOP('',(#16619));
#16619 = ORIENTED_EDGE('',*,*,#16620,.T.);
#16620 = EDGE_CURVE('',#16621,#16621,#16623,.T.);
#16621 = VERTEX_POINT('',#16622);
#16622 = CARTESIAN_POINT('',(167.7,-123.96,0.));
#16623 = CIRCLE('',#16624,0.5);
#16624 = AXIS2_PLACEMENT_3D('',#16625,#16626,#16627);
#16625 = CARTESIAN_POINT('',(167.7,-123.46,0.));
#16626 = DIRECTION('',(-0.,0.,-1.));
#16627 = DIRECTION('',(-0.,-1.,0.));
#16628 = FACE_BOUND('',#16629,.F.);
#16629 = EDGE_LOOP('',(#16630));
#16630 = ORIENTED_EDGE('',*,*,#16631,.T.);
#16631 = EDGE_CURVE('',#16632,#16632,#16634,.T.);
#16632 = VERTEX_POINT('',#16633);
#16633 = CARTESIAN_POINT('',(149.92,-121.42,0.));
#16634 = CIRCLE('',#16635,0.5);
#16635 = AXIS2_PLACEMENT_3D('',#16636,#16637,#16638);
#16636 = CARTESIAN_POINT('',(149.92,-120.92,0.));
#16637 = DIRECTION('',(-0.,0.,-1.));
#16638 = DIRECTION('',(-0.,-1.,0.));
#16639 = FACE_BOUND('',#16640,.F.);
#16640 = EDGE_LOOP('',(#16641));
#16641 = ORIENTED_EDGE('',*,*,#16642,.T.);
#16642 = EDGE_CURVE('',#16643,#16643,#16645,.T.);
#16643 = VERTEX_POINT('',#16644);
#16644 = CARTESIAN_POINT('',(149.92,-118.88,0.));
#16645 = CIRCLE('',#16646,0.5);
#16646 = AXIS2_PLACEMENT_3D('',#16647,#16648,#16649);
#16647 = CARTESIAN_POINT('',(149.92,-118.38,0.));
#16648 = DIRECTION('',(-0.,0.,-1.));
#16649 = DIRECTION('',(-0.,-1.,0.));
#16650 = FACE_BOUND('',#16651,.F.);
#16651 = EDGE_LOOP('',(#16652));
#16652 = ORIENTED_EDGE('',*,*,#16653,.T.);
#16653 = EDGE_CURVE('',#16654,#16654,#16656,.T.);
#16654 = VERTEX_POINT('',#16655);
#16655 = CARTESIAN_POINT('',(149.92,-116.34,0.));
#16656 = CIRCLE('',#16657,0.5);
#16657 = AXIS2_PLACEMENT_3D('',#16658,#16659,#16660);
#16658 = CARTESIAN_POINT('',(149.92,-115.84,0.));
#16659 = DIRECTION('',(-0.,0.,-1.));
#16660 = DIRECTION('',(-0.,-1.,0.));
#16661 = FACE_BOUND('',#16662,.F.);
#16662 = EDGE_LOOP('',(#16663));
#16663 = ORIENTED_EDGE('',*,*,#16664,.T.);
#16664 = EDGE_CURVE('',#16665,#16665,#16667,.T.);
#16665 = VERTEX_POINT('',#16666);
#16666 = CARTESIAN_POINT('',(149.92,-113.8,0.));
#16667 = CIRCLE('',#16668,0.5);
#16668 = AXIS2_PLACEMENT_3D('',#16669,#16670,#16671);
#16669 = CARTESIAN_POINT('',(149.92,-113.3,0.));
#16670 = DIRECTION('',(-0.,0.,-1.));
#16671 = DIRECTION('',(-0.,-1.,0.));
#16672 = FACE_BOUND('',#16673,.F.);
#16673 = EDGE_LOOP('',(#16674));
#16674 = ORIENTED_EDGE('',*,*,#16675,.T.);
#16675 = EDGE_CURVE('',#16676,#16676,#16678,.T.);
#16676 = VERTEX_POINT('',#16677);
#16677 = CARTESIAN_POINT('',(149.92,-111.26,0.));
#16678 = CIRCLE('',#16679,0.5);
#16679 = AXIS2_PLACEMENT_3D('',#16680,#16681,#16682);
#16680 = CARTESIAN_POINT('',(149.92,-110.76,0.));
#16681 = DIRECTION('',(-0.,0.,-1.));
#16682 = DIRECTION('',(-0.,-1.,0.));
#16683 = FACE_BOUND('',#16684,.F.);
#16684 = EDGE_LOOP('',(#16685));
#16685 = ORIENTED_EDGE('',*,*,#16686,.T.);
#16686 = EDGE_CURVE('',#16687,#16687,#16689,.T.);
#16687 = VERTEX_POINT('',#16688);
#16688 = CARTESIAN_POINT('',(149.92,-108.72,0.));
#16689 = CIRCLE('',#16690,0.5);
#16690 = AXIS2_PLACEMENT_3D('',#16691,#16692,#16693);
#16691 = CARTESIAN_POINT('',(149.92,-108.22,0.));
#16692 = DIRECTION('',(-0.,0.,-1.));
#16693 = DIRECTION('',(-0.,-1.,0.));
#16694 = FACE_BOUND('',#16695,.F.);
#16695 = EDGE_LOOP('',(#16696));
#16696 = ORIENTED_EDGE('',*,*,#16697,.T.);
#16697 = EDGE_CURVE('',#16698,#16698,#16700,.T.);
#16698 = VERTEX_POINT('',#16699);
#16699 = CARTESIAN_POINT('',(167.7,-121.42,0.));
#16700 = CIRCLE('',#16701,0.5);
#16701 = AXIS2_PLACEMENT_3D('',#16702,#16703,#16704);
#16702 = CARTESIAN_POINT('',(167.7,-120.92,0.));
#16703 = DIRECTION('',(-0.,0.,-1.));
#16704 = DIRECTION('',(-0.,-1.,0.));
#16705 = FACE_BOUND('',#16706,.F.);
#16706 = EDGE_LOOP('',(#16707));
#16707 = ORIENTED_EDGE('',*,*,#16708,.T.);
#16708 = EDGE_CURVE('',#16709,#16709,#16711,.T.);
#16709 = VERTEX_POINT('',#16710);
#16710 = CARTESIAN_POINT('',(167.7,-118.88,0.));
#16711 = CIRCLE('',#16712,0.5);
#16712 = AXIS2_PLACEMENT_3D('',#16713,#16714,#16715);
#16713 = CARTESIAN_POINT('',(167.7,-118.38,0.));
#16714 = DIRECTION('',(-0.,0.,-1.));
#16715 = DIRECTION('',(-0.,-1.,0.));
#16716 = FACE_BOUND('',#16717,.F.);
#16717 = EDGE_LOOP('',(#16718));
#16718 = ORIENTED_EDGE('',*,*,#16719,.T.);
#16719 = EDGE_CURVE('',#16720,#16720,#16722,.T.);
#16720 = VERTEX_POINT('',#16721);
#16721 = CARTESIAN_POINT('',(167.7,-116.34,0.));
#16722 = CIRCLE('',#16723,0.5);
#16723 = AXIS2_PLACEMENT_3D('',#16724,#16725,#16726);
#16724 = CARTESIAN_POINT('',(167.7,-115.84,0.));
#16725 = DIRECTION('',(-0.,0.,-1.));
#16726 = DIRECTION('',(-0.,-1.,0.));
#16727 = FACE_BOUND('',#16728,.F.);
#16728 = EDGE_LOOP('',(#16729));
#16729 = ORIENTED_EDGE('',*,*,#16730,.T.);
#16730 = EDGE_CURVE('',#16731,#16731,#16733,.T.);
#16731 = VERTEX_POINT('',#16732);
#16732 = CARTESIAN_POINT('',(167.7,-113.8,0.));
#16733 = CIRCLE('',#16734,0.5);
#16734 = AXIS2_PLACEMENT_3D('',#16735,#16736,#16737);
#16735 = CARTESIAN_POINT('',(167.7,-113.3,0.));
#16736 = DIRECTION('',(-0.,0.,-1.));
#16737 = DIRECTION('',(-0.,-1.,0.));
#16738 = FACE_BOUND('',#16739,.F.);
#16739 = EDGE_LOOP('',(#16740));
#16740 = ORIENTED_EDGE('',*,*,#16741,.T.);
#16741 = EDGE_CURVE('',#16742,#16742,#16744,.T.);
#16742 = VERTEX_POINT('',#16743);
#16743 = CARTESIAN_POINT('',(167.7,-111.26,0.));
#16744 = CIRCLE('',#16745,0.5);
#16745 = AXIS2_PLACEMENT_3D('',#16746,#16747,#16748);
#16746 = CARTESIAN_POINT('',(167.7,-110.76,0.));
#16747 = DIRECTION('',(-0.,0.,-1.));
#16748 = DIRECTION('',(-0.,-1.,0.));
#16749 = FACE_BOUND('',#16750,.F.);
#16750 = EDGE_LOOP('',(#16751));
#16751 = ORIENTED_EDGE('',*,*,#16752,.T.);
#16752 = EDGE_CURVE('',#16753,#16753,#16755,.T.);
#16753 = VERTEX_POINT('',#16754);
#16754 = CARTESIAN_POINT('',(167.7,-108.72,0.));
#16755 = CIRCLE('',#16756,0.5);
#16756 = AXIS2_PLACEMENT_3D('',#16757,#16758,#16759);
#16757 = CARTESIAN_POINT('',(167.7,-108.22,0.));
#16758 = DIRECTION('',(-0.,0.,-1.));
#16759 = DIRECTION('',(-0.,-1.,0.));
#16760 = FACE_BOUND('',#16761,.F.);
#16761 = EDGE_LOOP('',(#16762));
#16762 = ORIENTED_EDGE('',*,*,#16763,.T.);
#16763 = EDGE_CURVE('',#16764,#16764,#16766,.T.);
#16764 = VERTEX_POINT('',#16765);
#16765 = CARTESIAN_POINT('',(199.,-131.144,0.));
#16766 = CIRCLE('',#16767,0.7);
#16767 = AXIS2_PLACEMENT_3D('',#16768,#16769,#16770);
#16768 = CARTESIAN_POINT('',(199.,-130.444,0.));
#16769 = DIRECTION('',(-0.,0.,-1.));
#16770 = DIRECTION('',(-0.,-1.,0.));
#16771 = FACE_BOUND('',#16772,.F.);
#16772 = EDGE_LOOP('',(#16773));
#16773 = ORIENTED_EDGE('',*,*,#16774,.T.);
#16774 = EDGE_CURVE('',#16775,#16775,#16777,.T.);
#16775 = VERTEX_POINT('',#16776);
#16776 = CARTESIAN_POINT('',(133.16,-104.58,0.));
#16777 = CIRCLE('',#16778,0.5);
#16778 = AXIS2_PLACEMENT_3D('',#16779,#16780,#16781);
#16779 = CARTESIAN_POINT('',(133.16,-104.08,0.));
#16780 = DIRECTION('',(-0.,0.,-1.));
#16781 = DIRECTION('',(-0.,-1.,0.));
#16782 = FACE_BOUND('',#16783,.F.);
#16783 = EDGE_LOOP('',(#16784));
#16784 = ORIENTED_EDGE('',*,*,#16785,.T.);
#16785 = EDGE_CURVE('',#16786,#16786,#16788,.T.);
#16786 = VERTEX_POINT('',#16787);
#16787 = CARTESIAN_POINT('',(133.16,-102.04,0.));
#16788 = CIRCLE('',#16789,0.5);
#16789 = AXIS2_PLACEMENT_3D('',#16790,#16791,#16792);
#16790 = CARTESIAN_POINT('',(133.16,-101.54,0.));
#16791 = DIRECTION('',(-0.,0.,-1.));
#16792 = DIRECTION('',(-0.,-1.,0.));
#16793 = FACE_BOUND('',#16794,.F.);
#16794 = EDGE_LOOP('',(#16795));
#16795 = ORIENTED_EDGE('',*,*,#16796,.T.);
#16796 = EDGE_CURVE('',#16797,#16797,#16799,.T.);
#16797 = VERTEX_POINT('',#16798);
#16798 = CARTESIAN_POINT('',(133.16,-99.5,0.));
#16799 = CIRCLE('',#16800,0.5);
#16800 = AXIS2_PLACEMENT_3D('',#16801,#16802,#16803);
#16801 = CARTESIAN_POINT('',(133.16,-99.,0.));
#16802 = DIRECTION('',(-0.,0.,-1.));
#16803 = DIRECTION('',(-0.,-1.,0.));
#16804 = FACE_BOUND('',#16805,.F.);
#16805 = EDGE_LOOP('',(#16806));
#16806 = ORIENTED_EDGE('',*,*,#16807,.T.);
#16807 = EDGE_CURVE('',#16808,#16808,#16810,.T.);
#16808 = VERTEX_POINT('',#16809);
#16809 = CARTESIAN_POINT('',(149.92,-106.18,0.));
#16810 = CIRCLE('',#16811,0.5);
#16811 = AXIS2_PLACEMENT_3D('',#16812,#16813,#16814);
#16812 = CARTESIAN_POINT('',(149.92,-105.68,0.));
#16813 = DIRECTION('',(-0.,0.,-1.));
#16814 = DIRECTION('',(-0.,-1.,0.));
#16815 = FACE_BOUND('',#16816,.F.);
#16816 = EDGE_LOOP('',(#16817));
#16817 = ORIENTED_EDGE('',*,*,#16818,.T.);
#16818 = EDGE_CURVE('',#16819,#16819,#16821,.T.);
#16819 = VERTEX_POINT('',#16820);
#16820 = CARTESIAN_POINT('',(149.92,-103.64,0.));
#16821 = CIRCLE('',#16822,0.5);
#16822 = AXIS2_PLACEMENT_3D('',#16823,#16824,#16825);
#16823 = CARTESIAN_POINT('',(149.92,-103.14,0.));
#16824 = DIRECTION('',(-0.,0.,-1.));
#16825 = DIRECTION('',(-0.,-1.,0.));
#16826 = FACE_BOUND('',#16827,.F.);
#16827 = EDGE_LOOP('',(#16828));
#16828 = ORIENTED_EDGE('',*,*,#16829,.T.);
#16829 = EDGE_CURVE('',#16830,#16830,#16832,.T.);
#16830 = VERTEX_POINT('',#16831);
#16831 = CARTESIAN_POINT('',(149.92,-101.1,0.));
#16832 = CIRCLE('',#16833,0.5);
#16833 = AXIS2_PLACEMENT_3D('',#16834,#16835,#16836);
#16834 = CARTESIAN_POINT('',(149.92,-100.6,0.));
#16835 = DIRECTION('',(-0.,0.,-1.));
#16836 = DIRECTION('',(-0.,-1.,0.));
#16837 = FACE_BOUND('',#16838,.F.);
#16838 = EDGE_LOOP('',(#16839));
#16839 = ORIENTED_EDGE('',*,*,#16840,.T.);
#16840 = EDGE_CURVE('',#16841,#16841,#16843,.T.);
#16841 = VERTEX_POINT('',#16842);
#16842 = CARTESIAN_POINT('',(133.16,-96.96,0.));
#16843 = CIRCLE('',#16844,0.5);
#16844 = AXIS2_PLACEMENT_3D('',#16845,#16846,#16847);
#16845 = CARTESIAN_POINT('',(133.16,-96.46,0.));
#16846 = DIRECTION('',(-0.,0.,-1.));
#16847 = DIRECTION('',(-0.,-1.,0.));
#16848 = FACE_BOUND('',#16849,.F.);
#16849 = EDGE_LOOP('',(#16850));
#16850 = ORIENTED_EDGE('',*,*,#16851,.T.);
#16851 = EDGE_CURVE('',#16852,#16852,#16854,.T.);
#16852 = VERTEX_POINT('',#16853);
#16853 = CARTESIAN_POINT('',(133.16,-94.42,0.));
#16854 = CIRCLE('',#16855,0.5);
#16855 = AXIS2_PLACEMENT_3D('',#16856,#16857,#16858);
#16856 = CARTESIAN_POINT('',(133.16,-93.92,0.));
#16857 = DIRECTION('',(-0.,0.,-1.));
#16858 = DIRECTION('',(-0.,-1.,0.));
#16859 = FACE_BOUND('',#16860,.F.);
#16860 = EDGE_LOOP('',(#16861));
#16861 = ORIENTED_EDGE('',*,*,#16862,.T.);
#16862 = EDGE_CURVE('',#16863,#16863,#16865,.T.);
#16863 = VERTEX_POINT('',#16864);
#16864 = CARTESIAN_POINT('',(149.92,-98.56,0.));
#16865 = CIRCLE('',#16866,0.5);
#16866 = AXIS2_PLACEMENT_3D('',#16867,#16868,#16869);
#16867 = CARTESIAN_POINT('',(149.92,-98.06,0.));
#16868 = DIRECTION('',(-0.,0.,-1.));
#16869 = DIRECTION('',(-0.,-1.,0.));
#16870 = FACE_BOUND('',#16871,.F.);
#16871 = EDGE_LOOP('',(#16872));
#16872 = ORIENTED_EDGE('',*,*,#16873,.T.);
#16873 = EDGE_CURVE('',#16874,#16874,#16876,.T.);
#16874 = VERTEX_POINT('',#16875);
#16875 = CARTESIAN_POINT('',(149.92,-96.02,0.));
#16876 = CIRCLE('',#16877,0.5);
#16877 = AXIS2_PLACEMENT_3D('',#16878,#16879,#16880);
#16878 = CARTESIAN_POINT('',(149.92,-95.52,0.));
#16879 = DIRECTION('',(-0.,0.,-1.));
#16880 = DIRECTION('',(-0.,-1.,0.));
#16881 = FACE_BOUND('',#16882,.F.);
#16882 = EDGE_LOOP('',(#16883));
#16883 = ORIENTED_EDGE('',*,*,#16884,.T.);
#16884 = EDGE_CURVE('',#16885,#16885,#16887,.T.);
#16885 = VERTEX_POINT('',#16886);
#16886 = CARTESIAN_POINT('',(149.92,-93.48,0.));
#16887 = CIRCLE('',#16888,0.5);
#16888 = AXIS2_PLACEMENT_3D('',#16889,#16890,#16891);
#16889 = CARTESIAN_POINT('',(149.92,-92.98,0.));
#16890 = DIRECTION('',(-0.,0.,-1.));
#16891 = DIRECTION('',(-0.,-1.,0.));
#16892 = FACE_BOUND('',#16893,.F.);
#16893 = EDGE_LOOP('',(#16894));
#16894 = ORIENTED_EDGE('',*,*,#16895,.T.);
#16895 = EDGE_CURVE('',#16896,#16896,#16898,.T.);
#16896 = VERTEX_POINT('',#16897);
#16897 = CARTESIAN_POINT('',(167.7,-106.18,0.));
#16898 = CIRCLE('',#16899,0.5);
#16899 = AXIS2_PLACEMENT_3D('',#16900,#16901,#16902);
#16900 = CARTESIAN_POINT('',(167.7,-105.68,0.));
#16901 = DIRECTION('',(-0.,0.,-1.));
#16902 = DIRECTION('',(-0.,-1.,0.));
#16903 = FACE_BOUND('',#16904,.F.);
#16904 = EDGE_LOOP('',(#16905));
#16905 = ORIENTED_EDGE('',*,*,#16906,.T.);
#16906 = EDGE_CURVE('',#16907,#16907,#16909,.T.);
#16907 = VERTEX_POINT('',#16908);
#16908 = CARTESIAN_POINT('',(167.7,-103.64,0.));
#16909 = CIRCLE('',#16910,0.5);
#16910 = AXIS2_PLACEMENT_3D('',#16911,#16912,#16913);
#16911 = CARTESIAN_POINT('',(167.7,-103.14,0.));
#16912 = DIRECTION('',(-0.,0.,-1.));
#16913 = DIRECTION('',(-0.,-1.,0.));
#16914 = FACE_BOUND('',#16915,.F.);
#16915 = EDGE_LOOP('',(#16916));
#16916 = ORIENTED_EDGE('',*,*,#16917,.T.);
#16917 = EDGE_CURVE('',#16918,#16918,#16920,.T.);
#16918 = VERTEX_POINT('',#16919);
#16919 = CARTESIAN_POINT('',(167.7,-101.1,0.));
#16920 = CIRCLE('',#16921,0.5);
#16921 = AXIS2_PLACEMENT_3D('',#16922,#16923,#16924);
#16922 = CARTESIAN_POINT('',(167.7,-100.6,0.));
#16923 = DIRECTION('',(-0.,0.,-1.));
#16924 = DIRECTION('',(-0.,-1.,0.));
#16925 = FACE_BOUND('',#16926,.F.);
#16926 = EDGE_LOOP('',(#16927));
#16927 = ORIENTED_EDGE('',*,*,#16928,.T.);
#16928 = EDGE_CURVE('',#16929,#16929,#16931,.T.);
#16929 = VERTEX_POINT('',#16930);
#16930 = CARTESIAN_POINT('',(167.7,-98.56,0.));
#16931 = CIRCLE('',#16932,0.5);
#16932 = AXIS2_PLACEMENT_3D('',#16933,#16934,#16935);
#16933 = CARTESIAN_POINT('',(167.7,-98.06,0.));
#16934 = DIRECTION('',(-0.,0.,-1.));
#16935 = DIRECTION('',(-0.,-1.,0.));
#16936 = FACE_BOUND('',#16937,.F.);
#16937 = EDGE_LOOP('',(#16938));
#16938 = ORIENTED_EDGE('',*,*,#16939,.T.);
#16939 = EDGE_CURVE('',#16940,#16940,#16942,.T.);
#16940 = VERTEX_POINT('',#16941);
#16941 = CARTESIAN_POINT('',(167.7,-96.02,0.));
#16942 = CIRCLE('',#16943,0.5);
#16943 = AXIS2_PLACEMENT_3D('',#16944,#16945,#16946);
#16944 = CARTESIAN_POINT('',(167.7,-95.52,0.));
#16945 = DIRECTION('',(-0.,0.,-1.));
#16946 = DIRECTION('',(-0.,-1.,0.));
#16947 = FACE_BOUND('',#16948,.F.);
#16948 = EDGE_LOOP('',(#16949));
#16949 = ORIENTED_EDGE('',*,*,#16950,.T.);
#16950 = EDGE_CURVE('',#16951,#16951,#16953,.T.);
#16951 = VERTEX_POINT('',#16952);
#16952 = CARTESIAN_POINT('',(167.7,-93.48,0.));
#16953 = CIRCLE('',#16954,0.5);
#16954 = AXIS2_PLACEMENT_3D('',#16955,#16956,#16957);
#16955 = CARTESIAN_POINT('',(167.7,-92.98,0.));
#16956 = DIRECTION('',(-0.,0.,-1.));
#16957 = DIRECTION('',(-0.,-1.,0.));
#16958 = FACE_BOUND('',#16959,.F.);
#16959 = EDGE_LOOP('',(#16960));
#16960 = ORIENTED_EDGE('',*,*,#16961,.T.);
#16961 = EDGE_CURVE('',#16962,#16962,#16964,.T.);
#16962 = VERTEX_POINT('',#16963);
#16963 = CARTESIAN_POINT('',(133.16,-91.88,0.));
#16964 = CIRCLE('',#16965,0.5);
#16965 = AXIS2_PLACEMENT_3D('',#16966,#16967,#16968);
#16966 = CARTESIAN_POINT('',(133.16,-91.38,0.));
#16967 = DIRECTION('',(-0.,0.,-1.));
#16968 = DIRECTION('',(-0.,-1.,0.));
#16969 = FACE_BOUND('',#16970,.F.);
#16970 = EDGE_LOOP('',(#16971));
#16971 = ORIENTED_EDGE('',*,*,#16972,.T.);
#16972 = EDGE_CURVE('',#16973,#16973,#16975,.T.);
#16973 = VERTEX_POINT('',#16974);
#16974 = CARTESIAN_POINT('',(149.92,-90.94,0.));
#16975 = CIRCLE('',#16976,0.5);
#16976 = AXIS2_PLACEMENT_3D('',#16977,#16978,#16979);
#16977 = CARTESIAN_POINT('',(149.92,-90.44,0.));
#16978 = DIRECTION('',(-0.,0.,-1.));
#16979 = DIRECTION('',(-0.,-1.,0.));
#16980 = FACE_BOUND('',#16981,.F.);
#16981 = EDGE_LOOP('',(#16982));
#16982 = ORIENTED_EDGE('',*,*,#16983,.T.);
#16983 = EDGE_CURVE('',#16984,#16984,#16986,.T.);
#16984 = VERTEX_POINT('',#16985);
#16985 = CARTESIAN_POINT('',(149.92,-88.4,0.));
#16986 = CIRCLE('',#16987,0.5);
#16987 = AXIS2_PLACEMENT_3D('',#16988,#16989,#16990);
#16988 = CARTESIAN_POINT('',(149.92,-87.9,0.));
#16989 = DIRECTION('',(-0.,0.,-1.));
#16990 = DIRECTION('',(-0.,-1.,0.));
#16991 = FACE_BOUND('',#16992,.F.);
#16992 = EDGE_LOOP('',(#16993));
#16993 = ORIENTED_EDGE('',*,*,#16994,.T.);
#16994 = EDGE_CURVE('',#16995,#16995,#16997,.T.);
#16995 = VERTEX_POINT('',#16996);
#16996 = CARTESIAN_POINT('',(149.92,-85.86,0.));
#16997 = CIRCLE('',#16998,0.5);
#16998 = AXIS2_PLACEMENT_3D('',#16999,#17000,#17001);
#16999 = CARTESIAN_POINT('',(149.92,-85.36,0.));
#17000 = DIRECTION('',(-0.,0.,-1.));
#17001 = DIRECTION('',(-0.,-1.,0.));
#17002 = FACE_BOUND('',#17003,.F.);
#17003 = EDGE_LOOP('',(#17004));
#17004 = ORIENTED_EDGE('',*,*,#17005,.T.);
#17005 = EDGE_CURVE('',#17006,#17006,#17008,.T.);
#17006 = VERTEX_POINT('',#17007);
#17007 = CARTESIAN_POINT('',(149.92,-83.32,0.));
#17008 = CIRCLE('',#17009,0.5);
#17009 = AXIS2_PLACEMENT_3D('',#17010,#17011,#17012);
#17010 = CARTESIAN_POINT('',(149.92,-82.82,0.));
#17011 = DIRECTION('',(-0.,0.,-1.));
#17012 = DIRECTION('',(-0.,-1.,0.));
#17013 = FACE_BOUND('',#17014,.F.);
#17014 = EDGE_LOOP('',(#17015));
#17015 = ORIENTED_EDGE('',*,*,#17016,.T.);
#17016 = EDGE_CURVE('',#17017,#17017,#17019,.T.);
#17017 = VERTEX_POINT('',#17018);
#17018 = CARTESIAN_POINT('',(149.92,-80.78,0.));
#17019 = CIRCLE('',#17020,0.5);
#17020 = AXIS2_PLACEMENT_3D('',#17021,#17022,#17023);
#17021 = CARTESIAN_POINT('',(149.92,-80.28,0.));
#17022 = DIRECTION('',(-0.,0.,-1.));
#17023 = DIRECTION('',(-0.,-1.,0.));
#17024 = FACE_BOUND('',#17025,.F.);
#17025 = EDGE_LOOP('',(#17026));
#17026 = ORIENTED_EDGE('',*,*,#17027,.T.);
#17027 = EDGE_CURVE('',#17028,#17028,#17030,.T.);
#17028 = VERTEX_POINT('',#17029);
#17029 = CARTESIAN_POINT('',(149.92,-78.24,0.));
#17030 = CIRCLE('',#17031,0.5);
#17031 = AXIS2_PLACEMENT_3D('',#17032,#17033,#17034);
#17032 = CARTESIAN_POINT('',(149.92,-77.74,0.));
#17033 = DIRECTION('',(-0.,0.,-1.));
#17034 = DIRECTION('',(-0.,-1.,0.));
#17035 = FACE_BOUND('',#17036,.F.);
#17036 = EDGE_LOOP('',(#17037));
#17037 = ORIENTED_EDGE('',*,*,#17038,.T.);
#17038 = EDGE_CURVE('',#17039,#17039,#17041,.T.);
#17039 = VERTEX_POINT('',#17040);
#17040 = CARTESIAN_POINT('',(167.7,-90.94,0.));
#17041 = CIRCLE('',#17042,0.5);
#17042 = AXIS2_PLACEMENT_3D('',#17043,#17044,#17045);
#17043 = CARTESIAN_POINT('',(167.7,-90.44,0.));
#17044 = DIRECTION('',(-0.,0.,-1.));
#17045 = DIRECTION('',(-0.,-1.,0.));
#17046 = FACE_BOUND('',#17047,.F.);
#17047 = EDGE_LOOP('',(#17048));
#17048 = ORIENTED_EDGE('',*,*,#17049,.T.);
#17049 = EDGE_CURVE('',#17050,#17050,#17052,.T.);
#17050 = VERTEX_POINT('',#17051);
#17051 = CARTESIAN_POINT('',(167.7,-88.4,0.));
#17052 = CIRCLE('',#17053,0.5);
#17053 = AXIS2_PLACEMENT_3D('',#17054,#17055,#17056);
#17054 = CARTESIAN_POINT('',(167.7,-87.9,0.));
#17055 = DIRECTION('',(-0.,0.,-1.));
#17056 = DIRECTION('',(-0.,-1.,0.));
#17057 = FACE_BOUND('',#17058,.F.);
#17058 = EDGE_LOOP('',(#17059));
#17059 = ORIENTED_EDGE('',*,*,#17060,.T.);
#17060 = EDGE_CURVE('',#17061,#17061,#17063,.T.);
#17061 = VERTEX_POINT('',#17062);
#17062 = CARTESIAN_POINT('',(167.7,-85.86,0.));
#17063 = CIRCLE('',#17064,0.5);
#17064 = AXIS2_PLACEMENT_3D('',#17065,#17066,#17067);
#17065 = CARTESIAN_POINT('',(167.7,-85.36,0.));
#17066 = DIRECTION('',(-0.,0.,-1.));
#17067 = DIRECTION('',(-0.,-1.,0.));
#17068 = FACE_BOUND('',#17069,.F.);
#17069 = EDGE_LOOP('',(#17070));
#17070 = ORIENTED_EDGE('',*,*,#17071,.T.);
#17071 = EDGE_CURVE('',#17072,#17072,#17074,.T.);
#17072 = VERTEX_POINT('',#17073);
#17073 = CARTESIAN_POINT('',(156.385,-81.825,0.));
#17074 = CIRCLE('',#17075,0.925);
#17075 = AXIS2_PLACEMENT_3D('',#17076,#17077,#17078);
#17076 = CARTESIAN_POINT('',(156.385,-80.9,0.));
#17077 = DIRECTION('',(-0.,0.,-1.));
#17078 = DIRECTION('',(-0.,-1.,0.));
#17079 = FACE_BOUND('',#17080,.F.);
#17080 = EDGE_LOOP('',(#17081));
#17081 = ORIENTED_EDGE('',*,*,#17082,.T.);
#17082 = EDGE_CURVE('',#17083,#17083,#17085,.T.);
#17083 = VERTEX_POINT('',#17084);
#17084 = CARTESIAN_POINT('',(156.085,-78.97,0.));
#17085 = CIRCLE('',#17086,1.1);
#17086 = AXIS2_PLACEMENT_3D('',#17087,#17088,#17089);
#17087 = CARTESIAN_POINT('',(156.085,-77.87,0.));
#17088 = DIRECTION('',(-0.,0.,-1.));
#17089 = DIRECTION('',(-0.,-1.,0.));
#17090 = FACE_BOUND('',#17091,.F.);
#17091 = EDGE_LOOP('',(#17092));
#17092 = ORIENTED_EDGE('',*,*,#17093,.T.);
#17093 = EDGE_CURVE('',#17094,#17094,#17096,.T.);
#17094 = VERTEX_POINT('',#17095);
#17095 = CARTESIAN_POINT('',(161.235,-81.825,0.));
#17096 = CIRCLE('',#17097,0.925);
#17097 = AXIS2_PLACEMENT_3D('',#17098,#17099,#17100);
#17098 = CARTESIAN_POINT('',(161.235,-80.9,0.));
#17099 = DIRECTION('',(-0.,0.,-1.));
#17100 = DIRECTION('',(-0.,-1.,0.));
#17101 = FACE_BOUND('',#17102,.F.);
#17102 = EDGE_LOOP('',(#17103));
#17103 = ORIENTED_EDGE('',*,*,#17104,.T.);
#17104 = EDGE_CURVE('',#17105,#17105,#17107,.T.);
#17105 = VERTEX_POINT('',#17106);
#17106 = CARTESIAN_POINT('',(167.7,-83.32,0.));
#17107 = CIRCLE('',#17108,0.5);
#17108 = AXIS2_PLACEMENT_3D('',#17109,#17110,#17111);
#17109 = CARTESIAN_POINT('',(167.7,-82.82,0.));
#17110 = DIRECTION('',(-0.,0.,-1.));
#17111 = DIRECTION('',(-0.,-1.,0.));
#17112 = FACE_BOUND('',#17113,.F.);
#17113 = EDGE_LOOP('',(#17114));
#17114 = ORIENTED_EDGE('',*,*,#17115,.T.);
#17115 = EDGE_CURVE('',#17116,#17116,#17118,.T.);
#17116 = VERTEX_POINT('',#17117);
#17117 = CARTESIAN_POINT('',(161.535,-78.97,0.));
#17118 = CIRCLE('',#17119,1.1);
#17119 = AXIS2_PLACEMENT_3D('',#17120,#17121,#17122);
#17120 = CARTESIAN_POINT('',(161.535,-77.87,0.));
#17121 = DIRECTION('',(-0.,0.,-1.));
#17122 = DIRECTION('',(-0.,-1.,0.));
#17123 = FACE_BOUND('',#17124,.F.);
#17124 = EDGE_LOOP('',(#17125));
#17125 = ORIENTED_EDGE('',*,*,#17126,.T.);
#17126 = EDGE_CURVE('',#17127,#17127,#17129,.T.);
#17127 = VERTEX_POINT('',#17128);
#17128 = CARTESIAN_POINT('',(167.7,-80.78,0.));
#17129 = CIRCLE('',#17130,0.5);
#17130 = AXIS2_PLACEMENT_3D('',#17131,#17132,#17133);
#17131 = CARTESIAN_POINT('',(167.7,-80.28,0.));
#17132 = DIRECTION('',(-0.,0.,-1.));
#17133 = DIRECTION('',(-0.,-1.,0.));
#17134 = FACE_BOUND('',#17135,.F.);
#17135 = EDGE_LOOP('',(#17136));
#17136 = ORIENTED_EDGE('',*,*,#17137,.T.);
#17137 = EDGE_CURVE('',#17138,#17138,#17140,.T.);
#17138 = VERTEX_POINT('',#17139);
#17139 = CARTESIAN_POINT('',(167.7,-78.24,0.));
#17140 = CIRCLE('',#17141,0.5);
#17141 = AXIS2_PLACEMENT_3D('',#17142,#17143,#17144);
#17142 = CARTESIAN_POINT('',(167.7,-77.74,0.));
#17143 = DIRECTION('',(-0.,0.,-1.));
#17144 = DIRECTION('',(-0.,-1.,0.));
#17145 = FACE_BOUND('',#17146,.F.);
#17146 = EDGE_LOOP('',(#17147));
#17147 = ORIENTED_EDGE('',*,*,#17148,.T.);
#17148 = EDGE_CURVE('',#17149,#17149,#17151,.T.);
#17149 = VERTEX_POINT('',#17150);
#17150 = CARTESIAN_POINT('',(182.74,-102.58,0.));
#17151 = CIRCLE('',#17152,0.5);
#17152 = AXIS2_PLACEMENT_3D('',#17153,#17154,#17155);
#17153 = CARTESIAN_POINT('',(182.74,-102.08,0.));
#17154 = DIRECTION('',(-0.,0.,-1.));
#17155 = DIRECTION('',(-0.,-1.,0.));
#17156 = FACE_BOUND('',#17157,.F.);
#17157 = EDGE_LOOP('',(#17158));
#17158 = ORIENTED_EDGE('',*,*,#17159,.T.);
#17159 = EDGE_CURVE('',#17160,#17160,#17162,.T.);
#17160 = VERTEX_POINT('',#17161);
#17161 = CARTESIAN_POINT('',(182.74,-94.96,0.));
#17162 = CIRCLE('',#17163,0.5);
#17163 = AXIS2_PLACEMENT_3D('',#17164,#17165,#17166);
#17164 = CARTESIAN_POINT('',(182.74,-94.46,0.));
#17165 = DIRECTION('',(-0.,0.,-1.));
#17166 = DIRECTION('',(-0.,-1.,0.));
#17167 = FACE_BOUND('',#17168,.F.);
#17168 = EDGE_LOOP('',(#17169));
#17169 = ORIENTED_EDGE('',*,*,#17170,.T.);
#17170 = EDGE_CURVE('',#17171,#17171,#17173,.T.);
#17171 = VERTEX_POINT('',#17172);
#17172 = CARTESIAN_POINT('',(182.74,-92.42,0.));
#17173 = CIRCLE('',#17174,0.5);
#17174 = AXIS2_PLACEMENT_3D('',#17175,#17176,#17177);
#17175 = CARTESIAN_POINT('',(182.74,-91.92,0.));
#17176 = DIRECTION('',(-0.,0.,-1.));
#17177 = DIRECTION('',(-0.,-1.,0.));
#17178 = FACE_BOUND('',#17179,.F.);
#17179 = EDGE_LOOP('',(#17180));
#17180 = ORIENTED_EDGE('',*,*,#17181,.T.);
#17181 = EDGE_CURVE('',#17182,#17182,#17184,.T.);
#17182 = VERTEX_POINT('',#17183);
#17183 = CARTESIAN_POINT('',(203.06,-102.58,0.));
#17184 = CIRCLE('',#17185,0.5);
#17185 = AXIS2_PLACEMENT_3D('',#17186,#17187,#17188);
#17186 = CARTESIAN_POINT('',(203.06,-102.08,0.));
#17187 = DIRECTION('',(-0.,0.,-1.));
#17188 = DIRECTION('',(-0.,-1.,0.));
#17189 = FACE_BOUND('',#17190,.F.);
#17190 = EDGE_LOOP('',(#17191));
#17191 = ORIENTED_EDGE('',*,*,#17192,.T.);
#17192 = EDGE_CURVE('',#17193,#17193,#17195,.T.);
#17193 = VERTEX_POINT('',#17194);
#17194 = CARTESIAN_POINT('',(203.06,-100.04,0.));
#17195 = CIRCLE('',#17196,0.5);
#17196 = AXIS2_PLACEMENT_3D('',#17197,#17198,#17199);
#17197 = CARTESIAN_POINT('',(203.06,-99.54,0.));
#17198 = DIRECTION('',(-0.,0.,-1.));
#17199 = DIRECTION('',(-0.,-1.,0.));
#17200 = FACE_BOUND('',#17201,.F.);
#17201 = EDGE_LOOP('',(#17202));
#17202 = ORIENTED_EDGE('',*,*,#17203,.T.);
#17203 = EDGE_CURVE('',#17204,#17204,#17206,.T.);
#17204 = VERTEX_POINT('',#17205);
#17205 = CARTESIAN_POINT('',(203.06,-97.5,0.));
#17206 = CIRCLE('',#17207,0.5);
#17207 = AXIS2_PLACEMENT_3D('',#17208,#17209,#17210);
#17208 = CARTESIAN_POINT('',(203.06,-97.,0.));
#17209 = DIRECTION('',(-0.,0.,-1.));
#17210 = DIRECTION('',(-0.,-1.,0.));
#17211 = FACE_BOUND('',#17212,.F.);
#17212 = EDGE_LOOP('',(#17213));
#17213 = ORIENTED_EDGE('',*,*,#17214,.T.);
#17214 = EDGE_CURVE('',#17215,#17215,#17217,.T.);
#17215 = VERTEX_POINT('',#17216);
#17216 = CARTESIAN_POINT('',(203.06,-94.96,0.));
#17217 = CIRCLE('',#17218,0.5);
#17218 = AXIS2_PLACEMENT_3D('',#17219,#17220,#17221);
#17219 = CARTESIAN_POINT('',(203.06,-94.46,0.));
#17220 = DIRECTION('',(-0.,0.,-1.));
#17221 = DIRECTION('',(-0.,-1.,0.));
#17222 = FACE_BOUND('',#17223,.F.);
#17223 = EDGE_LOOP('',(#17224));
#17224 = ORIENTED_EDGE('',*,*,#17225,.T.);
#17225 = EDGE_CURVE('',#17226,#17226,#17228,.T.);
#17226 = VERTEX_POINT('',#17227);
#17227 = CARTESIAN_POINT('',(203.06,-92.42,0.));
#17228 = CIRCLE('',#17229,0.5);
#17229 = AXIS2_PLACEMENT_3D('',#17230,#17231,#17232);
#17230 = CARTESIAN_POINT('',(203.06,-91.92,0.));
#17231 = DIRECTION('',(-0.,0.,-1.));
#17232 = DIRECTION('',(-0.,-1.,0.));
#17233 = PLANE('',#17234);
#17234 = AXIS2_PLACEMENT_3D('',#17235,#17236,#17237);
#17235 = CARTESIAN_POINT('',(0.,0.,0.));
#17236 = DIRECTION('',(0.,0.,1.));
#17237 = DIRECTION('',(1.,0.,-0.));
#17238 = ADVANCED_FACE('',(#17239,#17250,#17261,#17272,#17283,#17294,
    #17305,#17316,#17327,#17338,#17349,#17360,#17371,#17382,#17393,
    #17404,#17415,#17426,#17437,#17448,#17459,#17470,#17481,#17492,
    #17503,#17514,#17525,#17536,#17547,#17558,#17569,#17580,#17591,
    #17602,#17613,#17624,#17635,#17646,#17657,#17668,#17679,#17690,
    #17701,#17712,#17723,#17734,#17745,#17756,#17767,#17778,#17789,
    #17800,#17811,#17822,#17833,#17844,#17855,#17866,#17877,#17888,
    #17899,#17910),#17921,.T.);
#17239 = FACE_BOUND('',#17240,.T.);
#17240 = EDGE_LOOP('',(#17241,#17242,#17243,#17249));
#17241 = ORIENTED_EDGE('',*,*,#16462,.F.);
#17242 = ORIENTED_EDGE('',*,*,#16502,.F.);
#17243 = ORIENTED_EDGE('',*,*,#17244,.F.);
#17244 = EDGE_CURVE('',#16525,#16495,#17245,.T.);
#17245 = LINE('',#17246,#17247);
#17246 = CARTESIAN_POINT('',(110.,-74.62,1.51));
#17247 = VECTOR('',#17248,1.);
#17248 = DIRECTION('',(1.,0.,0.));
#17249 = ORIENTED_EDGE('',*,*,#16524,.F.);
#17250 = FACE_BOUND('',#17251,.T.);
#17251 = EDGE_LOOP('',(#17252));
#17252 = ORIENTED_EDGE('',*,*,#17253,.T.);
#17253 = EDGE_CURVE('',#17254,#17254,#17256,.T.);
#17254 = VERTEX_POINT('',#17255);
#17255 = CARTESIAN_POINT('',(149.92,-126.5,1.51));
#17256 = CIRCLE('',#17257,0.5);
#17257 = AXIS2_PLACEMENT_3D('',#17258,#17259,#17260);
#17258 = CARTESIAN_POINT('',(149.92,-126.,1.51));
#17259 = DIRECTION('',(-0.,0.,-1.));
#17260 = DIRECTION('',(-0.,-1.,0.));
#17261 = FACE_BOUND('',#17262,.T.);
#17262 = EDGE_LOOP('',(#17263));
#17263 = ORIENTED_EDGE('',*,*,#17264,.T.);
#17264 = EDGE_CURVE('',#17265,#17265,#17267,.T.);
#17265 = VERTEX_POINT('',#17266);
#17266 = CARTESIAN_POINT('',(149.92,-123.96,1.51));
#17267 = CIRCLE('',#17268,0.5);
#17268 = AXIS2_PLACEMENT_3D('',#17269,#17270,#17271);
#17269 = CARTESIAN_POINT('',(149.92,-123.46,1.51));
#17270 = DIRECTION('',(-0.,0.,-1.));
#17271 = DIRECTION('',(-0.,-1.,0.));
#17272 = FACE_BOUND('',#17273,.T.);
#17273 = EDGE_LOOP('',(#17274));
#17274 = ORIENTED_EDGE('',*,*,#17275,.T.);
#17275 = EDGE_CURVE('',#17276,#17276,#17278,.T.);
#17276 = VERTEX_POINT('',#17277);
#17277 = CARTESIAN_POINT('',(156.46,-136.,1.51));
#17278 = CIRCLE('',#17279,0.5);
#17279 = AXIS2_PLACEMENT_3D('',#17280,#17281,#17282);
#17280 = CARTESIAN_POINT('',(156.46,-135.5,1.51));
#17281 = DIRECTION('',(-0.,0.,-1.));
#17282 = DIRECTION('',(-0.,-1.,0.));
#17283 = FACE_BOUND('',#17284,.T.);
#17284 = EDGE_LOOP('',(#17285));
#17285 = ORIENTED_EDGE('',*,*,#17286,.T.);
#17286 = EDGE_CURVE('',#17287,#17287,#17289,.T.);
#17287 = VERTEX_POINT('',#17288);
#17288 = CARTESIAN_POINT('',(161.54,-136.,1.51));
#17289 = CIRCLE('',#17290,0.5);
#17290 = AXIS2_PLACEMENT_3D('',#17291,#17292,#17293);
#17291 = CARTESIAN_POINT('',(161.54,-135.5,1.51));
#17292 = DIRECTION('',(-0.,0.,-1.));
#17293 = DIRECTION('',(-0.,-1.,0.));
#17294 = FACE_BOUND('',#17295,.T.);
#17295 = EDGE_LOOP('',(#17296));
#17296 = ORIENTED_EDGE('',*,*,#17297,.T.);
#17297 = EDGE_CURVE('',#17298,#17298,#17300,.T.);
#17298 = VERTEX_POINT('',#17299);
#17299 = CARTESIAN_POINT('',(167.7,-126.5,1.51));
#17300 = CIRCLE('',#17301,0.5);
#17301 = AXIS2_PLACEMENT_3D('',#17302,#17303,#17304);
#17302 = CARTESIAN_POINT('',(167.7,-126.,1.51));
#17303 = DIRECTION('',(-0.,0.,-1.));
#17304 = DIRECTION('',(-0.,-1.,0.));
#17305 = FACE_BOUND('',#17306,.T.);
#17306 = EDGE_LOOP('',(#17307));
#17307 = ORIENTED_EDGE('',*,*,#17308,.T.);
#17308 = EDGE_CURVE('',#17309,#17309,#17311,.T.);
#17309 = VERTEX_POINT('',#17310);
#17310 = CARTESIAN_POINT('',(167.7,-123.96,1.51));
#17311 = CIRCLE('',#17312,0.5);
#17312 = AXIS2_PLACEMENT_3D('',#17313,#17314,#17315);
#17313 = CARTESIAN_POINT('',(167.7,-123.46,1.51));
#17314 = DIRECTION('',(-0.,0.,-1.));
#17315 = DIRECTION('',(-0.,-1.,0.));
#17316 = FACE_BOUND('',#17317,.T.);
#17317 = EDGE_LOOP('',(#17318));
#17318 = ORIENTED_EDGE('',*,*,#17319,.T.);
#17319 = EDGE_CURVE('',#17320,#17320,#17322,.T.);
#17320 = VERTEX_POINT('',#17321);
#17321 = CARTESIAN_POINT('',(149.92,-121.42,1.51));
#17322 = CIRCLE('',#17323,0.5);
#17323 = AXIS2_PLACEMENT_3D('',#17324,#17325,#17326);
#17324 = CARTESIAN_POINT('',(149.92,-120.92,1.51));
#17325 = DIRECTION('',(-0.,0.,-1.));
#17326 = DIRECTION('',(-0.,-1.,0.));
#17327 = FACE_BOUND('',#17328,.T.);
#17328 = EDGE_LOOP('',(#17329));
#17329 = ORIENTED_EDGE('',*,*,#17330,.T.);
#17330 = EDGE_CURVE('',#17331,#17331,#17333,.T.);
#17331 = VERTEX_POINT('',#17332);
#17332 = CARTESIAN_POINT('',(149.92,-118.88,1.51));
#17333 = CIRCLE('',#17334,0.5);
#17334 = AXIS2_PLACEMENT_3D('',#17335,#17336,#17337);
#17335 = CARTESIAN_POINT('',(149.92,-118.38,1.51));
#17336 = DIRECTION('',(-0.,0.,-1.));
#17337 = DIRECTION('',(-0.,-1.,0.));
#17338 = FACE_BOUND('',#17339,.T.);
#17339 = EDGE_LOOP('',(#17340));
#17340 = ORIENTED_EDGE('',*,*,#17341,.T.);
#17341 = EDGE_CURVE('',#17342,#17342,#17344,.T.);
#17342 = VERTEX_POINT('',#17343);
#17343 = CARTESIAN_POINT('',(149.92,-116.34,1.51));
#17344 = CIRCLE('',#17345,0.5);
#17345 = AXIS2_PLACEMENT_3D('',#17346,#17347,#17348);
#17346 = CARTESIAN_POINT('',(149.92,-115.84,1.51));
#17347 = DIRECTION('',(-0.,0.,-1.));
#17348 = DIRECTION('',(-0.,-1.,0.));
#17349 = FACE_BOUND('',#17350,.T.);
#17350 = EDGE_LOOP('',(#17351));
#17351 = ORIENTED_EDGE('',*,*,#17352,.T.);
#17352 = EDGE_CURVE('',#17353,#17353,#17355,.T.);
#17353 = VERTEX_POINT('',#17354);
#17354 = CARTESIAN_POINT('',(149.92,-113.8,1.51));
#17355 = CIRCLE('',#17356,0.5);
#17356 = AXIS2_PLACEMENT_3D('',#17357,#17358,#17359);
#17357 = CARTESIAN_POINT('',(149.92,-113.3,1.51));
#17358 = DIRECTION('',(-0.,0.,-1.));
#17359 = DIRECTION('',(-0.,-1.,0.));
#17360 = FACE_BOUND('',#17361,.T.);
#17361 = EDGE_LOOP('',(#17362));
#17362 = ORIENTED_EDGE('',*,*,#17363,.T.);
#17363 = EDGE_CURVE('',#17364,#17364,#17366,.T.);
#17364 = VERTEX_POINT('',#17365);
#17365 = CARTESIAN_POINT('',(149.92,-111.26,1.51));
#17366 = CIRCLE('',#17367,0.5);
#17367 = AXIS2_PLACEMENT_3D('',#17368,#17369,#17370);
#17368 = CARTESIAN_POINT('',(149.92,-110.76,1.51));
#17369 = DIRECTION('',(-0.,0.,-1.));
#17370 = DIRECTION('',(-0.,-1.,0.));
#17371 = FACE_BOUND('',#17372,.T.);
#17372 = EDGE_LOOP('',(#17373));
#17373 = ORIENTED_EDGE('',*,*,#17374,.T.);
#17374 = EDGE_CURVE('',#17375,#17375,#17377,.T.);
#17375 = VERTEX_POINT('',#17376);
#17376 = CARTESIAN_POINT('',(149.92,-108.72,1.51));
#17377 = CIRCLE('',#17378,0.5);
#17378 = AXIS2_PLACEMENT_3D('',#17379,#17380,#17381);
#17379 = CARTESIAN_POINT('',(149.92,-108.22,1.51));
#17380 = DIRECTION('',(-0.,0.,-1.));
#17381 = DIRECTION('',(-0.,-1.,0.));
#17382 = FACE_BOUND('',#17383,.T.);
#17383 = EDGE_LOOP('',(#17384));
#17384 = ORIENTED_EDGE('',*,*,#17385,.T.);
#17385 = EDGE_CURVE('',#17386,#17386,#17388,.T.);
#17386 = VERTEX_POINT('',#17387);
#17387 = CARTESIAN_POINT('',(167.7,-121.42,1.51));
#17388 = CIRCLE('',#17389,0.5);
#17389 = AXIS2_PLACEMENT_3D('',#17390,#17391,#17392);
#17390 = CARTESIAN_POINT('',(167.7,-120.92,1.51));
#17391 = DIRECTION('',(-0.,0.,-1.));
#17392 = DIRECTION('',(-0.,-1.,0.));
#17393 = FACE_BOUND('',#17394,.T.);
#17394 = EDGE_LOOP('',(#17395));
#17395 = ORIENTED_EDGE('',*,*,#17396,.T.);
#17396 = EDGE_CURVE('',#17397,#17397,#17399,.T.);
#17397 = VERTEX_POINT('',#17398);
#17398 = CARTESIAN_POINT('',(167.7,-118.88,1.51));
#17399 = CIRCLE('',#17400,0.5);
#17400 = AXIS2_PLACEMENT_3D('',#17401,#17402,#17403);
#17401 = CARTESIAN_POINT('',(167.7,-118.38,1.51));
#17402 = DIRECTION('',(-0.,0.,-1.));
#17403 = DIRECTION('',(-0.,-1.,0.));
#17404 = FACE_BOUND('',#17405,.T.);
#17405 = EDGE_LOOP('',(#17406));
#17406 = ORIENTED_EDGE('',*,*,#17407,.T.);
#17407 = EDGE_CURVE('',#17408,#17408,#17410,.T.);
#17408 = VERTEX_POINT('',#17409);
#17409 = CARTESIAN_POINT('',(167.7,-116.34,1.51));
#17410 = CIRCLE('',#17411,0.5);
#17411 = AXIS2_PLACEMENT_3D('',#17412,#17413,#17414);
#17412 = CARTESIAN_POINT('',(167.7,-115.84,1.51));
#17413 = DIRECTION('',(-0.,0.,-1.));
#17414 = DIRECTION('',(-0.,-1.,0.));
#17415 = FACE_BOUND('',#17416,.T.);
#17416 = EDGE_LOOP('',(#17417));
#17417 = ORIENTED_EDGE('',*,*,#17418,.T.);
#17418 = EDGE_CURVE('',#17419,#17419,#17421,.T.);
#17419 = VERTEX_POINT('',#17420);
#17420 = CARTESIAN_POINT('',(167.7,-113.8,1.51));
#17421 = CIRCLE('',#17422,0.5);
#17422 = AXIS2_PLACEMENT_3D('',#17423,#17424,#17425);
#17423 = CARTESIAN_POINT('',(167.7,-113.3,1.51));
#17424 = DIRECTION('',(-0.,0.,-1.));
#17425 = DIRECTION('',(-0.,-1.,0.));
#17426 = FACE_BOUND('',#17427,.T.);
#17427 = EDGE_LOOP('',(#17428));
#17428 = ORIENTED_EDGE('',*,*,#17429,.T.);
#17429 = EDGE_CURVE('',#17430,#17430,#17432,.T.);
#17430 = VERTEX_POINT('',#17431);
#17431 = CARTESIAN_POINT('',(167.7,-111.26,1.51));
#17432 = CIRCLE('',#17433,0.5);
#17433 = AXIS2_PLACEMENT_3D('',#17434,#17435,#17436);
#17434 = CARTESIAN_POINT('',(167.7,-110.76,1.51));
#17435 = DIRECTION('',(-0.,0.,-1.));
#17436 = DIRECTION('',(-0.,-1.,0.));
#17437 = FACE_BOUND('',#17438,.T.);
#17438 = EDGE_LOOP('',(#17439));
#17439 = ORIENTED_EDGE('',*,*,#17440,.T.);
#17440 = EDGE_CURVE('',#17441,#17441,#17443,.T.);
#17441 = VERTEX_POINT('',#17442);
#17442 = CARTESIAN_POINT('',(167.7,-108.72,1.51));
#17443 = CIRCLE('',#17444,0.5);
#17444 = AXIS2_PLACEMENT_3D('',#17445,#17446,#17447);
#17445 = CARTESIAN_POINT('',(167.7,-108.22,1.51));
#17446 = DIRECTION('',(-0.,0.,-1.));
#17447 = DIRECTION('',(-0.,-1.,0.));
#17448 = FACE_BOUND('',#17449,.T.);
#17449 = EDGE_LOOP('',(#17450));
#17450 = ORIENTED_EDGE('',*,*,#17451,.T.);
#17451 = EDGE_CURVE('',#17452,#17452,#17454,.T.);
#17452 = VERTEX_POINT('',#17453);
#17453 = CARTESIAN_POINT('',(199.,-131.144,1.51));
#17454 = CIRCLE('',#17455,0.7);
#17455 = AXIS2_PLACEMENT_3D('',#17456,#17457,#17458);
#17456 = CARTESIAN_POINT('',(199.,-130.444,1.51));
#17457 = DIRECTION('',(-0.,0.,-1.));
#17458 = DIRECTION('',(-0.,-1.,0.));
#17459 = FACE_BOUND('',#17460,.T.);
#17460 = EDGE_LOOP('',(#17461));
#17461 = ORIENTED_EDGE('',*,*,#17462,.T.);
#17462 = EDGE_CURVE('',#17463,#17463,#17465,.T.);
#17463 = VERTEX_POINT('',#17464);
#17464 = CARTESIAN_POINT('',(133.16,-104.58,1.51));
#17465 = CIRCLE('',#17466,0.5);
#17466 = AXIS2_PLACEMENT_3D('',#17467,#17468,#17469);
#17467 = CARTESIAN_POINT('',(133.16,-104.08,1.51));
#17468 = DIRECTION('',(-0.,0.,-1.));
#17469 = DIRECTION('',(-0.,-1.,0.));
#17470 = FACE_BOUND('',#17471,.T.);
#17471 = EDGE_LOOP('',(#17472));
#17472 = ORIENTED_EDGE('',*,*,#17473,.T.);
#17473 = EDGE_CURVE('',#17474,#17474,#17476,.T.);
#17474 = VERTEX_POINT('',#17475);
#17475 = CARTESIAN_POINT('',(133.16,-102.04,1.51));
#17476 = CIRCLE('',#17477,0.5);
#17477 = AXIS2_PLACEMENT_3D('',#17478,#17479,#17480);
#17478 = CARTESIAN_POINT('',(133.16,-101.54,1.51));
#17479 = DIRECTION('',(-0.,0.,-1.));
#17480 = DIRECTION('',(-0.,-1.,0.));
#17481 = FACE_BOUND('',#17482,.T.);
#17482 = EDGE_LOOP('',(#17483));
#17483 = ORIENTED_EDGE('',*,*,#17484,.T.);
#17484 = EDGE_CURVE('',#17485,#17485,#17487,.T.);
#17485 = VERTEX_POINT('',#17486);
#17486 = CARTESIAN_POINT('',(133.16,-99.5,1.51));
#17487 = CIRCLE('',#17488,0.5);
#17488 = AXIS2_PLACEMENT_3D('',#17489,#17490,#17491);
#17489 = CARTESIAN_POINT('',(133.16,-99.,1.51));
#17490 = DIRECTION('',(-0.,0.,-1.));
#17491 = DIRECTION('',(-0.,-1.,0.));
#17492 = FACE_BOUND('',#17493,.T.);
#17493 = EDGE_LOOP('',(#17494));
#17494 = ORIENTED_EDGE('',*,*,#17495,.T.);
#17495 = EDGE_CURVE('',#17496,#17496,#17498,.T.);
#17496 = VERTEX_POINT('',#17497);
#17497 = CARTESIAN_POINT('',(149.92,-106.18,1.51));
#17498 = CIRCLE('',#17499,0.5);
#17499 = AXIS2_PLACEMENT_3D('',#17500,#17501,#17502);
#17500 = CARTESIAN_POINT('',(149.92,-105.68,1.51));
#17501 = DIRECTION('',(-0.,0.,-1.));
#17502 = DIRECTION('',(-0.,-1.,0.));
#17503 = FACE_BOUND('',#17504,.T.);
#17504 = EDGE_LOOP('',(#17505));
#17505 = ORIENTED_EDGE('',*,*,#17506,.T.);
#17506 = EDGE_CURVE('',#17507,#17507,#17509,.T.);
#17507 = VERTEX_POINT('',#17508);
#17508 = CARTESIAN_POINT('',(149.92,-103.64,1.51));
#17509 = CIRCLE('',#17510,0.5);
#17510 = AXIS2_PLACEMENT_3D('',#17511,#17512,#17513);
#17511 = CARTESIAN_POINT('',(149.92,-103.14,1.51));
#17512 = DIRECTION('',(-0.,0.,-1.));
#17513 = DIRECTION('',(-0.,-1.,0.));
#17514 = FACE_BOUND('',#17515,.T.);
#17515 = EDGE_LOOP('',(#17516));
#17516 = ORIENTED_EDGE('',*,*,#17517,.T.);
#17517 = EDGE_CURVE('',#17518,#17518,#17520,.T.);
#17518 = VERTEX_POINT('',#17519);
#17519 = CARTESIAN_POINT('',(149.92,-101.1,1.51));
#17520 = CIRCLE('',#17521,0.5);
#17521 = AXIS2_PLACEMENT_3D('',#17522,#17523,#17524);
#17522 = CARTESIAN_POINT('',(149.92,-100.6,1.51));
#17523 = DIRECTION('',(-0.,0.,-1.));
#17524 = DIRECTION('',(-0.,-1.,0.));
#17525 = FACE_BOUND('',#17526,.T.);
#17526 = EDGE_LOOP('',(#17527));
#17527 = ORIENTED_EDGE('',*,*,#17528,.T.);
#17528 = EDGE_CURVE('',#17529,#17529,#17531,.T.);
#17529 = VERTEX_POINT('',#17530);
#17530 = CARTESIAN_POINT('',(133.16,-96.96,1.51));
#17531 = CIRCLE('',#17532,0.5);
#17532 = AXIS2_PLACEMENT_3D('',#17533,#17534,#17535);
#17533 = CARTESIAN_POINT('',(133.16,-96.46,1.51));
#17534 = DIRECTION('',(-0.,0.,-1.));
#17535 = DIRECTION('',(-0.,-1.,0.));
#17536 = FACE_BOUND('',#17537,.T.);
#17537 = EDGE_LOOP('',(#17538));
#17538 = ORIENTED_EDGE('',*,*,#17539,.T.);
#17539 = EDGE_CURVE('',#17540,#17540,#17542,.T.);
#17540 = VERTEX_POINT('',#17541);
#17541 = CARTESIAN_POINT('',(133.16,-94.42,1.51));
#17542 = CIRCLE('',#17543,0.5);
#17543 = AXIS2_PLACEMENT_3D('',#17544,#17545,#17546);
#17544 = CARTESIAN_POINT('',(133.16,-93.92,1.51));
#17545 = DIRECTION('',(-0.,0.,-1.));
#17546 = DIRECTION('',(-0.,-1.,0.));
#17547 = FACE_BOUND('',#17548,.T.);
#17548 = EDGE_LOOP('',(#17549));
#17549 = ORIENTED_EDGE('',*,*,#17550,.T.);
#17550 = EDGE_CURVE('',#17551,#17551,#17553,.T.);
#17551 = VERTEX_POINT('',#17552);
#17552 = CARTESIAN_POINT('',(149.92,-98.56,1.51));
#17553 = CIRCLE('',#17554,0.5);
#17554 = AXIS2_PLACEMENT_3D('',#17555,#17556,#17557);
#17555 = CARTESIAN_POINT('',(149.92,-98.06,1.51));
#17556 = DIRECTION('',(-0.,0.,-1.));
#17557 = DIRECTION('',(-0.,-1.,0.));
#17558 = FACE_BOUND('',#17559,.T.);
#17559 = EDGE_LOOP('',(#17560));
#17560 = ORIENTED_EDGE('',*,*,#17561,.T.);
#17561 = EDGE_CURVE('',#17562,#17562,#17564,.T.);
#17562 = VERTEX_POINT('',#17563);
#17563 = CARTESIAN_POINT('',(149.92,-96.02,1.51));
#17564 = CIRCLE('',#17565,0.5);
#17565 = AXIS2_PLACEMENT_3D('',#17566,#17567,#17568);
#17566 = CARTESIAN_POINT('',(149.92,-95.52,1.51));
#17567 = DIRECTION('',(-0.,0.,-1.));
#17568 = DIRECTION('',(-0.,-1.,0.));
#17569 = FACE_BOUND('',#17570,.T.);
#17570 = EDGE_LOOP('',(#17571));
#17571 = ORIENTED_EDGE('',*,*,#17572,.T.);
#17572 = EDGE_CURVE('',#17573,#17573,#17575,.T.);
#17573 = VERTEX_POINT('',#17574);
#17574 = CARTESIAN_POINT('',(149.92,-93.48,1.51));
#17575 = CIRCLE('',#17576,0.5);
#17576 = AXIS2_PLACEMENT_3D('',#17577,#17578,#17579);
#17577 = CARTESIAN_POINT('',(149.92,-92.98,1.51));
#17578 = DIRECTION('',(-0.,0.,-1.));
#17579 = DIRECTION('',(-0.,-1.,0.));
#17580 = FACE_BOUND('',#17581,.T.);
#17581 = EDGE_LOOP('',(#17582));
#17582 = ORIENTED_EDGE('',*,*,#17583,.T.);
#17583 = EDGE_CURVE('',#17584,#17584,#17586,.T.);
#17584 = VERTEX_POINT('',#17585);
#17585 = CARTESIAN_POINT('',(167.7,-106.18,1.51));
#17586 = CIRCLE('',#17587,0.5);
#17587 = AXIS2_PLACEMENT_3D('',#17588,#17589,#17590);
#17588 = CARTESIAN_POINT('',(167.7,-105.68,1.51));
#17589 = DIRECTION('',(-0.,0.,-1.));
#17590 = DIRECTION('',(-0.,-1.,0.));
#17591 = FACE_BOUND('',#17592,.T.);
#17592 = EDGE_LOOP('',(#17593));
#17593 = ORIENTED_EDGE('',*,*,#17594,.T.);
#17594 = EDGE_CURVE('',#17595,#17595,#17597,.T.);
#17595 = VERTEX_POINT('',#17596);
#17596 = CARTESIAN_POINT('',(167.7,-103.64,1.51));
#17597 = CIRCLE('',#17598,0.5);
#17598 = AXIS2_PLACEMENT_3D('',#17599,#17600,#17601);
#17599 = CARTESIAN_POINT('',(167.7,-103.14,1.51));
#17600 = DIRECTION('',(-0.,0.,-1.));
#17601 = DIRECTION('',(-0.,-1.,0.));
#17602 = FACE_BOUND('',#17603,.T.);
#17603 = EDGE_LOOP('',(#17604));
#17604 = ORIENTED_EDGE('',*,*,#17605,.T.);
#17605 = EDGE_CURVE('',#17606,#17606,#17608,.T.);
#17606 = VERTEX_POINT('',#17607);
#17607 = CARTESIAN_POINT('',(167.7,-101.1,1.51));
#17608 = CIRCLE('',#17609,0.5);
#17609 = AXIS2_PLACEMENT_3D('',#17610,#17611,#17612);
#17610 = CARTESIAN_POINT('',(167.7,-100.6,1.51));
#17611 = DIRECTION('',(-0.,0.,-1.));
#17612 = DIRECTION('',(-0.,-1.,0.));
#17613 = FACE_BOUND('',#17614,.T.);
#17614 = EDGE_LOOP('',(#17615));
#17615 = ORIENTED_EDGE('',*,*,#17616,.T.);
#17616 = EDGE_CURVE('',#17617,#17617,#17619,.T.);
#17617 = VERTEX_POINT('',#17618);
#17618 = CARTESIAN_POINT('',(167.7,-98.56,1.51));
#17619 = CIRCLE('',#17620,0.5);
#17620 = AXIS2_PLACEMENT_3D('',#17621,#17622,#17623);
#17621 = CARTESIAN_POINT('',(167.7,-98.06,1.51));
#17622 = DIRECTION('',(-0.,0.,-1.));
#17623 = DIRECTION('',(-0.,-1.,0.));
#17624 = FACE_BOUND('',#17625,.T.);
#17625 = EDGE_LOOP('',(#17626));
#17626 = ORIENTED_EDGE('',*,*,#17627,.T.);
#17627 = EDGE_CURVE('',#17628,#17628,#17630,.T.);
#17628 = VERTEX_POINT('',#17629);
#17629 = CARTESIAN_POINT('',(167.7,-96.02,1.51));
#17630 = CIRCLE('',#17631,0.5);
#17631 = AXIS2_PLACEMENT_3D('',#17632,#17633,#17634);
#17632 = CARTESIAN_POINT('',(167.7,-95.52,1.51));
#17633 = DIRECTION('',(-0.,0.,-1.));
#17634 = DIRECTION('',(-0.,-1.,0.));
#17635 = FACE_BOUND('',#17636,.T.);
#17636 = EDGE_LOOP('',(#17637));
#17637 = ORIENTED_EDGE('',*,*,#17638,.T.);
#17638 = EDGE_CURVE('',#17639,#17639,#17641,.T.);
#17639 = VERTEX_POINT('',#17640);
#17640 = CARTESIAN_POINT('',(167.7,-93.48,1.51));
#17641 = CIRCLE('',#17642,0.5);
#17642 = AXIS2_PLACEMENT_3D('',#17643,#17644,#17645);
#17643 = CARTESIAN_POINT('',(167.7,-92.98,1.51));
#17644 = DIRECTION('',(-0.,0.,-1.));
#17645 = DIRECTION('',(-0.,-1.,0.));
#17646 = FACE_BOUND('',#17647,.T.);
#17647 = EDGE_LOOP('',(#17648));
#17648 = ORIENTED_EDGE('',*,*,#17649,.T.);
#17649 = EDGE_CURVE('',#17650,#17650,#17652,.T.);
#17650 = VERTEX_POINT('',#17651);
#17651 = CARTESIAN_POINT('',(133.16,-91.88,1.51));
#17652 = CIRCLE('',#17653,0.5);
#17653 = AXIS2_PLACEMENT_3D('',#17654,#17655,#17656);
#17654 = CARTESIAN_POINT('',(133.16,-91.38,1.51));
#17655 = DIRECTION('',(-0.,0.,-1.));
#17656 = DIRECTION('',(-0.,-1.,0.));
#17657 = FACE_BOUND('',#17658,.T.);
#17658 = EDGE_LOOP('',(#17659));
#17659 = ORIENTED_EDGE('',*,*,#17660,.T.);
#17660 = EDGE_CURVE('',#17661,#17661,#17663,.T.);
#17661 = VERTEX_POINT('',#17662);
#17662 = CARTESIAN_POINT('',(149.92,-90.94,1.51));
#17663 = CIRCLE('',#17664,0.5);
#17664 = AXIS2_PLACEMENT_3D('',#17665,#17666,#17667);
#17665 = CARTESIAN_POINT('',(149.92,-90.44,1.51));
#17666 = DIRECTION('',(-0.,0.,-1.));
#17667 = DIRECTION('',(-0.,-1.,0.));
#17668 = FACE_BOUND('',#17669,.T.);
#17669 = EDGE_LOOP('',(#17670));
#17670 = ORIENTED_EDGE('',*,*,#17671,.T.);
#17671 = EDGE_CURVE('',#17672,#17672,#17674,.T.);
#17672 = VERTEX_POINT('',#17673);
#17673 = CARTESIAN_POINT('',(149.92,-88.4,1.51));
#17674 = CIRCLE('',#17675,0.5);
#17675 = AXIS2_PLACEMENT_3D('',#17676,#17677,#17678);
#17676 = CARTESIAN_POINT('',(149.92,-87.9,1.51));
#17677 = DIRECTION('',(-0.,0.,-1.));
#17678 = DIRECTION('',(-0.,-1.,0.));
#17679 = FACE_BOUND('',#17680,.T.);
#17680 = EDGE_LOOP('',(#17681));
#17681 = ORIENTED_EDGE('',*,*,#17682,.T.);
#17682 = EDGE_CURVE('',#17683,#17683,#17685,.T.);
#17683 = VERTEX_POINT('',#17684);
#17684 = CARTESIAN_POINT('',(149.92,-85.86,1.51));
#17685 = CIRCLE('',#17686,0.5);
#17686 = AXIS2_PLACEMENT_3D('',#17687,#17688,#17689);
#17687 = CARTESIAN_POINT('',(149.92,-85.36,1.51));
#17688 = DIRECTION('',(-0.,0.,-1.));
#17689 = DIRECTION('',(-0.,-1.,0.));
#17690 = FACE_BOUND('',#17691,.T.);
#17691 = EDGE_LOOP('',(#17692));
#17692 = ORIENTED_EDGE('',*,*,#17693,.T.);
#17693 = EDGE_CURVE('',#17694,#17694,#17696,.T.);
#17694 = VERTEX_POINT('',#17695);
#17695 = CARTESIAN_POINT('',(149.92,-83.32,1.51));
#17696 = CIRCLE('',#17697,0.5);
#17697 = AXIS2_PLACEMENT_3D('',#17698,#17699,#17700);
#17698 = CARTESIAN_POINT('',(149.92,-82.82,1.51));
#17699 = DIRECTION('',(-0.,0.,-1.));
#17700 = DIRECTION('',(-0.,-1.,0.));
#17701 = FACE_BOUND('',#17702,.T.);
#17702 = EDGE_LOOP('',(#17703));
#17703 = ORIENTED_EDGE('',*,*,#17704,.T.);
#17704 = EDGE_CURVE('',#17705,#17705,#17707,.T.);
#17705 = VERTEX_POINT('',#17706);
#17706 = CARTESIAN_POINT('',(149.92,-80.78,1.51));
#17707 = CIRCLE('',#17708,0.5);
#17708 = AXIS2_PLACEMENT_3D('',#17709,#17710,#17711);
#17709 = CARTESIAN_POINT('',(149.92,-80.28,1.51));
#17710 = DIRECTION('',(-0.,0.,-1.));
#17711 = DIRECTION('',(-0.,-1.,0.));
#17712 = FACE_BOUND('',#17713,.T.);
#17713 = EDGE_LOOP('',(#17714));
#17714 = ORIENTED_EDGE('',*,*,#17715,.T.);
#17715 = EDGE_CURVE('',#17716,#17716,#17718,.T.);
#17716 = VERTEX_POINT('',#17717);
#17717 = CARTESIAN_POINT('',(149.92,-78.24,1.51));
#17718 = CIRCLE('',#17719,0.5);
#17719 = AXIS2_PLACEMENT_3D('',#17720,#17721,#17722);
#17720 = CARTESIAN_POINT('',(149.92,-77.74,1.51));
#17721 = DIRECTION('',(-0.,0.,-1.));
#17722 = DIRECTION('',(-0.,-1.,0.));
#17723 = FACE_BOUND('',#17724,.T.);
#17724 = EDGE_LOOP('',(#17725));
#17725 = ORIENTED_EDGE('',*,*,#17726,.T.);
#17726 = EDGE_CURVE('',#17727,#17727,#17729,.T.);
#17727 = VERTEX_POINT('',#17728);
#17728 = CARTESIAN_POINT('',(167.7,-90.94,1.51));
#17729 = CIRCLE('',#17730,0.5);
#17730 = AXIS2_PLACEMENT_3D('',#17731,#17732,#17733);
#17731 = CARTESIAN_POINT('',(167.7,-90.44,1.51));
#17732 = DIRECTION('',(-0.,0.,-1.));
#17733 = DIRECTION('',(-0.,-1.,0.));
#17734 = FACE_BOUND('',#17735,.T.);
#17735 = EDGE_LOOP('',(#17736));
#17736 = ORIENTED_EDGE('',*,*,#17737,.T.);
#17737 = EDGE_CURVE('',#17738,#17738,#17740,.T.);
#17738 = VERTEX_POINT('',#17739);
#17739 = CARTESIAN_POINT('',(167.7,-88.4,1.51));
#17740 = CIRCLE('',#17741,0.5);
#17741 = AXIS2_PLACEMENT_3D('',#17742,#17743,#17744);
#17742 = CARTESIAN_POINT('',(167.7,-87.9,1.51));
#17743 = DIRECTION('',(-0.,0.,-1.));
#17744 = DIRECTION('',(-0.,-1.,0.));
#17745 = FACE_BOUND('',#17746,.T.);
#17746 = EDGE_LOOP('',(#17747));
#17747 = ORIENTED_EDGE('',*,*,#17748,.T.);
#17748 = EDGE_CURVE('',#17749,#17749,#17751,.T.);
#17749 = VERTEX_POINT('',#17750);
#17750 = CARTESIAN_POINT('',(167.7,-85.86,1.51));
#17751 = CIRCLE('',#17752,0.5);
#17752 = AXIS2_PLACEMENT_3D('',#17753,#17754,#17755);
#17753 = CARTESIAN_POINT('',(167.7,-85.36,1.51));
#17754 = DIRECTION('',(-0.,0.,-1.));
#17755 = DIRECTION('',(-0.,-1.,0.));
#17756 = FACE_BOUND('',#17757,.T.);
#17757 = EDGE_LOOP('',(#17758));
#17758 = ORIENTED_EDGE('',*,*,#17759,.T.);
#17759 = EDGE_CURVE('',#17760,#17760,#17762,.T.);
#17760 = VERTEX_POINT('',#17761);
#17761 = CARTESIAN_POINT('',(156.385,-81.825,1.51));
#17762 = CIRCLE('',#17763,0.925);
#17763 = AXIS2_PLACEMENT_3D('',#17764,#17765,#17766);
#17764 = CARTESIAN_POINT('',(156.385,-80.9,1.51));
#17765 = DIRECTION('',(-0.,0.,-1.));
#17766 = DIRECTION('',(-0.,-1.,0.));
#17767 = FACE_BOUND('',#17768,.T.);
#17768 = EDGE_LOOP('',(#17769));
#17769 = ORIENTED_EDGE('',*,*,#17770,.T.);
#17770 = EDGE_CURVE('',#17771,#17771,#17773,.T.);
#17771 = VERTEX_POINT('',#17772);
#17772 = CARTESIAN_POINT('',(156.085,-78.97,1.51));
#17773 = CIRCLE('',#17774,1.1);
#17774 = AXIS2_PLACEMENT_3D('',#17775,#17776,#17777);
#17775 = CARTESIAN_POINT('',(156.085,-77.87,1.51));
#17776 = DIRECTION('',(-0.,0.,-1.));
#17777 = DIRECTION('',(-0.,-1.,0.));
#17778 = FACE_BOUND('',#17779,.T.);
#17779 = EDGE_LOOP('',(#17780));
#17780 = ORIENTED_EDGE('',*,*,#17781,.T.);
#17781 = EDGE_CURVE('',#17782,#17782,#17784,.T.);
#17782 = VERTEX_POINT('',#17783);
#17783 = CARTESIAN_POINT('',(161.235,-81.825,1.51));
#17784 = CIRCLE('',#17785,0.925);
#17785 = AXIS2_PLACEMENT_3D('',#17786,#17787,#17788);
#17786 = CARTESIAN_POINT('',(161.235,-80.9,1.51));
#17787 = DIRECTION('',(-0.,0.,-1.));
#17788 = DIRECTION('',(-0.,-1.,0.));
#17789 = FACE_BOUND('',#17790,.T.);
#17790 = EDGE_LOOP('',(#17791));
#17791 = ORIENTED_EDGE('',*,*,#17792,.T.);
#17792 = EDGE_CURVE('',#17793,#17793,#17795,.T.);
#17793 = VERTEX_POINT('',#17794);
#17794 = CARTESIAN_POINT('',(167.7,-83.32,1.51));
#17795 = CIRCLE('',#17796,0.5);
#17796 = AXIS2_PLACEMENT_3D('',#17797,#17798,#17799);
#17797 = CARTESIAN_POINT('',(167.7,-82.82,1.51));
#17798 = DIRECTION('',(-0.,0.,-1.));
#17799 = DIRECTION('',(-0.,-1.,0.));
#17800 = FACE_BOUND('',#17801,.T.);
#17801 = EDGE_LOOP('',(#17802));
#17802 = ORIENTED_EDGE('',*,*,#17803,.T.);
#17803 = EDGE_CURVE('',#17804,#17804,#17806,.T.);
#17804 = VERTEX_POINT('',#17805);
#17805 = CARTESIAN_POINT('',(161.535,-78.97,1.51));
#17806 = CIRCLE('',#17807,1.1);
#17807 = AXIS2_PLACEMENT_3D('',#17808,#17809,#17810);
#17808 = CARTESIAN_POINT('',(161.535,-77.87,1.51));
#17809 = DIRECTION('',(-0.,0.,-1.));
#17810 = DIRECTION('',(-0.,-1.,0.));
#17811 = FACE_BOUND('',#17812,.T.);
#17812 = EDGE_LOOP('',(#17813));
#17813 = ORIENTED_EDGE('',*,*,#17814,.T.);
#17814 = EDGE_CURVE('',#17815,#17815,#17817,.T.);
#17815 = VERTEX_POINT('',#17816);
#17816 = CARTESIAN_POINT('',(167.7,-80.78,1.51));
#17817 = CIRCLE('',#17818,0.5);
#17818 = AXIS2_PLACEMENT_3D('',#17819,#17820,#17821);
#17819 = CARTESIAN_POINT('',(167.7,-80.28,1.51));
#17820 = DIRECTION('',(-0.,0.,-1.));
#17821 = DIRECTION('',(-0.,-1.,0.));
#17822 = FACE_BOUND('',#17823,.T.);
#17823 = EDGE_LOOP('',(#17824));
#17824 = ORIENTED_EDGE('',*,*,#17825,.T.);
#17825 = EDGE_CURVE('',#17826,#17826,#17828,.T.);
#17826 = VERTEX_POINT('',#17827);
#17827 = CARTESIAN_POINT('',(167.7,-78.24,1.51));
#17828 = CIRCLE('',#17829,0.5);
#17829 = AXIS2_PLACEMENT_3D('',#17830,#17831,#17832);
#17830 = CARTESIAN_POINT('',(167.7,-77.74,1.51));
#17831 = DIRECTION('',(-0.,0.,-1.));
#17832 = DIRECTION('',(-0.,-1.,0.));
#17833 = FACE_BOUND('',#17834,.T.);
#17834 = EDGE_LOOP('',(#17835));
#17835 = ORIENTED_EDGE('',*,*,#17836,.T.);
#17836 = EDGE_CURVE('',#17837,#17837,#17839,.T.);
#17837 = VERTEX_POINT('',#17838);
#17838 = CARTESIAN_POINT('',(182.74,-102.58,1.51));
#17839 = CIRCLE('',#17840,0.5);
#17840 = AXIS2_PLACEMENT_3D('',#17841,#17842,#17843);
#17841 = CARTESIAN_POINT('',(182.74,-102.08,1.51));
#17842 = DIRECTION('',(-0.,0.,-1.));
#17843 = DIRECTION('',(-0.,-1.,0.));
#17844 = FACE_BOUND('',#17845,.T.);
#17845 = EDGE_LOOP('',(#17846));
#17846 = ORIENTED_EDGE('',*,*,#17847,.T.);
#17847 = EDGE_CURVE('',#17848,#17848,#17850,.T.);
#17848 = VERTEX_POINT('',#17849);
#17849 = CARTESIAN_POINT('',(182.74,-94.96,1.51));
#17850 = CIRCLE('',#17851,0.5);
#17851 = AXIS2_PLACEMENT_3D('',#17852,#17853,#17854);
#17852 = CARTESIAN_POINT('',(182.74,-94.46,1.51));
#17853 = DIRECTION('',(-0.,0.,-1.));
#17854 = DIRECTION('',(-0.,-1.,0.));
#17855 = FACE_BOUND('',#17856,.T.);
#17856 = EDGE_LOOP('',(#17857));
#17857 = ORIENTED_EDGE('',*,*,#17858,.T.);
#17858 = EDGE_CURVE('',#17859,#17859,#17861,.T.);
#17859 = VERTEX_POINT('',#17860);
#17860 = CARTESIAN_POINT('',(182.74,-92.42,1.51));
#17861 = CIRCLE('',#17862,0.5);
#17862 = AXIS2_PLACEMENT_3D('',#17863,#17864,#17865);
#17863 = CARTESIAN_POINT('',(182.74,-91.92,1.51));
#17864 = DIRECTION('',(-0.,0.,-1.));
#17865 = DIRECTION('',(-0.,-1.,0.));
#17866 = FACE_BOUND('',#17867,.T.);
#17867 = EDGE_LOOP('',(#17868));
#17868 = ORIENTED_EDGE('',*,*,#17869,.T.);
#17869 = EDGE_CURVE('',#17870,#17870,#17872,.T.);
#17870 = VERTEX_POINT('',#17871);
#17871 = CARTESIAN_POINT('',(203.06,-102.58,1.51));
#17872 = CIRCLE('',#17873,0.5);
#17873 = AXIS2_PLACEMENT_3D('',#17874,#17875,#17876);
#17874 = CARTESIAN_POINT('',(203.06,-102.08,1.51));
#17875 = DIRECTION('',(-0.,0.,-1.));
#17876 = DIRECTION('',(-0.,-1.,0.));
#17877 = FACE_BOUND('',#17878,.T.);
#17878 = EDGE_LOOP('',(#17879));
#17879 = ORIENTED_EDGE('',*,*,#17880,.T.);
#17880 = EDGE_CURVE('',#17881,#17881,#17883,.T.);
#17881 = VERTEX_POINT('',#17882);
#17882 = CARTESIAN_POINT('',(203.06,-100.04,1.51));
#17883 = CIRCLE('',#17884,0.5);
#17884 = AXIS2_PLACEMENT_3D('',#17885,#17886,#17887);
#17885 = CARTESIAN_POINT('',(203.06,-99.54,1.51));
#17886 = DIRECTION('',(-0.,0.,-1.));
#17887 = DIRECTION('',(-0.,-1.,0.));
#17888 = FACE_BOUND('',#17889,.T.);
#17889 = EDGE_LOOP('',(#17890));
#17890 = ORIENTED_EDGE('',*,*,#17891,.T.);
#17891 = EDGE_CURVE('',#17892,#17892,#17894,.T.);
#17892 = VERTEX_POINT('',#17893);
#17893 = CARTESIAN_POINT('',(203.06,-97.5,1.51));
#17894 = CIRCLE('',#17895,0.5);
#17895 = AXIS2_PLACEMENT_3D('',#17896,#17897,#17898);
#17896 = CARTESIAN_POINT('',(203.06,-97.,1.51));
#17897 = DIRECTION('',(-0.,0.,-1.));
#17898 = DIRECTION('',(-0.,-1.,0.));
#17899 = FACE_BOUND('',#17900,.T.);
#17900 = EDGE_LOOP('',(#17901));
#17901 = ORIENTED_EDGE('',*,*,#17902,.T.);
#17902 = EDGE_CURVE('',#17903,#17903,#17905,.T.);
#17903 = VERTEX_POINT('',#17904);
#17904 = CARTESIAN_POINT('',(203.06,-94.96,1.51));
#17905 = CIRCLE('',#17906,0.5);
#17906 = AXIS2_PLACEMENT_3D('',#17907,#17908,#17909);
#17907 = CARTESIAN_POINT('',(203.06,-94.46,1.51));
#17908 = DIRECTION('',(-0.,0.,-1.));
#17909 = DIRECTION('',(-0.,-1.,0.));
#17910 = FACE_BOUND('',#17911,.T.);
#17911 = EDGE_LOOP('',(#17912));
#17912 = ORIENTED_EDGE('',*,*,#17913,.T.);
#17913 = EDGE_CURVE('',#17914,#17914,#17916,.T.);
#17914 = VERTEX_POINT('',#17915);
#17915 = CARTESIAN_POINT('',(203.06,-92.42,1.51));
#17916 = CIRCLE('',#17917,0.5);
#17917 = AXIS2_PLACEMENT_3D('',#17918,#17919,#17920);
#17918 = CARTESIAN_POINT('',(203.06,-91.92,1.51));
#17919 = DIRECTION('',(-0.,0.,-1.));
#17920 = DIRECTION('',(-0.,-1.,0.));
#17921 = PLANE('',#17922);
#17922 = AXIS2_PLACEMENT_3D('',#17923,#17924,#17925);
#17923 = CARTESIAN_POINT('',(0.,0.,1.51));
#17924 = DIRECTION('',(0.,0.,1.));
#17925 = DIRECTION('',(1.,0.,-0.));
#17926 = ADVANCED_FACE('',(#17927),#17933,.T.);
#17927 = FACE_BOUND('',#17928,.T.);
#17928 = EDGE_LOOP('',(#17929,#17930,#17931,#17932));
#17929 = ORIENTED_EDGE('',*,*,#16532,.T.);
#17930 = ORIENTED_EDGE('',*,*,#17244,.T.);
#17931 = ORIENTED_EDGE('',*,*,#16492,.F.);
#17932 = ORIENTED_EDGE('',*,*,#16556,.F.);
#17933 = PLANE('',#17934);
#17934 = AXIS2_PLACEMENT_3D('',#17935,#17936,#17937);
#17935 = CARTESIAN_POINT('',(110.,-74.62,0.));
#17936 = DIRECTION('',(0.,1.,0.));
#17937 = DIRECTION('',(1.,0.,0.));
#17938 = ADVANCED_FACE('',(#17939),#17950,.F.);
#17939 = FACE_BOUND('',#17940,.T.);
#17940 = EDGE_LOOP('',(#17941,#17942,#17948,#17949));
#17941 = ORIENTED_EDGE('',*,*,#16565,.T.);
#17942 = ORIENTED_EDGE('',*,*,#17943,.T.);
#17943 = EDGE_CURVE('',#16566,#17254,#17944,.T.);
#17944 = LINE('',#17945,#17946);
#17945 = CARTESIAN_POINT('',(149.92,-126.5,-4.6E-02));
#17946 = VECTOR('',#17947,1.);
#17947 = DIRECTION('',(0.,0.,1.));
#17948 = ORIENTED_EDGE('',*,*,#17253,.F.);
#17949 = ORIENTED_EDGE('',*,*,#17943,.F.);
#17950 = CYLINDRICAL_SURFACE('',#17951,0.5);
#17951 = AXIS2_PLACEMENT_3D('',#17952,#17953,#17954);
#17952 = CARTESIAN_POINT('',(149.92,-126.,-4.6E-02));
#17953 = DIRECTION('',(-0.,-0.,-1.));
#17954 = DIRECTION('',(-0.,-1.,0.));
#17955 = ADVANCED_FACE('',(#17956),#17967,.F.);
#17956 = FACE_BOUND('',#17957,.T.);
#17957 = EDGE_LOOP('',(#17958,#17959,#17965,#17966));
#17958 = ORIENTED_EDGE('',*,*,#16576,.T.);
#17959 = ORIENTED_EDGE('',*,*,#17960,.T.);
#17960 = EDGE_CURVE('',#16577,#17265,#17961,.T.);
#17961 = LINE('',#17962,#17963);
#17962 = CARTESIAN_POINT('',(149.92,-123.96,-4.6E-02));
#17963 = VECTOR('',#17964,1.);
#17964 = DIRECTION('',(0.,0.,1.));
#17965 = ORIENTED_EDGE('',*,*,#17264,.F.);
#17966 = ORIENTED_EDGE('',*,*,#17960,.F.);
#17967 = CYLINDRICAL_SURFACE('',#17968,0.5);
#17968 = AXIS2_PLACEMENT_3D('',#17969,#17970,#17971);
#17969 = CARTESIAN_POINT('',(149.92,-123.46,-4.6E-02));
#17970 = DIRECTION('',(-0.,-0.,-1.));
#17971 = DIRECTION('',(-0.,-1.,0.));
#17972 = ADVANCED_FACE('',(#17973),#17984,.F.);
#17973 = FACE_BOUND('',#17974,.T.);
#17974 = EDGE_LOOP('',(#17975,#17976,#17982,#17983));
#17975 = ORIENTED_EDGE('',*,*,#16587,.T.);
#17976 = ORIENTED_EDGE('',*,*,#17977,.T.);
#17977 = EDGE_CURVE('',#16588,#17276,#17978,.T.);
#17978 = LINE('',#17979,#17980);
#17979 = CARTESIAN_POINT('',(156.46,-136.,-4.6E-02));
#17980 = VECTOR('',#17981,1.);
#17981 = DIRECTION('',(0.,0.,1.));
#17982 = ORIENTED_EDGE('',*,*,#17275,.F.);
#17983 = ORIENTED_EDGE('',*,*,#17977,.F.);
#17984 = CYLINDRICAL_SURFACE('',#17985,0.5);
#17985 = AXIS2_PLACEMENT_3D('',#17986,#17987,#17988);
#17986 = CARTESIAN_POINT('',(156.46,-135.5,-4.6E-02));
#17987 = DIRECTION('',(-0.,-0.,-1.));
#17988 = DIRECTION('',(-0.,-1.,0.));
#17989 = ADVANCED_FACE('',(#17990),#18001,.F.);
#17990 = FACE_BOUND('',#17991,.T.);
#17991 = EDGE_LOOP('',(#17992,#17993,#17999,#18000));
#17992 = ORIENTED_EDGE('',*,*,#16598,.T.);
#17993 = ORIENTED_EDGE('',*,*,#17994,.T.);
#17994 = EDGE_CURVE('',#16599,#17287,#17995,.T.);
#17995 = LINE('',#17996,#17997);
#17996 = CARTESIAN_POINT('',(161.54,-136.,-4.6E-02));
#17997 = VECTOR('',#17998,1.);
#17998 = DIRECTION('',(0.,0.,1.));
#17999 = ORIENTED_EDGE('',*,*,#17286,.F.);
#18000 = ORIENTED_EDGE('',*,*,#17994,.F.);
#18001 = CYLINDRICAL_SURFACE('',#18002,0.5);
#18002 = AXIS2_PLACEMENT_3D('',#18003,#18004,#18005);
#18003 = CARTESIAN_POINT('',(161.54,-135.5,-4.6E-02));
#18004 = DIRECTION('',(-0.,-0.,-1.));
#18005 = DIRECTION('',(-0.,-1.,0.));
#18006 = ADVANCED_FACE('',(#18007),#18018,.F.);
#18007 = FACE_BOUND('',#18008,.T.);
#18008 = EDGE_LOOP('',(#18009,#18010,#18016,#18017));
#18009 = ORIENTED_EDGE('',*,*,#16609,.T.);
#18010 = ORIENTED_EDGE('',*,*,#18011,.T.);
#18011 = EDGE_CURVE('',#16610,#17298,#18012,.T.);
#18012 = LINE('',#18013,#18014);
#18013 = CARTESIAN_POINT('',(167.7,-126.5,-4.6E-02));
#18014 = VECTOR('',#18015,1.);
#18015 = DIRECTION('',(0.,0.,1.));
#18016 = ORIENTED_EDGE('',*,*,#17297,.F.);
#18017 = ORIENTED_EDGE('',*,*,#18011,.F.);
#18018 = CYLINDRICAL_SURFACE('',#18019,0.5);
#18019 = AXIS2_PLACEMENT_3D('',#18020,#18021,#18022);
#18020 = CARTESIAN_POINT('',(167.7,-126.,-4.6E-02));
#18021 = DIRECTION('',(-0.,-0.,-1.));
#18022 = DIRECTION('',(-0.,-1.,0.));
#18023 = ADVANCED_FACE('',(#18024),#18035,.F.);
#18024 = FACE_BOUND('',#18025,.T.);
#18025 = EDGE_LOOP('',(#18026,#18027,#18033,#18034));
#18026 = ORIENTED_EDGE('',*,*,#16620,.T.);
#18027 = ORIENTED_EDGE('',*,*,#18028,.T.);
#18028 = EDGE_CURVE('',#16621,#17309,#18029,.T.);
#18029 = LINE('',#18030,#18031);
#18030 = CARTESIAN_POINT('',(167.7,-123.96,-4.6E-02));
#18031 = VECTOR('',#18032,1.);
#18032 = DIRECTION('',(0.,0.,1.));
#18033 = ORIENTED_EDGE('',*,*,#17308,.F.);
#18034 = ORIENTED_EDGE('',*,*,#18028,.F.);
#18035 = CYLINDRICAL_SURFACE('',#18036,0.5);
#18036 = AXIS2_PLACEMENT_3D('',#18037,#18038,#18039);
#18037 = CARTESIAN_POINT('',(167.7,-123.46,-4.6E-02));
#18038 = DIRECTION('',(-0.,-0.,-1.));
#18039 = DIRECTION('',(-0.,-1.,0.));
#18040 = ADVANCED_FACE('',(#18041),#18052,.F.);
#18041 = FACE_BOUND('',#18042,.T.);
#18042 = EDGE_LOOP('',(#18043,#18044,#18050,#18051));
#18043 = ORIENTED_EDGE('',*,*,#16631,.T.);
#18044 = ORIENTED_EDGE('',*,*,#18045,.T.);
#18045 = EDGE_CURVE('',#16632,#17320,#18046,.T.);
#18046 = LINE('',#18047,#18048);
#18047 = CARTESIAN_POINT('',(149.92,-121.42,-4.6E-02));
#18048 = VECTOR('',#18049,1.);
#18049 = DIRECTION('',(0.,0.,1.));
#18050 = ORIENTED_EDGE('',*,*,#17319,.F.);
#18051 = ORIENTED_EDGE('',*,*,#18045,.F.);
#18052 = CYLINDRICAL_SURFACE('',#18053,0.5);
#18053 = AXIS2_PLACEMENT_3D('',#18054,#18055,#18056);
#18054 = CARTESIAN_POINT('',(149.92,-120.92,-4.6E-02));
#18055 = DIRECTION('',(-0.,-0.,-1.));
#18056 = DIRECTION('',(-0.,-1.,0.));
#18057 = ADVANCED_FACE('',(#18058),#18069,.F.);
#18058 = FACE_BOUND('',#18059,.T.);
#18059 = EDGE_LOOP('',(#18060,#18061,#18067,#18068));
#18060 = ORIENTED_EDGE('',*,*,#16642,.T.);
#18061 = ORIENTED_EDGE('',*,*,#18062,.T.);
#18062 = EDGE_CURVE('',#16643,#17331,#18063,.T.);
#18063 = LINE('',#18064,#18065);
#18064 = CARTESIAN_POINT('',(149.92,-118.88,-4.6E-02));
#18065 = VECTOR('',#18066,1.);
#18066 = DIRECTION('',(0.,0.,1.));
#18067 = ORIENTED_EDGE('',*,*,#17330,.F.);
#18068 = ORIENTED_EDGE('',*,*,#18062,.F.);
#18069 = CYLINDRICAL_SURFACE('',#18070,0.5);
#18070 = AXIS2_PLACEMENT_3D('',#18071,#18072,#18073);
#18071 = CARTESIAN_POINT('',(149.92,-118.38,-4.6E-02));
#18072 = DIRECTION('',(-0.,-0.,-1.));
#18073 = DIRECTION('',(-0.,-1.,0.));
#18074 = ADVANCED_FACE('',(#18075),#18086,.F.);
#18075 = FACE_BOUND('',#18076,.T.);
#18076 = EDGE_LOOP('',(#18077,#18078,#18084,#18085));
#18077 = ORIENTED_EDGE('',*,*,#16653,.T.);
#18078 = ORIENTED_EDGE('',*,*,#18079,.T.);
#18079 = EDGE_CURVE('',#16654,#17342,#18080,.T.);
#18080 = LINE('',#18081,#18082);
#18081 = CARTESIAN_POINT('',(149.92,-116.34,-4.6E-02));
#18082 = VECTOR('',#18083,1.);
#18083 = DIRECTION('',(0.,0.,1.));
#18084 = ORIENTED_EDGE('',*,*,#17341,.F.);
#18085 = ORIENTED_EDGE('',*,*,#18079,.F.);
#18086 = CYLINDRICAL_SURFACE('',#18087,0.5);
#18087 = AXIS2_PLACEMENT_3D('',#18088,#18089,#18090);
#18088 = CARTESIAN_POINT('',(149.92,-115.84,-4.6E-02));
#18089 = DIRECTION('',(-0.,-0.,-1.));
#18090 = DIRECTION('',(-0.,-1.,0.));
#18091 = ADVANCED_FACE('',(#18092),#18103,.F.);
#18092 = FACE_BOUND('',#18093,.T.);
#18093 = EDGE_LOOP('',(#18094,#18095,#18101,#18102));
#18094 = ORIENTED_EDGE('',*,*,#16664,.T.);
#18095 = ORIENTED_EDGE('',*,*,#18096,.T.);
#18096 = EDGE_CURVE('',#16665,#17353,#18097,.T.);
#18097 = LINE('',#18098,#18099);
#18098 = CARTESIAN_POINT('',(149.92,-113.8,-4.6E-02));
#18099 = VECTOR('',#18100,1.);
#18100 = DIRECTION('',(0.,0.,1.));
#18101 = ORIENTED_EDGE('',*,*,#17352,.F.);
#18102 = ORIENTED_EDGE('',*,*,#18096,.F.);
#18103 = CYLINDRICAL_SURFACE('',#18104,0.5);
#18104 = AXIS2_PLACEMENT_3D('',#18105,#18106,#18107);
#18105 = CARTESIAN_POINT('',(149.92,-113.3,-4.6E-02));
#18106 = DIRECTION('',(-0.,-0.,-1.));
#18107 = DIRECTION('',(-0.,-1.,0.));
#18108 = ADVANCED_FACE('',(#18109),#18120,.F.);
#18109 = FACE_BOUND('',#18110,.T.);
#18110 = EDGE_LOOP('',(#18111,#18112,#18118,#18119));
#18111 = ORIENTED_EDGE('',*,*,#16675,.T.);
#18112 = ORIENTED_EDGE('',*,*,#18113,.T.);
#18113 = EDGE_CURVE('',#16676,#17364,#18114,.T.);
#18114 = LINE('',#18115,#18116);
#18115 = CARTESIAN_POINT('',(149.92,-111.26,-4.6E-02));
#18116 = VECTOR('',#18117,1.);
#18117 = DIRECTION('',(0.,0.,1.));
#18118 = ORIENTED_EDGE('',*,*,#17363,.F.);
#18119 = ORIENTED_EDGE('',*,*,#18113,.F.);
#18120 = CYLINDRICAL_SURFACE('',#18121,0.5);
#18121 = AXIS2_PLACEMENT_3D('',#18122,#18123,#18124);
#18122 = CARTESIAN_POINT('',(149.92,-110.76,-4.6E-02));
#18123 = DIRECTION('',(-0.,-0.,-1.));
#18124 = DIRECTION('',(-0.,-1.,0.));
#18125 = ADVANCED_FACE('',(#18126),#18137,.F.);
#18126 = FACE_BOUND('',#18127,.T.);
#18127 = EDGE_LOOP('',(#18128,#18129,#18135,#18136));
#18128 = ORIENTED_EDGE('',*,*,#16686,.T.);
#18129 = ORIENTED_EDGE('',*,*,#18130,.T.);
#18130 = EDGE_CURVE('',#16687,#17375,#18131,.T.);
#18131 = LINE('',#18132,#18133);
#18132 = CARTESIAN_POINT('',(149.92,-108.72,-4.6E-02));
#18133 = VECTOR('',#18134,1.);
#18134 = DIRECTION('',(0.,0.,1.));
#18135 = ORIENTED_EDGE('',*,*,#17374,.F.);
#18136 = ORIENTED_EDGE('',*,*,#18130,.F.);
#18137 = CYLINDRICAL_SURFACE('',#18138,0.5);
#18138 = AXIS2_PLACEMENT_3D('',#18139,#18140,#18141);
#18139 = CARTESIAN_POINT('',(149.92,-108.22,-4.6E-02));
#18140 = DIRECTION('',(-0.,-0.,-1.));
#18141 = DIRECTION('',(-0.,-1.,0.));
#18142 = ADVANCED_FACE('',(#18143),#18154,.F.);
#18143 = FACE_BOUND('',#18144,.T.);
#18144 = EDGE_LOOP('',(#18145,#18146,#18152,#18153));
#18145 = ORIENTED_EDGE('',*,*,#16697,.T.);
#18146 = ORIENTED_EDGE('',*,*,#18147,.T.);
#18147 = EDGE_CURVE('',#16698,#17386,#18148,.T.);
#18148 = LINE('',#18149,#18150);
#18149 = CARTESIAN_POINT('',(167.7,-121.42,-4.6E-02));
#18150 = VECTOR('',#18151,1.);
#18151 = DIRECTION('',(0.,0.,1.));
#18152 = ORIENTED_EDGE('',*,*,#17385,.F.);
#18153 = ORIENTED_EDGE('',*,*,#18147,.F.);
#18154 = CYLINDRICAL_SURFACE('',#18155,0.5);
#18155 = AXIS2_PLACEMENT_3D('',#18156,#18157,#18158);
#18156 = CARTESIAN_POINT('',(167.7,-120.92,-4.6E-02));
#18157 = DIRECTION('',(-0.,-0.,-1.));
#18158 = DIRECTION('',(-0.,-1.,0.));
#18159 = ADVANCED_FACE('',(#18160),#18171,.F.);
#18160 = FACE_BOUND('',#18161,.T.);
#18161 = EDGE_LOOP('',(#18162,#18163,#18169,#18170));
#18162 = ORIENTED_EDGE('',*,*,#16708,.T.);
#18163 = ORIENTED_EDGE('',*,*,#18164,.T.);
#18164 = EDGE_CURVE('',#16709,#17397,#18165,.T.);
#18165 = LINE('',#18166,#18167);
#18166 = CARTESIAN_POINT('',(167.7,-118.88,-4.6E-02));
#18167 = VECTOR('',#18168,1.);
#18168 = DIRECTION('',(0.,0.,1.));
#18169 = ORIENTED_EDGE('',*,*,#17396,.F.);
#18170 = ORIENTED_EDGE('',*,*,#18164,.F.);
#18171 = CYLINDRICAL_SURFACE('',#18172,0.5);
#18172 = AXIS2_PLACEMENT_3D('',#18173,#18174,#18175);
#18173 = CARTESIAN_POINT('',(167.7,-118.38,-4.6E-02));
#18174 = DIRECTION('',(-0.,-0.,-1.));
#18175 = DIRECTION('',(-0.,-1.,0.));
#18176 = ADVANCED_FACE('',(#18177),#18188,.F.);
#18177 = FACE_BOUND('',#18178,.T.);
#18178 = EDGE_LOOP('',(#18179,#18180,#18186,#18187));
#18179 = ORIENTED_EDGE('',*,*,#16719,.T.);
#18180 = ORIENTED_EDGE('',*,*,#18181,.T.);
#18181 = EDGE_CURVE('',#16720,#17408,#18182,.T.);
#18182 = LINE('',#18183,#18184);
#18183 = CARTESIAN_POINT('',(167.7,-116.34,-4.6E-02));
#18184 = VECTOR('',#18185,1.);
#18185 = DIRECTION('',(0.,0.,1.));
#18186 = ORIENTED_EDGE('',*,*,#17407,.F.);
#18187 = ORIENTED_EDGE('',*,*,#18181,.F.);
#18188 = CYLINDRICAL_SURFACE('',#18189,0.5);
#18189 = AXIS2_PLACEMENT_3D('',#18190,#18191,#18192);
#18190 = CARTESIAN_POINT('',(167.7,-115.84,-4.6E-02));
#18191 = DIRECTION('',(-0.,-0.,-1.));
#18192 = DIRECTION('',(-0.,-1.,0.));
#18193 = ADVANCED_FACE('',(#18194),#18205,.F.);
#18194 = FACE_BOUND('',#18195,.T.);
#18195 = EDGE_LOOP('',(#18196,#18197,#18203,#18204));
#18196 = ORIENTED_EDGE('',*,*,#16730,.T.);
#18197 = ORIENTED_EDGE('',*,*,#18198,.T.);
#18198 = EDGE_CURVE('',#16731,#17419,#18199,.T.);
#18199 = LINE('',#18200,#18201);
#18200 = CARTESIAN_POINT('',(167.7,-113.8,-4.6E-02));
#18201 = VECTOR('',#18202,1.);
#18202 = DIRECTION('',(0.,0.,1.));
#18203 = ORIENTED_EDGE('',*,*,#17418,.F.);
#18204 = ORIENTED_EDGE('',*,*,#18198,.F.);
#18205 = CYLINDRICAL_SURFACE('',#18206,0.5);
#18206 = AXIS2_PLACEMENT_3D('',#18207,#18208,#18209);
#18207 = CARTESIAN_POINT('',(167.7,-113.3,-4.6E-02));
#18208 = DIRECTION('',(-0.,-0.,-1.));
#18209 = DIRECTION('',(-0.,-1.,0.));
#18210 = ADVANCED_FACE('',(#18211),#18222,.F.);
#18211 = FACE_BOUND('',#18212,.T.);
#18212 = EDGE_LOOP('',(#18213,#18214,#18220,#18221));
#18213 = ORIENTED_EDGE('',*,*,#16741,.T.);
#18214 = ORIENTED_EDGE('',*,*,#18215,.T.);
#18215 = EDGE_CURVE('',#16742,#17430,#18216,.T.);
#18216 = LINE('',#18217,#18218);
#18217 = CARTESIAN_POINT('',(167.7,-111.26,-4.6E-02));
#18218 = VECTOR('',#18219,1.);
#18219 = DIRECTION('',(0.,0.,1.));
#18220 = ORIENTED_EDGE('',*,*,#17429,.F.);
#18221 = ORIENTED_EDGE('',*,*,#18215,.F.);
#18222 = CYLINDRICAL_SURFACE('',#18223,0.5);
#18223 = AXIS2_PLACEMENT_3D('',#18224,#18225,#18226);
#18224 = CARTESIAN_POINT('',(167.7,-110.76,-4.6E-02));
#18225 = DIRECTION('',(-0.,-0.,-1.));
#18226 = DIRECTION('',(-0.,-1.,0.));
#18227 = ADVANCED_FACE('',(#18228),#18239,.F.);
#18228 = FACE_BOUND('',#18229,.T.);
#18229 = EDGE_LOOP('',(#18230,#18231,#18237,#18238));
#18230 = ORIENTED_EDGE('',*,*,#16752,.T.);
#18231 = ORIENTED_EDGE('',*,*,#18232,.T.);
#18232 = EDGE_CURVE('',#16753,#17441,#18233,.T.);
#18233 = LINE('',#18234,#18235);
#18234 = CARTESIAN_POINT('',(167.7,-108.72,-4.6E-02));
#18235 = VECTOR('',#18236,1.);
#18236 = DIRECTION('',(0.,0.,1.));
#18237 = ORIENTED_EDGE('',*,*,#17440,.F.);
#18238 = ORIENTED_EDGE('',*,*,#18232,.F.);
#18239 = CYLINDRICAL_SURFACE('',#18240,0.5);
#18240 = AXIS2_PLACEMENT_3D('',#18241,#18242,#18243);
#18241 = CARTESIAN_POINT('',(167.7,-108.22,-4.6E-02));
#18242 = DIRECTION('',(-0.,-0.,-1.));
#18243 = DIRECTION('',(-0.,-1.,0.));
#18244 = ADVANCED_FACE('',(#18245),#18256,.F.);
#18245 = FACE_BOUND('',#18246,.T.);
#18246 = EDGE_LOOP('',(#18247,#18248,#18254,#18255));
#18247 = ORIENTED_EDGE('',*,*,#16763,.T.);
#18248 = ORIENTED_EDGE('',*,*,#18249,.T.);
#18249 = EDGE_CURVE('',#16764,#17452,#18250,.T.);
#18250 = LINE('',#18251,#18252);
#18251 = CARTESIAN_POINT('',(199.,-131.144,-4.6E-02));
#18252 = VECTOR('',#18253,1.);
#18253 = DIRECTION('',(0.,0.,1.));
#18254 = ORIENTED_EDGE('',*,*,#17451,.F.);
#18255 = ORIENTED_EDGE('',*,*,#18249,.F.);
#18256 = CYLINDRICAL_SURFACE('',#18257,0.7);
#18257 = AXIS2_PLACEMENT_3D('',#18258,#18259,#18260);
#18258 = CARTESIAN_POINT('',(199.,-130.444,-4.6E-02));
#18259 = DIRECTION('',(-0.,-0.,-1.));
#18260 = DIRECTION('',(-0.,-1.,0.));
#18261 = ADVANCED_FACE('',(#18262),#18273,.F.);
#18262 = FACE_BOUND('',#18263,.T.);
#18263 = EDGE_LOOP('',(#18264,#18265,#18271,#18272));
#18264 = ORIENTED_EDGE('',*,*,#16774,.T.);
#18265 = ORIENTED_EDGE('',*,*,#18266,.T.);
#18266 = EDGE_CURVE('',#16775,#17463,#18267,.T.);
#18267 = LINE('',#18268,#18269);
#18268 = CARTESIAN_POINT('',(133.16,-104.58,-4.6E-02));
#18269 = VECTOR('',#18270,1.);
#18270 = DIRECTION('',(0.,0.,1.));
#18271 = ORIENTED_EDGE('',*,*,#17462,.F.);
#18272 = ORIENTED_EDGE('',*,*,#18266,.F.);
#18273 = CYLINDRICAL_SURFACE('',#18274,0.5);
#18274 = AXIS2_PLACEMENT_3D('',#18275,#18276,#18277);
#18275 = CARTESIAN_POINT('',(133.16,-104.08,-4.6E-02));
#18276 = DIRECTION('',(-0.,-0.,-1.));
#18277 = DIRECTION('',(-0.,-1.,0.));
#18278 = ADVANCED_FACE('',(#18279),#18290,.F.);
#18279 = FACE_BOUND('',#18280,.T.);
#18280 = EDGE_LOOP('',(#18281,#18282,#18288,#18289));
#18281 = ORIENTED_EDGE('',*,*,#16785,.T.);
#18282 = ORIENTED_EDGE('',*,*,#18283,.T.);
#18283 = EDGE_CURVE('',#16786,#17474,#18284,.T.);
#18284 = LINE('',#18285,#18286);
#18285 = CARTESIAN_POINT('',(133.16,-102.04,-4.6E-02));
#18286 = VECTOR('',#18287,1.);
#18287 = DIRECTION('',(0.,0.,1.));
#18288 = ORIENTED_EDGE('',*,*,#17473,.F.);
#18289 = ORIENTED_EDGE('',*,*,#18283,.F.);
#18290 = CYLINDRICAL_SURFACE('',#18291,0.5);
#18291 = AXIS2_PLACEMENT_3D('',#18292,#18293,#18294);
#18292 = CARTESIAN_POINT('',(133.16,-101.54,-4.6E-02));
#18293 = DIRECTION('',(-0.,-0.,-1.));
#18294 = DIRECTION('',(-0.,-1.,0.));
#18295 = ADVANCED_FACE('',(#18296),#18307,.F.);
#18296 = FACE_BOUND('',#18297,.T.);
#18297 = EDGE_LOOP('',(#18298,#18299,#18305,#18306));
#18298 = ORIENTED_EDGE('',*,*,#16796,.T.);
#18299 = ORIENTED_EDGE('',*,*,#18300,.T.);
#18300 = EDGE_CURVE('',#16797,#17485,#18301,.T.);
#18301 = LINE('',#18302,#18303);
#18302 = CARTESIAN_POINT('',(133.16,-99.5,-4.6E-02));
#18303 = VECTOR('',#18304,1.);
#18304 = DIRECTION('',(0.,0.,1.));
#18305 = ORIENTED_EDGE('',*,*,#17484,.F.);
#18306 = ORIENTED_EDGE('',*,*,#18300,.F.);
#18307 = CYLINDRICAL_SURFACE('',#18308,0.5);
#18308 = AXIS2_PLACEMENT_3D('',#18309,#18310,#18311);
#18309 = CARTESIAN_POINT('',(133.16,-99.,-4.6E-02));
#18310 = DIRECTION('',(-0.,-0.,-1.));
#18311 = DIRECTION('',(-0.,-1.,0.));
#18312 = ADVANCED_FACE('',(#18313),#18324,.F.);
#18313 = FACE_BOUND('',#18314,.T.);
#18314 = EDGE_LOOP('',(#18315,#18316,#18322,#18323));
#18315 = ORIENTED_EDGE('',*,*,#16807,.T.);
#18316 = ORIENTED_EDGE('',*,*,#18317,.T.);
#18317 = EDGE_CURVE('',#16808,#17496,#18318,.T.);
#18318 = LINE('',#18319,#18320);
#18319 = CARTESIAN_POINT('',(149.92,-106.18,-4.6E-02));
#18320 = VECTOR('',#18321,1.);
#18321 = DIRECTION('',(0.,0.,1.));
#18322 = ORIENTED_EDGE('',*,*,#17495,.F.);
#18323 = ORIENTED_EDGE('',*,*,#18317,.F.);
#18324 = CYLINDRICAL_SURFACE('',#18325,0.5);
#18325 = AXIS2_PLACEMENT_3D('',#18326,#18327,#18328);
#18326 = CARTESIAN_POINT('',(149.92,-105.68,-4.6E-02));
#18327 = DIRECTION('',(-0.,-0.,-1.));
#18328 = DIRECTION('',(-0.,-1.,0.));
#18329 = ADVANCED_FACE('',(#18330),#18341,.F.);
#18330 = FACE_BOUND('',#18331,.T.);
#18331 = EDGE_LOOP('',(#18332,#18333,#18339,#18340));
#18332 = ORIENTED_EDGE('',*,*,#16818,.T.);
#18333 = ORIENTED_EDGE('',*,*,#18334,.T.);
#18334 = EDGE_CURVE('',#16819,#17507,#18335,.T.);
#18335 = LINE('',#18336,#18337);
#18336 = CARTESIAN_POINT('',(149.92,-103.64,-4.6E-02));
#18337 = VECTOR('',#18338,1.);
#18338 = DIRECTION('',(0.,0.,1.));
#18339 = ORIENTED_EDGE('',*,*,#17506,.F.);
#18340 = ORIENTED_EDGE('',*,*,#18334,.F.);
#18341 = CYLINDRICAL_SURFACE('',#18342,0.5);
#18342 = AXIS2_PLACEMENT_3D('',#18343,#18344,#18345);
#18343 = CARTESIAN_POINT('',(149.92,-103.14,-4.6E-02));
#18344 = DIRECTION('',(-0.,-0.,-1.));
#18345 = DIRECTION('',(-0.,-1.,0.));
#18346 = ADVANCED_FACE('',(#18347),#18358,.F.);
#18347 = FACE_BOUND('',#18348,.T.);
#18348 = EDGE_LOOP('',(#18349,#18350,#18356,#18357));
#18349 = ORIENTED_EDGE('',*,*,#16829,.T.);
#18350 = ORIENTED_EDGE('',*,*,#18351,.T.);
#18351 = EDGE_CURVE('',#16830,#17518,#18352,.T.);
#18352 = LINE('',#18353,#18354);
#18353 = CARTESIAN_POINT('',(149.92,-101.1,-4.6E-02));
#18354 = VECTOR('',#18355,1.);
#18355 = DIRECTION('',(0.,0.,1.));
#18356 = ORIENTED_EDGE('',*,*,#17517,.F.);
#18357 = ORIENTED_EDGE('',*,*,#18351,.F.);
#18358 = CYLINDRICAL_SURFACE('',#18359,0.5);
#18359 = AXIS2_PLACEMENT_3D('',#18360,#18361,#18362);
#18360 = CARTESIAN_POINT('',(149.92,-100.6,-4.6E-02));
#18361 = DIRECTION('',(-0.,-0.,-1.));
#18362 = DIRECTION('',(-0.,-1.,0.));
#18363 = ADVANCED_FACE('',(#18364),#18375,.F.);
#18364 = FACE_BOUND('',#18365,.T.);
#18365 = EDGE_LOOP('',(#18366,#18367,#18373,#18374));
#18366 = ORIENTED_EDGE('',*,*,#16840,.T.);
#18367 = ORIENTED_EDGE('',*,*,#18368,.T.);
#18368 = EDGE_CURVE('',#16841,#17529,#18369,.T.);
#18369 = LINE('',#18370,#18371);
#18370 = CARTESIAN_POINT('',(133.16,-96.96,-4.6E-02));
#18371 = VECTOR('',#18372,1.);
#18372 = DIRECTION('',(0.,0.,1.));
#18373 = ORIENTED_EDGE('',*,*,#17528,.F.);
#18374 = ORIENTED_EDGE('',*,*,#18368,.F.);
#18375 = CYLINDRICAL_SURFACE('',#18376,0.5);
#18376 = AXIS2_PLACEMENT_3D('',#18377,#18378,#18379);
#18377 = CARTESIAN_POINT('',(133.16,-96.46,-4.6E-02));
#18378 = DIRECTION('',(-0.,-0.,-1.));
#18379 = DIRECTION('',(-0.,-1.,0.));
#18380 = ADVANCED_FACE('',(#18381),#18392,.F.);
#18381 = FACE_BOUND('',#18382,.T.);
#18382 = EDGE_LOOP('',(#18383,#18384,#18390,#18391));
#18383 = ORIENTED_EDGE('',*,*,#16851,.T.);
#18384 = ORIENTED_EDGE('',*,*,#18385,.T.);
#18385 = EDGE_CURVE('',#16852,#17540,#18386,.T.);
#18386 = LINE('',#18387,#18388);
#18387 = CARTESIAN_POINT('',(133.16,-94.42,-4.6E-02));
#18388 = VECTOR('',#18389,1.);
#18389 = DIRECTION('',(0.,0.,1.));
#18390 = ORIENTED_EDGE('',*,*,#17539,.F.);
#18391 = ORIENTED_EDGE('',*,*,#18385,.F.);
#18392 = CYLINDRICAL_SURFACE('',#18393,0.5);
#18393 = AXIS2_PLACEMENT_3D('',#18394,#18395,#18396);
#18394 = CARTESIAN_POINT('',(133.16,-93.92,-4.6E-02));
#18395 = DIRECTION('',(-0.,-0.,-1.));
#18396 = DIRECTION('',(-0.,-1.,0.));
#18397 = ADVANCED_FACE('',(#18398),#18409,.F.);
#18398 = FACE_BOUND('',#18399,.T.);
#18399 = EDGE_LOOP('',(#18400,#18401,#18407,#18408));
#18400 = ORIENTED_EDGE('',*,*,#16862,.T.);
#18401 = ORIENTED_EDGE('',*,*,#18402,.T.);
#18402 = EDGE_CURVE('',#16863,#17551,#18403,.T.);
#18403 = LINE('',#18404,#18405);
#18404 = CARTESIAN_POINT('',(149.92,-98.56,-4.6E-02));
#18405 = VECTOR('',#18406,1.);
#18406 = DIRECTION('',(0.,0.,1.));
#18407 = ORIENTED_EDGE('',*,*,#17550,.F.);
#18408 = ORIENTED_EDGE('',*,*,#18402,.F.);
#18409 = CYLINDRICAL_SURFACE('',#18410,0.5);
#18410 = AXIS2_PLACEMENT_3D('',#18411,#18412,#18413);
#18411 = CARTESIAN_POINT('',(149.92,-98.06,-4.6E-02));
#18412 = DIRECTION('',(-0.,-0.,-1.));
#18413 = DIRECTION('',(-0.,-1.,0.));
#18414 = ADVANCED_FACE('',(#18415),#18426,.F.);
#18415 = FACE_BOUND('',#18416,.T.);
#18416 = EDGE_LOOP('',(#18417,#18418,#18424,#18425));
#18417 = ORIENTED_EDGE('',*,*,#16873,.T.);
#18418 = ORIENTED_EDGE('',*,*,#18419,.T.);
#18419 = EDGE_CURVE('',#16874,#17562,#18420,.T.);
#18420 = LINE('',#18421,#18422);
#18421 = CARTESIAN_POINT('',(149.92,-96.02,-4.6E-02));
#18422 = VECTOR('',#18423,1.);
#18423 = DIRECTION('',(0.,0.,1.));
#18424 = ORIENTED_EDGE('',*,*,#17561,.F.);
#18425 = ORIENTED_EDGE('',*,*,#18419,.F.);
#18426 = CYLINDRICAL_SURFACE('',#18427,0.5);
#18427 = AXIS2_PLACEMENT_3D('',#18428,#18429,#18430);
#18428 = CARTESIAN_POINT('',(149.92,-95.52,-4.6E-02));
#18429 = DIRECTION('',(-0.,-0.,-1.));
#18430 = DIRECTION('',(-0.,-1.,0.));
#18431 = ADVANCED_FACE('',(#18432),#18443,.F.);
#18432 = FACE_BOUND('',#18433,.T.);
#18433 = EDGE_LOOP('',(#18434,#18435,#18441,#18442));
#18434 = ORIENTED_EDGE('',*,*,#16884,.T.);
#18435 = ORIENTED_EDGE('',*,*,#18436,.T.);
#18436 = EDGE_CURVE('',#16885,#17573,#18437,.T.);
#18437 = LINE('',#18438,#18439);
#18438 = CARTESIAN_POINT('',(149.92,-93.48,-4.6E-02));
#18439 = VECTOR('',#18440,1.);
#18440 = DIRECTION('',(0.,0.,1.));
#18441 = ORIENTED_EDGE('',*,*,#17572,.F.);
#18442 = ORIENTED_EDGE('',*,*,#18436,.F.);
#18443 = CYLINDRICAL_SURFACE('',#18444,0.5);
#18444 = AXIS2_PLACEMENT_3D('',#18445,#18446,#18447);
#18445 = CARTESIAN_POINT('',(149.92,-92.98,-4.6E-02));
#18446 = DIRECTION('',(-0.,-0.,-1.));
#18447 = DIRECTION('',(-0.,-1.,0.));
#18448 = ADVANCED_FACE('',(#18449),#18460,.F.);
#18449 = FACE_BOUND('',#18450,.T.);
#18450 = EDGE_LOOP('',(#18451,#18452,#18458,#18459));
#18451 = ORIENTED_EDGE('',*,*,#16895,.T.);
#18452 = ORIENTED_EDGE('',*,*,#18453,.T.);
#18453 = EDGE_CURVE('',#16896,#17584,#18454,.T.);
#18454 = LINE('',#18455,#18456);
#18455 = CARTESIAN_POINT('',(167.7,-106.18,-4.6E-02));
#18456 = VECTOR('',#18457,1.);
#18457 = DIRECTION('',(0.,0.,1.));
#18458 = ORIENTED_EDGE('',*,*,#17583,.F.);
#18459 = ORIENTED_EDGE('',*,*,#18453,.F.);
#18460 = CYLINDRICAL_SURFACE('',#18461,0.5);
#18461 = AXIS2_PLACEMENT_3D('',#18462,#18463,#18464);
#18462 = CARTESIAN_POINT('',(167.7,-105.68,-4.6E-02));
#18463 = DIRECTION('',(-0.,-0.,-1.));
#18464 = DIRECTION('',(-0.,-1.,0.));
#18465 = ADVANCED_FACE('',(#18466),#18477,.F.);
#18466 = FACE_BOUND('',#18467,.T.);
#18467 = EDGE_LOOP('',(#18468,#18469,#18475,#18476));
#18468 = ORIENTED_EDGE('',*,*,#16906,.T.);
#18469 = ORIENTED_EDGE('',*,*,#18470,.T.);
#18470 = EDGE_CURVE('',#16907,#17595,#18471,.T.);
#18471 = LINE('',#18472,#18473);
#18472 = CARTESIAN_POINT('',(167.7,-103.64,-4.6E-02));
#18473 = VECTOR('',#18474,1.);
#18474 = DIRECTION('',(0.,0.,1.));
#18475 = ORIENTED_EDGE('',*,*,#17594,.F.);
#18476 = ORIENTED_EDGE('',*,*,#18470,.F.);
#18477 = CYLINDRICAL_SURFACE('',#18478,0.5);
#18478 = AXIS2_PLACEMENT_3D('',#18479,#18480,#18481);
#18479 = CARTESIAN_POINT('',(167.7,-103.14,-4.6E-02));
#18480 = DIRECTION('',(-0.,-0.,-1.));
#18481 = DIRECTION('',(-0.,-1.,0.));
#18482 = ADVANCED_FACE('',(#18483),#18494,.F.);
#18483 = FACE_BOUND('',#18484,.T.);
#18484 = EDGE_LOOP('',(#18485,#18486,#18492,#18493));
#18485 = ORIENTED_EDGE('',*,*,#16917,.T.);
#18486 = ORIENTED_EDGE('',*,*,#18487,.T.);
#18487 = EDGE_CURVE('',#16918,#17606,#18488,.T.);
#18488 = LINE('',#18489,#18490);
#18489 = CARTESIAN_POINT('',(167.7,-101.1,-4.6E-02));
#18490 = VECTOR('',#18491,1.);
#18491 = DIRECTION('',(0.,0.,1.));
#18492 = ORIENTED_EDGE('',*,*,#17605,.F.);
#18493 = ORIENTED_EDGE('',*,*,#18487,.F.);
#18494 = CYLINDRICAL_SURFACE('',#18495,0.5);
#18495 = AXIS2_PLACEMENT_3D('',#18496,#18497,#18498);
#18496 = CARTESIAN_POINT('',(167.7,-100.6,-4.6E-02));
#18497 = DIRECTION('',(-0.,-0.,-1.));
#18498 = DIRECTION('',(-0.,-1.,0.));
#18499 = ADVANCED_FACE('',(#18500),#18511,.F.);
#18500 = FACE_BOUND('',#18501,.T.);
#18501 = EDGE_LOOP('',(#18502,#18503,#18509,#18510));
#18502 = ORIENTED_EDGE('',*,*,#16928,.T.);
#18503 = ORIENTED_EDGE('',*,*,#18504,.T.);
#18504 = EDGE_CURVE('',#16929,#17617,#18505,.T.);
#18505 = LINE('',#18506,#18507);
#18506 = CARTESIAN_POINT('',(167.7,-98.56,-4.6E-02));
#18507 = VECTOR('',#18508,1.);
#18508 = DIRECTION('',(0.,0.,1.));
#18509 = ORIENTED_EDGE('',*,*,#17616,.F.);
#18510 = ORIENTED_EDGE('',*,*,#18504,.F.);
#18511 = CYLINDRICAL_SURFACE('',#18512,0.5);
#18512 = AXIS2_PLACEMENT_3D('',#18513,#18514,#18515);
#18513 = CARTESIAN_POINT('',(167.7,-98.06,-4.6E-02));
#18514 = DIRECTION('',(-0.,-0.,-1.));
#18515 = DIRECTION('',(-0.,-1.,0.));
#18516 = ADVANCED_FACE('',(#18517),#18528,.F.);
#18517 = FACE_BOUND('',#18518,.T.);
#18518 = EDGE_LOOP('',(#18519,#18520,#18526,#18527));
#18519 = ORIENTED_EDGE('',*,*,#16939,.T.);
#18520 = ORIENTED_EDGE('',*,*,#18521,.T.);
#18521 = EDGE_CURVE('',#16940,#17628,#18522,.T.);
#18522 = LINE('',#18523,#18524);
#18523 = CARTESIAN_POINT('',(167.7,-96.02,-4.6E-02));
#18524 = VECTOR('',#18525,1.);
#18525 = DIRECTION('',(0.,0.,1.));
#18526 = ORIENTED_EDGE('',*,*,#17627,.F.);
#18527 = ORIENTED_EDGE('',*,*,#18521,.F.);
#18528 = CYLINDRICAL_SURFACE('',#18529,0.5);
#18529 = AXIS2_PLACEMENT_3D('',#18530,#18531,#18532);
#18530 = CARTESIAN_POINT('',(167.7,-95.52,-4.6E-02));
#18531 = DIRECTION('',(-0.,-0.,-1.));
#18532 = DIRECTION('',(-0.,-1.,0.));
#18533 = ADVANCED_FACE('',(#18534),#18545,.F.);
#18534 = FACE_BOUND('',#18535,.T.);
#18535 = EDGE_LOOP('',(#18536,#18537,#18543,#18544));
#18536 = ORIENTED_EDGE('',*,*,#16950,.T.);
#18537 = ORIENTED_EDGE('',*,*,#18538,.T.);
#18538 = EDGE_CURVE('',#16951,#17639,#18539,.T.);
#18539 = LINE('',#18540,#18541);
#18540 = CARTESIAN_POINT('',(167.7,-93.48,-4.6E-02));
#18541 = VECTOR('',#18542,1.);
#18542 = DIRECTION('',(0.,0.,1.));
#18543 = ORIENTED_EDGE('',*,*,#17638,.F.);
#18544 = ORIENTED_EDGE('',*,*,#18538,.F.);
#18545 = CYLINDRICAL_SURFACE('',#18546,0.5);
#18546 = AXIS2_PLACEMENT_3D('',#18547,#18548,#18549);
#18547 = CARTESIAN_POINT('',(167.7,-92.98,-4.6E-02));
#18548 = DIRECTION('',(-0.,-0.,-1.));
#18549 = DIRECTION('',(-0.,-1.,0.));
#18550 = ADVANCED_FACE('',(#18551),#18562,.F.);
#18551 = FACE_BOUND('',#18552,.T.);
#18552 = EDGE_LOOP('',(#18553,#18554,#18560,#18561));
#18553 = ORIENTED_EDGE('',*,*,#16961,.T.);
#18554 = ORIENTED_EDGE('',*,*,#18555,.T.);
#18555 = EDGE_CURVE('',#16962,#17650,#18556,.T.);
#18556 = LINE('',#18557,#18558);
#18557 = CARTESIAN_POINT('',(133.16,-91.88,-4.6E-02));
#18558 = VECTOR('',#18559,1.);
#18559 = DIRECTION('',(0.,0.,1.));
#18560 = ORIENTED_EDGE('',*,*,#17649,.F.);
#18561 = ORIENTED_EDGE('',*,*,#18555,.F.);
#18562 = CYLINDRICAL_SURFACE('',#18563,0.5);
#18563 = AXIS2_PLACEMENT_3D('',#18564,#18565,#18566);
#18564 = CARTESIAN_POINT('',(133.16,-91.38,-4.6E-02));
#18565 = DIRECTION('',(-0.,-0.,-1.));
#18566 = DIRECTION('',(-0.,-1.,0.));
#18567 = ADVANCED_FACE('',(#18568),#18579,.F.);
#18568 = FACE_BOUND('',#18569,.T.);
#18569 = EDGE_LOOP('',(#18570,#18571,#18577,#18578));
#18570 = ORIENTED_EDGE('',*,*,#16972,.T.);
#18571 = ORIENTED_EDGE('',*,*,#18572,.T.);
#18572 = EDGE_CURVE('',#16973,#17661,#18573,.T.);
#18573 = LINE('',#18574,#18575);
#18574 = CARTESIAN_POINT('',(149.92,-90.94,-4.6E-02));
#18575 = VECTOR('',#18576,1.);
#18576 = DIRECTION('',(0.,0.,1.));
#18577 = ORIENTED_EDGE('',*,*,#17660,.F.);
#18578 = ORIENTED_EDGE('',*,*,#18572,.F.);
#18579 = CYLINDRICAL_SURFACE('',#18580,0.5);
#18580 = AXIS2_PLACEMENT_3D('',#18581,#18582,#18583);
#18581 = CARTESIAN_POINT('',(149.92,-90.44,-4.6E-02));
#18582 = DIRECTION('',(-0.,-0.,-1.));
#18583 = DIRECTION('',(-0.,-1.,0.));
#18584 = ADVANCED_FACE('',(#18585),#18596,.F.);
#18585 = FACE_BOUND('',#18586,.T.);
#18586 = EDGE_LOOP('',(#18587,#18588,#18594,#18595));
#18587 = ORIENTED_EDGE('',*,*,#16983,.T.);
#18588 = ORIENTED_EDGE('',*,*,#18589,.T.);
#18589 = EDGE_CURVE('',#16984,#17672,#18590,.T.);
#18590 = LINE('',#18591,#18592);
#18591 = CARTESIAN_POINT('',(149.92,-88.4,-4.6E-02));
#18592 = VECTOR('',#18593,1.);
#18593 = DIRECTION('',(0.,0.,1.));
#18594 = ORIENTED_EDGE('',*,*,#17671,.F.);
#18595 = ORIENTED_EDGE('',*,*,#18589,.F.);
#18596 = CYLINDRICAL_SURFACE('',#18597,0.5);
#18597 = AXIS2_PLACEMENT_3D('',#18598,#18599,#18600);
#18598 = CARTESIAN_POINT('',(149.92,-87.9,-4.6E-02));
#18599 = DIRECTION('',(-0.,-0.,-1.));
#18600 = DIRECTION('',(-0.,-1.,0.));
#18601 = ADVANCED_FACE('',(#18602),#18613,.F.);
#18602 = FACE_BOUND('',#18603,.T.);
#18603 = EDGE_LOOP('',(#18604,#18605,#18611,#18612));
#18604 = ORIENTED_EDGE('',*,*,#16994,.T.);
#18605 = ORIENTED_EDGE('',*,*,#18606,.T.);
#18606 = EDGE_CURVE('',#16995,#17683,#18607,.T.);
#18607 = LINE('',#18608,#18609);
#18608 = CARTESIAN_POINT('',(149.92,-85.86,-4.6E-02));
#18609 = VECTOR('',#18610,1.);
#18610 = DIRECTION('',(0.,0.,1.));
#18611 = ORIENTED_EDGE('',*,*,#17682,.F.);
#18612 = ORIENTED_EDGE('',*,*,#18606,.F.);
#18613 = CYLINDRICAL_SURFACE('',#18614,0.5);
#18614 = AXIS2_PLACEMENT_3D('',#18615,#18616,#18617);
#18615 = CARTESIAN_POINT('',(149.92,-85.36,-4.6E-02));
#18616 = DIRECTION('',(-0.,-0.,-1.));
#18617 = DIRECTION('',(-0.,-1.,0.));
#18618 = ADVANCED_FACE('',(#18619),#18630,.F.);
#18619 = FACE_BOUND('',#18620,.T.);
#18620 = EDGE_LOOP('',(#18621,#18622,#18628,#18629));
#18621 = ORIENTED_EDGE('',*,*,#17005,.T.);
#18622 = ORIENTED_EDGE('',*,*,#18623,.T.);
#18623 = EDGE_CURVE('',#17006,#17694,#18624,.T.);
#18624 = LINE('',#18625,#18626);
#18625 = CARTESIAN_POINT('',(149.92,-83.32,-4.6E-02));
#18626 = VECTOR('',#18627,1.);
#18627 = DIRECTION('',(0.,0.,1.));
#18628 = ORIENTED_EDGE('',*,*,#17693,.F.);
#18629 = ORIENTED_EDGE('',*,*,#18623,.F.);
#18630 = CYLINDRICAL_SURFACE('',#18631,0.5);
#18631 = AXIS2_PLACEMENT_3D('',#18632,#18633,#18634);
#18632 = CARTESIAN_POINT('',(149.92,-82.82,-4.6E-02));
#18633 = DIRECTION('',(-0.,-0.,-1.));
#18634 = DIRECTION('',(-0.,-1.,0.));
#18635 = ADVANCED_FACE('',(#18636),#18647,.F.);
#18636 = FACE_BOUND('',#18637,.T.);
#18637 = EDGE_LOOP('',(#18638,#18639,#18645,#18646));
#18638 = ORIENTED_EDGE('',*,*,#17016,.T.);
#18639 = ORIENTED_EDGE('',*,*,#18640,.T.);
#18640 = EDGE_CURVE('',#17017,#17705,#18641,.T.);
#18641 = LINE('',#18642,#18643);
#18642 = CARTESIAN_POINT('',(149.92,-80.78,-4.6E-02));
#18643 = VECTOR('',#18644,1.);
#18644 = DIRECTION('',(0.,0.,1.));
#18645 = ORIENTED_EDGE('',*,*,#17704,.F.);
#18646 = ORIENTED_EDGE('',*,*,#18640,.F.);
#18647 = CYLINDRICAL_SURFACE('',#18648,0.5);
#18648 = AXIS2_PLACEMENT_3D('',#18649,#18650,#18651);
#18649 = CARTESIAN_POINT('',(149.92,-80.28,-4.6E-02));
#18650 = DIRECTION('',(-0.,-0.,-1.));
#18651 = DIRECTION('',(-0.,-1.,0.));
#18652 = ADVANCED_FACE('',(#18653),#18664,.F.);
#18653 = FACE_BOUND('',#18654,.T.);
#18654 = EDGE_LOOP('',(#18655,#18656,#18662,#18663));
#18655 = ORIENTED_EDGE('',*,*,#17027,.T.);
#18656 = ORIENTED_EDGE('',*,*,#18657,.T.);
#18657 = EDGE_CURVE('',#17028,#17716,#18658,.T.);
#18658 = LINE('',#18659,#18660);
#18659 = CARTESIAN_POINT('',(149.92,-78.24,-4.6E-02));
#18660 = VECTOR('',#18661,1.);
#18661 = DIRECTION('',(0.,0.,1.));
#18662 = ORIENTED_EDGE('',*,*,#17715,.F.);
#18663 = ORIENTED_EDGE('',*,*,#18657,.F.);
#18664 = CYLINDRICAL_SURFACE('',#18665,0.5);
#18665 = AXIS2_PLACEMENT_3D('',#18666,#18667,#18668);
#18666 = CARTESIAN_POINT('',(149.92,-77.74,-4.6E-02));
#18667 = DIRECTION('',(-0.,-0.,-1.));
#18668 = DIRECTION('',(-0.,-1.,0.));
#18669 = ADVANCED_FACE('',(#18670),#18681,.F.);
#18670 = FACE_BOUND('',#18671,.T.);
#18671 = EDGE_LOOP('',(#18672,#18673,#18679,#18680));
#18672 = ORIENTED_EDGE('',*,*,#17038,.T.);
#18673 = ORIENTED_EDGE('',*,*,#18674,.T.);
#18674 = EDGE_CURVE('',#17039,#17727,#18675,.T.);
#18675 = LINE('',#18676,#18677);
#18676 = CARTESIAN_POINT('',(167.7,-90.94,-4.6E-02));
#18677 = VECTOR('',#18678,1.);
#18678 = DIRECTION('',(0.,0.,1.));
#18679 = ORIENTED_EDGE('',*,*,#17726,.F.);
#18680 = ORIENTED_EDGE('',*,*,#18674,.F.);
#18681 = CYLINDRICAL_SURFACE('',#18682,0.5);
#18682 = AXIS2_PLACEMENT_3D('',#18683,#18684,#18685);
#18683 = CARTESIAN_POINT('',(167.7,-90.44,-4.6E-02));
#18684 = DIRECTION('',(-0.,-0.,-1.));
#18685 = DIRECTION('',(-0.,-1.,0.));
#18686 = ADVANCED_FACE('',(#18687),#18698,.F.);
#18687 = FACE_BOUND('',#18688,.T.);
#18688 = EDGE_LOOP('',(#18689,#18690,#18696,#18697));
#18689 = ORIENTED_EDGE('',*,*,#17049,.T.);
#18690 = ORIENTED_EDGE('',*,*,#18691,.T.);
#18691 = EDGE_CURVE('',#17050,#17738,#18692,.T.);
#18692 = LINE('',#18693,#18694);
#18693 = CARTESIAN_POINT('',(167.7,-88.4,-4.6E-02));
#18694 = VECTOR('',#18695,1.);
#18695 = DIRECTION('',(0.,0.,1.));
#18696 = ORIENTED_EDGE('',*,*,#17737,.F.);
#18697 = ORIENTED_EDGE('',*,*,#18691,.F.);
#18698 = CYLINDRICAL_SURFACE('',#18699,0.5);
#18699 = AXIS2_PLACEMENT_3D('',#18700,#18701,#18702);
#18700 = CARTESIAN_POINT('',(167.7,-87.9,-4.6E-02));
#18701 = DIRECTION('',(-0.,-0.,-1.));
#18702 = DIRECTION('',(-0.,-1.,0.));
#18703 = ADVANCED_FACE('',(#18704),#18715,.F.);
#18704 = FACE_BOUND('',#18705,.T.);
#18705 = EDGE_LOOP('',(#18706,#18707,#18713,#18714));
#18706 = ORIENTED_EDGE('',*,*,#17060,.T.);
#18707 = ORIENTED_EDGE('',*,*,#18708,.T.);
#18708 = EDGE_CURVE('',#17061,#17749,#18709,.T.);
#18709 = LINE('',#18710,#18711);
#18710 = CARTESIAN_POINT('',(167.7,-85.86,-4.6E-02));
#18711 = VECTOR('',#18712,1.);
#18712 = DIRECTION('',(0.,0.,1.));
#18713 = ORIENTED_EDGE('',*,*,#17748,.F.);
#18714 = ORIENTED_EDGE('',*,*,#18708,.F.);
#18715 = CYLINDRICAL_SURFACE('',#18716,0.5);
#18716 = AXIS2_PLACEMENT_3D('',#18717,#18718,#18719);
#18717 = CARTESIAN_POINT('',(167.7,-85.36,-4.6E-02));
#18718 = DIRECTION('',(-0.,-0.,-1.));
#18719 = DIRECTION('',(-0.,-1.,0.));
#18720 = ADVANCED_FACE('',(#18721),#18732,.F.);
#18721 = FACE_BOUND('',#18722,.T.);
#18722 = EDGE_LOOP('',(#18723,#18724,#18730,#18731));
#18723 = ORIENTED_EDGE('',*,*,#17071,.T.);
#18724 = ORIENTED_EDGE('',*,*,#18725,.T.);
#18725 = EDGE_CURVE('',#17072,#17760,#18726,.T.);
#18726 = LINE('',#18727,#18728);
#18727 = CARTESIAN_POINT('',(156.385,-81.825,-4.6E-02));
#18728 = VECTOR('',#18729,1.);
#18729 = DIRECTION('',(0.,0.,1.));
#18730 = ORIENTED_EDGE('',*,*,#17759,.F.);
#18731 = ORIENTED_EDGE('',*,*,#18725,.F.);
#18732 = CYLINDRICAL_SURFACE('',#18733,0.925);
#18733 = AXIS2_PLACEMENT_3D('',#18734,#18735,#18736);
#18734 = CARTESIAN_POINT('',(156.385,-80.9,-4.6E-02));
#18735 = DIRECTION('',(-0.,-0.,-1.));
#18736 = DIRECTION('',(-0.,-1.,0.));
#18737 = ADVANCED_FACE('',(#18738),#18749,.F.);
#18738 = FACE_BOUND('',#18739,.T.);
#18739 = EDGE_LOOP('',(#18740,#18741,#18747,#18748));
#18740 = ORIENTED_EDGE('',*,*,#17082,.T.);
#18741 = ORIENTED_EDGE('',*,*,#18742,.T.);
#18742 = EDGE_CURVE('',#17083,#17771,#18743,.T.);
#18743 = LINE('',#18744,#18745);
#18744 = CARTESIAN_POINT('',(156.085,-78.97,-4.6E-02));
#18745 = VECTOR('',#18746,1.);
#18746 = DIRECTION('',(0.,0.,1.));
#18747 = ORIENTED_EDGE('',*,*,#17770,.F.);
#18748 = ORIENTED_EDGE('',*,*,#18742,.F.);
#18749 = CYLINDRICAL_SURFACE('',#18750,1.1);
#18750 = AXIS2_PLACEMENT_3D('',#18751,#18752,#18753);
#18751 = CARTESIAN_POINT('',(156.085,-77.87,-4.6E-02));
#18752 = DIRECTION('',(-0.,-0.,-1.));
#18753 = DIRECTION('',(-0.,-1.,0.));
#18754 = ADVANCED_FACE('',(#18755),#18766,.F.);
#18755 = FACE_BOUND('',#18756,.T.);
#18756 = EDGE_LOOP('',(#18757,#18758,#18764,#18765));
#18757 = ORIENTED_EDGE('',*,*,#17093,.T.);
#18758 = ORIENTED_EDGE('',*,*,#18759,.T.);
#18759 = EDGE_CURVE('',#17094,#17782,#18760,.T.);
#18760 = LINE('',#18761,#18762);
#18761 = CARTESIAN_POINT('',(161.235,-81.825,-4.6E-02));
#18762 = VECTOR('',#18763,1.);
#18763 = DIRECTION('',(0.,0.,1.));
#18764 = ORIENTED_EDGE('',*,*,#17781,.F.);
#18765 = ORIENTED_EDGE('',*,*,#18759,.F.);
#18766 = CYLINDRICAL_SURFACE('',#18767,0.925);
#18767 = AXIS2_PLACEMENT_3D('',#18768,#18769,#18770);
#18768 = CARTESIAN_POINT('',(161.235,-80.9,-4.6E-02));
#18769 = DIRECTION('',(-0.,-0.,-1.));
#18770 = DIRECTION('',(-0.,-1.,0.));
#18771 = ADVANCED_FACE('',(#18772),#18783,.F.);
#18772 = FACE_BOUND('',#18773,.T.);
#18773 = EDGE_LOOP('',(#18774,#18775,#18781,#18782));
#18774 = ORIENTED_EDGE('',*,*,#17104,.T.);
#18775 = ORIENTED_EDGE('',*,*,#18776,.T.);
#18776 = EDGE_CURVE('',#17105,#17793,#18777,.T.);
#18777 = LINE('',#18778,#18779);
#18778 = CARTESIAN_POINT('',(167.7,-83.32,-4.6E-02));
#18779 = VECTOR('',#18780,1.);
#18780 = DIRECTION('',(0.,0.,1.));
#18781 = ORIENTED_EDGE('',*,*,#17792,.F.);
#18782 = ORIENTED_EDGE('',*,*,#18776,.F.);
#18783 = CYLINDRICAL_SURFACE('',#18784,0.5);
#18784 = AXIS2_PLACEMENT_3D('',#18785,#18786,#18787);
#18785 = CARTESIAN_POINT('',(167.7,-82.82,-4.6E-02));
#18786 = DIRECTION('',(-0.,-0.,-1.));
#18787 = DIRECTION('',(-0.,-1.,0.));
#18788 = ADVANCED_FACE('',(#18789),#18800,.F.);
#18789 = FACE_BOUND('',#18790,.T.);
#18790 = EDGE_LOOP('',(#18791,#18792,#18798,#18799));
#18791 = ORIENTED_EDGE('',*,*,#17115,.T.);
#18792 = ORIENTED_EDGE('',*,*,#18793,.T.);
#18793 = EDGE_CURVE('',#17116,#17804,#18794,.T.);
#18794 = LINE('',#18795,#18796);
#18795 = CARTESIAN_POINT('',(161.535,-78.97,-4.6E-02));
#18796 = VECTOR('',#18797,1.);
#18797 = DIRECTION('',(0.,0.,1.));
#18798 = ORIENTED_EDGE('',*,*,#17803,.F.);
#18799 = ORIENTED_EDGE('',*,*,#18793,.F.);
#18800 = CYLINDRICAL_SURFACE('',#18801,1.1);
#18801 = AXIS2_PLACEMENT_3D('',#18802,#18803,#18804);
#18802 = CARTESIAN_POINT('',(161.535,-77.87,-4.6E-02));
#18803 = DIRECTION('',(-0.,-0.,-1.));
#18804 = DIRECTION('',(-0.,-1.,0.));
#18805 = ADVANCED_FACE('',(#18806),#18817,.F.);
#18806 = FACE_BOUND('',#18807,.T.);
#18807 = EDGE_LOOP('',(#18808,#18809,#18815,#18816));
#18808 = ORIENTED_EDGE('',*,*,#17126,.T.);
#18809 = ORIENTED_EDGE('',*,*,#18810,.T.);
#18810 = EDGE_CURVE('',#17127,#17815,#18811,.T.);
#18811 = LINE('',#18812,#18813);
#18812 = CARTESIAN_POINT('',(167.7,-80.78,-4.6E-02));
#18813 = VECTOR('',#18814,1.);
#18814 = DIRECTION('',(0.,0.,1.));
#18815 = ORIENTED_EDGE('',*,*,#17814,.F.);
#18816 = ORIENTED_EDGE('',*,*,#18810,.F.);
#18817 = CYLINDRICAL_SURFACE('',#18818,0.5);
#18818 = AXIS2_PLACEMENT_3D('',#18819,#18820,#18821);
#18819 = CARTESIAN_POINT('',(167.7,-80.28,-4.6E-02));
#18820 = DIRECTION('',(-0.,-0.,-1.));
#18821 = DIRECTION('',(-0.,-1.,0.));
#18822 = ADVANCED_FACE('',(#18823),#18834,.F.);
#18823 = FACE_BOUND('',#18824,.T.);
#18824 = EDGE_LOOP('',(#18825,#18826,#18832,#18833));
#18825 = ORIENTED_EDGE('',*,*,#17137,.T.);
#18826 = ORIENTED_EDGE('',*,*,#18827,.T.);
#18827 = EDGE_CURVE('',#17138,#17826,#18828,.T.);
#18828 = LINE('',#18829,#18830);
#18829 = CARTESIAN_POINT('',(167.7,-78.24,-4.6E-02));
#18830 = VECTOR('',#18831,1.);
#18831 = DIRECTION('',(0.,0.,1.));
#18832 = ORIENTED_EDGE('',*,*,#17825,.F.);
#18833 = ORIENTED_EDGE('',*,*,#18827,.F.);
#18834 = CYLINDRICAL_SURFACE('',#18835,0.5);
#18835 = AXIS2_PLACEMENT_3D('',#18836,#18837,#18838);
#18836 = CARTESIAN_POINT('',(167.7,-77.74,-4.6E-02));
#18837 = DIRECTION('',(-0.,-0.,-1.));
#18838 = DIRECTION('',(-0.,-1.,0.));
#18839 = ADVANCED_FACE('',(#18840),#18851,.F.);
#18840 = FACE_BOUND('',#18841,.T.);
#18841 = EDGE_LOOP('',(#18842,#18843,#18849,#18850));
#18842 = ORIENTED_EDGE('',*,*,#17148,.T.);
#18843 = ORIENTED_EDGE('',*,*,#18844,.T.);
#18844 = EDGE_CURVE('',#17149,#17837,#18845,.T.);
#18845 = LINE('',#18846,#18847);
#18846 = CARTESIAN_POINT('',(182.74,-102.58,-4.6E-02));
#18847 = VECTOR('',#18848,1.);
#18848 = DIRECTION('',(0.,0.,1.));
#18849 = ORIENTED_EDGE('',*,*,#17836,.F.);
#18850 = ORIENTED_EDGE('',*,*,#18844,.F.);
#18851 = CYLINDRICAL_SURFACE('',#18852,0.5);
#18852 = AXIS2_PLACEMENT_3D('',#18853,#18854,#18855);
#18853 = CARTESIAN_POINT('',(182.74,-102.08,-4.6E-02));
#18854 = DIRECTION('',(-0.,-0.,-1.));
#18855 = DIRECTION('',(-0.,-1.,0.));
#18856 = ADVANCED_FACE('',(#18857),#18868,.F.);
#18857 = FACE_BOUND('',#18858,.T.);
#18858 = EDGE_LOOP('',(#18859,#18860,#18866,#18867));
#18859 = ORIENTED_EDGE('',*,*,#17159,.T.);
#18860 = ORIENTED_EDGE('',*,*,#18861,.T.);
#18861 = EDGE_CURVE('',#17160,#17848,#18862,.T.);
#18862 = LINE('',#18863,#18864);
#18863 = CARTESIAN_POINT('',(182.74,-94.96,-4.6E-02));
#18864 = VECTOR('',#18865,1.);
#18865 = DIRECTION('',(0.,0.,1.));
#18866 = ORIENTED_EDGE('',*,*,#17847,.F.);
#18867 = ORIENTED_EDGE('',*,*,#18861,.F.);
#18868 = CYLINDRICAL_SURFACE('',#18869,0.5);
#18869 = AXIS2_PLACEMENT_3D('',#18870,#18871,#18872);
#18870 = CARTESIAN_POINT('',(182.74,-94.46,-4.6E-02));
#18871 = DIRECTION('',(-0.,-0.,-1.));
#18872 = DIRECTION('',(-0.,-1.,0.));
#18873 = ADVANCED_FACE('',(#18874),#18885,.F.);
#18874 = FACE_BOUND('',#18875,.T.);
#18875 = EDGE_LOOP('',(#18876,#18877,#18883,#18884));
#18876 = ORIENTED_EDGE('',*,*,#17170,.T.);
#18877 = ORIENTED_EDGE('',*,*,#18878,.T.);
#18878 = EDGE_CURVE('',#17171,#17859,#18879,.T.);
#18879 = LINE('',#18880,#18881);
#18880 = CARTESIAN_POINT('',(182.74,-92.42,-4.6E-02));
#18881 = VECTOR('',#18882,1.);
#18882 = DIRECTION('',(0.,0.,1.));
#18883 = ORIENTED_EDGE('',*,*,#17858,.F.);
#18884 = ORIENTED_EDGE('',*,*,#18878,.F.);
#18885 = CYLINDRICAL_SURFACE('',#18886,0.5);
#18886 = AXIS2_PLACEMENT_3D('',#18887,#18888,#18889);
#18887 = CARTESIAN_POINT('',(182.74,-91.92,-4.6E-02));
#18888 = DIRECTION('',(-0.,-0.,-1.));
#18889 = DIRECTION('',(-0.,-1.,0.));
#18890 = ADVANCED_FACE('',(#18891),#18902,.F.);
#18891 = FACE_BOUND('',#18892,.T.);
#18892 = EDGE_LOOP('',(#18893,#18894,#18900,#18901));
#18893 = ORIENTED_EDGE('',*,*,#17181,.T.);
#18894 = ORIENTED_EDGE('',*,*,#18895,.T.);
#18895 = EDGE_CURVE('',#17182,#17870,#18896,.T.);
#18896 = LINE('',#18897,#18898);
#18897 = CARTESIAN_POINT('',(203.06,-102.58,-4.6E-02));
#18898 = VECTOR('',#18899,1.);
#18899 = DIRECTION('',(0.,0.,1.));
#18900 = ORIENTED_EDGE('',*,*,#17869,.F.);
#18901 = ORIENTED_EDGE('',*,*,#18895,.F.);
#18902 = CYLINDRICAL_SURFACE('',#18903,0.5);
#18903 = AXIS2_PLACEMENT_3D('',#18904,#18905,#18906);
#18904 = CARTESIAN_POINT('',(203.06,-102.08,-4.6E-02));
#18905 = DIRECTION('',(-0.,-0.,-1.));
#18906 = DIRECTION('',(-0.,-1.,0.));
#18907 = ADVANCED_FACE('',(#18908),#18919,.F.);
#18908 = FACE_BOUND('',#18909,.T.);
#18909 = EDGE_LOOP('',(#18910,#18911,#18917,#18918));
#18910 = ORIENTED_EDGE('',*,*,#17192,.T.);
#18911 = ORIENTED_EDGE('',*,*,#18912,.T.);
#18912 = EDGE_CURVE('',#17193,#17881,#18913,.T.);
#18913 = LINE('',#18914,#18915);
#18914 = CARTESIAN_POINT('',(203.06,-100.04,-4.6E-02));
#18915 = VECTOR('',#18916,1.);
#18916 = DIRECTION('',(0.,0.,1.));
#18917 = ORIENTED_EDGE('',*,*,#17880,.F.);
#18918 = ORIENTED_EDGE('',*,*,#18912,.F.);
#18919 = CYLINDRICAL_SURFACE('',#18920,0.5);
#18920 = AXIS2_PLACEMENT_3D('',#18921,#18922,#18923);
#18921 = CARTESIAN_POINT('',(203.06,-99.54,-4.6E-02));
#18922 = DIRECTION('',(-0.,-0.,-1.));
#18923 = DIRECTION('',(-0.,-1.,0.));
#18924 = ADVANCED_FACE('',(#18925),#18936,.F.);
#18925 = FACE_BOUND('',#18926,.T.);
#18926 = EDGE_LOOP('',(#18927,#18928,#18934,#18935));
#18927 = ORIENTED_EDGE('',*,*,#17203,.T.);
#18928 = ORIENTED_EDGE('',*,*,#18929,.T.);
#18929 = EDGE_CURVE('',#17204,#17892,#18930,.T.);
#18930 = LINE('',#18931,#18932);
#18931 = CARTESIAN_POINT('',(203.06,-97.5,-4.6E-02));
#18932 = VECTOR('',#18933,1.);
#18933 = DIRECTION('',(0.,0.,1.));
#18934 = ORIENTED_EDGE('',*,*,#17891,.F.);
#18935 = ORIENTED_EDGE('',*,*,#18929,.F.);
#18936 = CYLINDRICAL_SURFACE('',#18937,0.5);
#18937 = AXIS2_PLACEMENT_3D('',#18938,#18939,#18940);
#18938 = CARTESIAN_POINT('',(203.06,-97.,-4.6E-02));
#18939 = DIRECTION('',(-0.,-0.,-1.));
#18940 = DIRECTION('',(-0.,-1.,0.));
#18941 = ADVANCED_FACE('',(#18942),#18953,.F.);
#18942 = FACE_BOUND('',#18943,.T.);
#18943 = EDGE_LOOP('',(#18944,#18945,#18951,#18952));
#18944 = ORIENTED_EDGE('',*,*,#17214,.T.);
#18945 = ORIENTED_EDGE('',*,*,#18946,.T.);
#18946 = EDGE_CURVE('',#17215,#17903,#18947,.T.);
#18947 = LINE('',#18948,#18949);
#18948 = CARTESIAN_POINT('',(203.06,-94.96,-4.6E-02));
#18949 = VECTOR('',#18950,1.);
#18950 = DIRECTION('',(0.,0.,1.));
#18951 = ORIENTED_EDGE('',*,*,#17902,.F.);
#18952 = ORIENTED_EDGE('',*,*,#18946,.F.);
#18953 = CYLINDRICAL_SURFACE('',#18954,0.5);
#18954 = AXIS2_PLACEMENT_3D('',#18955,#18956,#18957);
#18955 = CARTESIAN_POINT('',(203.06,-94.46,-4.6E-02));
#18956 = DIRECTION('',(-0.,-0.,-1.));
#18957 = DIRECTION('',(-0.,-1.,0.));
#18958 = ADVANCED_FACE('',(#18959),#18970,.F.);
#18959 = FACE_BOUND('',#18960,.T.);
#18960 = EDGE_LOOP('',(#18961,#18962,#18968,#18969));
#18961 = ORIENTED_EDGE('',*,*,#17225,.T.);
#18962 = ORIENTED_EDGE('',*,*,#18963,.T.);
#18963 = EDGE_CURVE('',#17226,#17914,#18964,.T.);
#18964 = LINE('',#18965,#18966);
#18965 = CARTESIAN_POINT('',(203.06,-92.42,-4.6E-02));
#18966 = VECTOR('',#18967,1.);
#18967 = DIRECTION('',(0.,0.,1.));
#18968 = ORIENTED_EDGE('',*,*,#17913,.F.);
#18969 = ORIENTED_EDGE('',*,*,#18963,.F.);
#18970 = CYLINDRICAL_SURFACE('',#18971,0.5);
#18971 = AXIS2_PLACEMENT_3D('',#18972,#18973,#18974);
#18972 = CARTESIAN_POINT('',(203.06,-91.92,-4.6E-02));
#18973 = DIRECTION('',(-0.,-0.,-1.));
#18974 = DIRECTION('',(-0.,-1.,0.));
#18975 = ( GEOMETRIC_REPRESENTATION_CONTEXT(3) 
GLOBAL_UNCERTAINTY_ASSIGNED_CONTEXT((#18979)) 
GLOBAL_UNIT_ASSIGNED_CONTEXT((#18976,#18977,#18978)) 
REPRESENTATION_CONTEXT('Context #1',
  '3D Context with UNIT and UNCERTAINTY') );
#18976 = ( LENGTH_UNIT() NAMED_UNIT(*) SI_UNIT(.MILLI.,.METRE.) );
#18977 = ( NAMED_UNIT(*) PLANE_ANGLE_UNIT() SI_UNIT($,.RADIAN.) );
#18978 = ( NAMED_UNIT(*) SI_UNIT($,.STERADIAN.) SOLID_ANGLE_UNIT() );
#18979 = UNCERTAINTY_MEASURE_WITH_UNIT(LENGTH_MEASURE(1.E-07),#18976,
  'distance_accuracy_value','confusion accuracy');
#18980 = CONTEXT_DEPENDENT_SHAPE_REPRESENTATION(#18981,#18983);
#18981 = ( REPRESENTATION_RELATIONSHIP('','',#16445,#10) 
REPRESENTATION_RELATIONSHIP_WITH_TRANSFORMATION(#18982) 
SHAPE_REPRESENTATION_RELATIONSHIP() );
#18982 = ITEM_DEFINED_TRANSFORMATION('','',#11,#19);
#18983 = PRODUCT_DEFINITION_SHAPE('Placement','Placement of an item',
  #18984);
#18984 = NEXT_ASSEMBLY_USAGE_OCCURRENCE('3','=>[0:1:1:3]','',#5,#16440,$
  );
#18985 = PRODUCT_RELATED_PRODUCT_CATEGORY('part',$,(#16442));
#18986 = MECHANICAL_DESIGN_GEOMETRIC_PRESENTATION_REPRESENTATION('',(
    #18987),#18975);
#18987 = STYLED_ITEM('color',(#18988),#16446);
#18988 = PRESENTATION_STYLE_ASSIGNMENT((#18989));
#18989 = SURFACE_STYLE_USAGE(.BOTH.,#18990);
#18990 = SURFACE_SIDE_STYLE('',(#18991));
#18991 = SURFACE_STYLE_FILL_AREA(#18992);
#18992 = FILL_AREA_STYLE('',(#18993));
#18993 = FILL_AREA_STYLE_COLOUR('',#18994);
#18994 = COLOUR_RGB('',0.313304153717,0.484529207832,0.410020903123);
#18995 = MECHANICAL_DESIGN_GEOMETRIC_PRESENTATION_REPRESENTATION('',(
    #18996,#19007,#19015,#19022,#19029,#19036,#19044,#19051,#19058,
    #19065,#19072,#19080,#19087,#19094,#19102,#19110,#19117,#19124,
    #19131,#19138,#19145,#19152,#19159,#19166,#19173,#19180,#19187,
    #19194,#19201,#19208,#19215,#19222,#19229,#19236,#19243,#19250,
    #19257,#19264,#19271,#19278,#19285,#19292,#19299,#19306,#19313,
    #19320,#19327,#19334,#19341,#19348,#19355,#19362,#19369,#19376,
    #19383,#19390,#19397,#19405,#19412,#19419,#19426,#19433,#19440,
    #19447,#19454,#19461,#19468,#19475,#19482,#19489,#19496,#19503,
    #19510,#19517,#19524,#19531,#19538,#19545,#19552,#19559,#19566,
    #19573,#19580,#19587,#19594,#19601,#19608,#19615,#19622,#19629,
    #19636,#19643,#19650,#19657,#19664,#19671,#19678,#19685,#19692,
    #19699,#19706,#19713,#19720,#19727,#19734,#19741,#19748,#19755,
    #19762,#19769,#19776,#19783,#19791,#19798,#19805,#19812,#19820,
    #19827,#19834,#19841,#19848,#19855,#19862,#19869,#19876,#19883,
    #19891,#19898,#19905,#19912,#19920,#19927,#19934,#19941,#19949,
    #19956,#19963,#19970,#19977,#19984,#19991,#19998,#20005,#20012,
    #20019,#20026,#20033,#20040,#20047,#20054,#20061,#20068,#20075,
    #20082,#20089,#20096,#20103,#20110,#20117,#20124,#20131,#20138,
    #20145,#20152,#20159,#20166,#20173,#20180,#20187,#20194,#20201,
    #20208,#20215,#20222,#20229,#20236,#20243,#20250,#20257,#20264,
    #20271,#20278,#20285,#20292,#20299,#20306,#20313,#20320,#20327,
    #20334,#20341,#20348,#20355,#20362,#20369,#20376,#20383,#20390,
    #20397,#20404,#20411,#20418,#20425,#20432,#20439,#20446,#20453,
    #20460,#20467,#20474,#20481,#20488,#20495,#20502,#20509,#20516,
    #20523,#20530,#20537,#20544,#20551,#20558,#20565,#20572,#20579,
    #20586,#20593,#20600,#20607,#20614,#20621,#20628,#20635,#20642,
    #20649,#20656,#20663,#20670,#20677,#20684,#20691,#20698,#20705,
    #20712,#20719,#20726,#20733,#20740,#20747,#20754,#20761,#20768,
    #20775,#20782,#20789,#20796,#20803,#20810,#20817,#20824,#20831,
    #20838,#20845,#20852,#20859,#20866,#20873,#20880,#20887,#20894,
    #20901,#20908,#20915,#20922,#20929,#20936,#20943,#20950,#20957,
    #20964,#20971,#20978,#20985,#20992,#20999,#21006,#21013,#21020,
    #21027,#21034,#21041,#21048,#21055,#21062,#21069,#21076,#21083,
    #21090,#21097,#21104,#21111,#21118,#21125,#21132,#21139,#21146,
    #21153,#21160,#21167,#21174,#21181,#21188,#21195,#21202,#21209,
    #21216,#21223,#21230,#21237,#21244,#21251,#21258,#21265,#21272,
    #21279,#21286,#21293,#21300,#21307,#21314,#21321,#21328,#21335,
    #21342,#21349,#21356,#21363,#21370,#21377,#21384,#21391,#21398,
    #21405,#21412,#21419,#21426,#21433,#21440,#21447,#21454,#21461,
    #21468,#21475,#21482,#21489,#21496,#21503,#21510,#21517,#21524,
    #21531,#21538,#21545,#21552,#21559,#21566,#21573,#21580,#21587,
    #21594,#21601,#21608,#21615,#21622,#21629,#21636,#21643,#21650,
    #21657,#21664,#21671,#21678,#21685,#21692,#21699,#21706,#21713,
    #21720,#21727,#21734,#21741,#21748,#21755,#21762,#21769,#21776,
    #21783,#21790,#21797,#21804,#21811,#21818,#21825,#21832,#21839,
    #21846,#21853,#21860,#21867,#21874,#21881,#21889,#21896,#21903,
    #21910,#21917,#21924,#21931,#21938,#21945,#21952,#21959,#21966,
    #21973,#21980,#21987,#21994,#22001,#22008,#22015,#22022,#22029,
    #22036,#22043,#22050,#22057,#22064,#22071,#22078,#22085,#22092,
    #22099,#22106,#22113,#22120,#22127,#22134,#22141,#22148,#22155,
    #22162,#22169,#22176,#22183,#22190,#22197,#22204,#22211,#22218,
    #22225,#22232,#22239,#22246,#22253,#22260,#22267,#22274,#22281,
    #22288,#22295,#22302,#22309,#22316,#22323),#16427);
#18996 = STYLED_ITEM('color',(#18997),#60);
#18997 = PRESENTATION_STYLE_ASSIGNMENT((#18998,#19004));
#18998 = SURFACE_STYLE_USAGE(.BOTH.,#18999);
#18999 = SURFACE_SIDE_STYLE('',(#19000));
#19000 = SURFACE_STYLE_FILL_AREA(#19001);
#19001 = FILL_AREA_STYLE('',(#19002));
#19002 = FILL_AREA_STYLE_COLOUR('',#19003);
#19003 = COLOUR_RGB('',0.800000010877,0.800000010877,0.800000010877);
#19004 = CURVE_STYLE('',#19005,POSITIVE_LENGTH_MEASURE(0.1),#19006);
#19005 = DRAUGHTING_PRE_DEFINED_CURVE_FONT('continuous');
#19006 = COLOUR_RGB('',9.803921802644E-02,9.803921802644E-02,
  9.803921802644E-02);
#19007 = OVER_RIDING_STYLED_ITEM('overriding color',(#19008),#62,#18996
  );
#19008 = PRESENTATION_STYLE_ASSIGNMENT((#19009));
#19009 = SURFACE_STYLE_USAGE(.BOTH.,#19010);
#19010 = SURFACE_SIDE_STYLE('',(#19011));
#19011 = SURFACE_STYLE_FILL_AREA(#19012);
#19012 = FILL_AREA_STYLE('',(#19013));
#19013 = FILL_AREA_STYLE_COLOUR('',#19014);
#19014 = DRAUGHTING_PRE_DEFINED_COLOUR('green');
#19015 = OVER_RIDING_STYLED_ITEM('overriding color',(#19016),#102,#18996
  );
#19016 = PRESENTATION_STYLE_ASSIGNMENT((#19017));
#19017 = SURFACE_STYLE_USAGE(.BOTH.,#19018);
#19018 = SURFACE_SIDE_STYLE('',(#19019));
#19019 = SURFACE_STYLE_FILL_AREA(#19020);
#19020 = FILL_AREA_STYLE('',(#19021));
#19021 = FILL_AREA_STYLE_COLOUR('',#19014);
#19022 = OVER_RIDING_STYLED_ITEM('overriding color',(#19023),#133,#18996
  );
#19023 = PRESENTATION_STYLE_ASSIGNMENT((#19024));
#19024 = SURFACE_STYLE_USAGE(.BOTH.,#19025);
#19025 = SURFACE_SIDE_STYLE('',(#19026));
#19026 = SURFACE_STYLE_FILL_AREA(#19027);
#19027 = FILL_AREA_STYLE('',(#19028));
#19028 = FILL_AREA_STYLE_COLOUR('',#19014);
#19029 = OVER_RIDING_STYLED_ITEM('overriding color',(#19030),#157,#18996
  );
#19030 = PRESENTATION_STYLE_ASSIGNMENT((#19031));
#19031 = SURFACE_STYLE_USAGE(.BOTH.,#19032);
#19032 = SURFACE_SIDE_STYLE('',(#19033));
#19033 = SURFACE_STYLE_FILL_AREA(#19034);
#19034 = FILL_AREA_STYLE('',(#19035));
#19035 = FILL_AREA_STYLE_COLOUR('',#19014);
#19036 = OVER_RIDING_STYLED_ITEM('overriding color',(#19037),#181,#18996
  );
#19037 = PRESENTATION_STYLE_ASSIGNMENT((#19038));
#19038 = SURFACE_STYLE_USAGE(.BOTH.,#19039);
#19039 = SURFACE_SIDE_STYLE('',(#19040));
#19040 = SURFACE_STYLE_FILL_AREA(#19041);
#19041 = FILL_AREA_STYLE('',(#19042));
#19042 = FILL_AREA_STYLE_COLOUR('',#19043);
#19043 = COLOUR_RGB('',0.901960800373,0.796078452645,0.670588257465);
#19044 = OVER_RIDING_STYLED_ITEM('overriding color',(#19045),#212,#18996
  );
#19045 = PRESENTATION_STYLE_ASSIGNMENT((#19046));
#19046 = SURFACE_STYLE_USAGE(.BOTH.,#19047);
#19047 = SURFACE_SIDE_STYLE('',(#19048));
#19048 = SURFACE_STYLE_FILL_AREA(#19049);
#19049 = FILL_AREA_STYLE('',(#19050));
#19050 = FILL_AREA_STYLE_COLOUR('',#19043);
#19051 = OVER_RIDING_STYLED_ITEM('overriding color',(#19052),#252,#18996
  );
#19052 = PRESENTATION_STYLE_ASSIGNMENT((#19053));
#19053 = SURFACE_STYLE_USAGE(.BOTH.,#19054);
#19054 = SURFACE_SIDE_STYLE('',(#19055));
#19055 = SURFACE_STYLE_FILL_AREA(#19056);
#19056 = FILL_AREA_STYLE('',(#19057));
#19057 = FILL_AREA_STYLE_COLOUR('',#19014);
#19058 = OVER_RIDING_STYLED_ITEM('overriding color',(#19059),#269,#18996
  );
#19059 = PRESENTATION_STYLE_ASSIGNMENT((#19060));
#19060 = SURFACE_STYLE_USAGE(.BOTH.,#19061);
#19061 = SURFACE_SIDE_STYLE('',(#19062));
#19062 = SURFACE_STYLE_FILL_AREA(#19063);
#19063 = FILL_AREA_STYLE('',(#19064));
#19064 = FILL_AREA_STYLE_COLOUR('',#19043);
#19065 = OVER_RIDING_STYLED_ITEM('overriding color',(#19066),#309,#18996
  );
#19066 = PRESENTATION_STYLE_ASSIGNMENT((#19067));
#19067 = SURFACE_STYLE_USAGE(.BOTH.,#19068);
#19068 = SURFACE_SIDE_STYLE('',(#19069));
#19069 = SURFACE_STYLE_FILL_AREA(#19070);
#19070 = FILL_AREA_STYLE('',(#19071));
#19071 = FILL_AREA_STYLE_COLOUR('',#19043);
#19072 = OVER_RIDING_STYLED_ITEM('overriding color',(#19073),#326,#18996
  );
#19073 = PRESENTATION_STYLE_ASSIGNMENT((#19074));
#19074 = SURFACE_STYLE_USAGE(.BOTH.,#19075);
#19075 = SURFACE_SIDE_STYLE('',(#19076));
#19076 = SURFACE_STYLE_FILL_AREA(#19077);
#19077 = FILL_AREA_STYLE('',(#19078));
#19078 = FILL_AREA_STYLE_COLOUR('',#19079);
#19079 = COLOUR_RGB('',7.843137448654E-03,0.498039215105,0.235294113866
  );
#19080 = OVER_RIDING_STYLED_ITEM('overriding color',(#19081),#2465,
  #18996);
#19081 = PRESENTATION_STYLE_ASSIGNMENT((#19082));
#19082 = SURFACE_STYLE_USAGE(.BOTH.,#19083);
#19083 = SURFACE_SIDE_STYLE('',(#19084));
#19084 = SURFACE_STYLE_FILL_AREA(#19085);
#19085 = FILL_AREA_STYLE('',(#19086));
#19086 = FILL_AREA_STYLE_COLOUR('',#19043);
#19087 = OVER_RIDING_STYLED_ITEM('overriding color',(#19088),#2482,
  #18996);
#19088 = PRESENTATION_STYLE_ASSIGNMENT((#19089));
#19089 = SURFACE_STYLE_USAGE(.BOTH.,#19090);
#19090 = SURFACE_SIDE_STYLE('',(#19091));
#19091 = SURFACE_STYLE_FILL_AREA(#19092);
#19092 = FILL_AREA_STYLE('',(#19093));
#19093 = FILL_AREA_STYLE_COLOUR('',#19043);
#19094 = OVER_RIDING_STYLED_ITEM('overriding color',(#19095),#2494,
  #18996);
#19095 = PRESENTATION_STYLE_ASSIGNMENT((#19096));
#19096 = SURFACE_STYLE_USAGE(.BOTH.,#19097);
#19097 = SURFACE_SIDE_STYLE('',(#19098));
#19098 = SURFACE_STYLE_FILL_AREA(#19099);
#19099 = FILL_AREA_STYLE('',(#19100));
#19100 = FILL_AREA_STYLE_COLOUR('',#19101);
#19101 = COLOUR_RGB('',0.639215714193,0.678431390124,0.454901963324);
#19102 = OVER_RIDING_STYLED_ITEM('overriding color',(#19103),#2525,
  #18996);
#19103 = PRESENTATION_STYLE_ASSIGNMENT((#19104));
#19104 = SURFACE_STYLE_USAGE(.BOTH.,#19105);
#19105 = SURFACE_SIDE_STYLE('',(#19106));
#19106 = SURFACE_STYLE_FILL_AREA(#19107);
#19107 = FILL_AREA_STYLE('',(#19108));
#19108 = FILL_AREA_STYLE_COLOUR('',#19109);
#19109 = COLOUR_RGB('',0.705882360366,0.619607859787,3.921568724327E-03
  );
#19110 = OVER_RIDING_STYLED_ITEM('overriding color',(#19111),#2570,
  #18996);
#19111 = PRESENTATION_STYLE_ASSIGNMENT((#19112));
#19112 = SURFACE_STYLE_USAGE(.BOTH.,#19113);
#19113 = SURFACE_SIDE_STYLE('',(#19114));
#19114 = SURFACE_STYLE_FILL_AREA(#19115);
#19115 = FILL_AREA_STYLE('',(#19116));
#19116 = FILL_AREA_STYLE_COLOUR('',#19101);
#19117 = OVER_RIDING_STYLED_ITEM('overriding color',(#19118),#2601,
  #18996);
#19118 = PRESENTATION_STYLE_ASSIGNMENT((#19119));
#19119 = SURFACE_STYLE_USAGE(.BOTH.,#19120);
#19120 = SURFACE_SIDE_STYLE('',(#19121));
#19121 = SURFACE_STYLE_FILL_AREA(#19122);
#19122 = FILL_AREA_STYLE('',(#19123));
#19123 = FILL_AREA_STYLE_COLOUR('',#19109);
#19124 = OVER_RIDING_STYLED_ITEM('overriding color',(#19125),#2646,
  #18996);
#19125 = PRESENTATION_STYLE_ASSIGNMENT((#19126));
#19126 = SURFACE_STYLE_USAGE(.BOTH.,#19127);
#19127 = SURFACE_SIDE_STYLE('',(#19128));
#19128 = SURFACE_STYLE_FILL_AREA(#19129);
#19129 = FILL_AREA_STYLE('',(#19130));
#19130 = FILL_AREA_STYLE_COLOUR('',#19101);
#19131 = OVER_RIDING_STYLED_ITEM('overriding color',(#19132),#2677,
  #18996);
#19132 = PRESENTATION_STYLE_ASSIGNMENT((#19133));
#19133 = SURFACE_STYLE_USAGE(.BOTH.,#19134);
#19134 = SURFACE_SIDE_STYLE('',(#19135));
#19135 = SURFACE_STYLE_FILL_AREA(#19136);
#19136 = FILL_AREA_STYLE('',(#19137));
#19137 = FILL_AREA_STYLE_COLOUR('',#19109);
#19138 = OVER_RIDING_STYLED_ITEM('overriding color',(#19139),#2724,
  #18996);
#19139 = PRESENTATION_STYLE_ASSIGNMENT((#19140));
#19140 = SURFACE_STYLE_USAGE(.BOTH.,#19141);
#19141 = SURFACE_SIDE_STYLE('',(#19142));
#19142 = SURFACE_STYLE_FILL_AREA(#19143);
#19143 = FILL_AREA_STYLE('',(#19144));
#19144 = FILL_AREA_STYLE_COLOUR('',#19101);
#19145 = OVER_RIDING_STYLED_ITEM('overriding color',(#19146),#2755,
  #18996);
#19146 = PRESENTATION_STYLE_ASSIGNMENT((#19147));
#19147 = SURFACE_STYLE_USAGE(.BOTH.,#19148);
#19148 = SURFACE_SIDE_STYLE('',(#19149));
#19149 = SURFACE_STYLE_FILL_AREA(#19150);
#19150 = FILL_AREA_STYLE('',(#19151));
#19151 = FILL_AREA_STYLE_COLOUR('',#19109);
#19152 = OVER_RIDING_STYLED_ITEM('overriding color',(#19153),#2800,
  #18996);
#19153 = PRESENTATION_STYLE_ASSIGNMENT((#19154));
#19154 = SURFACE_STYLE_USAGE(.BOTH.,#19155);
#19155 = SURFACE_SIDE_STYLE('',(#19156));
#19156 = SURFACE_STYLE_FILL_AREA(#19157);
#19157 = FILL_AREA_STYLE('',(#19158));
#19158 = FILL_AREA_STYLE_COLOUR('',#19101);
#19159 = OVER_RIDING_STYLED_ITEM('overriding color',(#19160),#2831,
  #18996);
#19160 = PRESENTATION_STYLE_ASSIGNMENT((#19161));
#19161 = SURFACE_STYLE_USAGE(.BOTH.,#19162);
#19162 = SURFACE_SIDE_STYLE('',(#19163));
#19163 = SURFACE_STYLE_FILL_AREA(#19164);
#19164 = FILL_AREA_STYLE('',(#19165));
#19165 = FILL_AREA_STYLE_COLOUR('',#19109);
#19166 = OVER_RIDING_STYLED_ITEM('overriding color',(#19167),#2876,
  #18996);
#19167 = PRESENTATION_STYLE_ASSIGNMENT((#19168));
#19168 = SURFACE_STYLE_USAGE(.BOTH.,#19169);
#19169 = SURFACE_SIDE_STYLE('',(#19170));
#19170 = SURFACE_STYLE_FILL_AREA(#19171);
#19171 = FILL_AREA_STYLE('',(#19172));
#19172 = FILL_AREA_STYLE_COLOUR('',#19101);
#19173 = OVER_RIDING_STYLED_ITEM('overriding color',(#19174),#2907,
  #18996);
#19174 = PRESENTATION_STYLE_ASSIGNMENT((#19175));
#19175 = SURFACE_STYLE_USAGE(.BOTH.,#19176);
#19176 = SURFACE_SIDE_STYLE('',(#19177));
#19177 = SURFACE_STYLE_FILL_AREA(#19178);
#19178 = FILL_AREA_STYLE('',(#19179));
#19179 = FILL_AREA_STYLE_COLOUR('',#19109);
#19180 = OVER_RIDING_STYLED_ITEM('overriding color',(#19181),#2952,
  #18996);
#19181 = PRESENTATION_STYLE_ASSIGNMENT((#19182));
#19182 = SURFACE_STYLE_USAGE(.BOTH.,#19183);
#19183 = SURFACE_SIDE_STYLE('',(#19184));
#19184 = SURFACE_STYLE_FILL_AREA(#19185);
#19185 = FILL_AREA_STYLE('',(#19186));
#19186 = FILL_AREA_STYLE_COLOUR('',#19101);
#19187 = OVER_RIDING_STYLED_ITEM('overriding color',(#19188),#2983,
  #18996);
#19188 = PRESENTATION_STYLE_ASSIGNMENT((#19189));
#19189 = SURFACE_STYLE_USAGE(.BOTH.,#19190);
#19190 = SURFACE_SIDE_STYLE('',(#19191));
#19191 = SURFACE_STYLE_FILL_AREA(#19192);
#19192 = FILL_AREA_STYLE('',(#19193));
#19193 = FILL_AREA_STYLE_COLOUR('',#19109);
#19194 = OVER_RIDING_STYLED_ITEM('overriding color',(#19195),#3028,
  #18996);
#19195 = PRESENTATION_STYLE_ASSIGNMENT((#19196));
#19196 = SURFACE_STYLE_USAGE(.BOTH.,#19197);
#19197 = SURFACE_SIDE_STYLE('',(#19198));
#19198 = SURFACE_STYLE_FILL_AREA(#19199);
#19199 = FILL_AREA_STYLE('',(#19200));
#19200 = FILL_AREA_STYLE_COLOUR('',#19101);
#19201 = OVER_RIDING_STYLED_ITEM('overriding color',(#19202),#3059,
  #18996);
#19202 = PRESENTATION_STYLE_ASSIGNMENT((#19203));
#19203 = SURFACE_STYLE_USAGE(.BOTH.,#19204);
#19204 = SURFACE_SIDE_STYLE('',(#19205));
#19205 = SURFACE_STYLE_FILL_AREA(#19206);
#19206 = FILL_AREA_STYLE('',(#19207));
#19207 = FILL_AREA_STYLE_COLOUR('',#19109);
#19208 = OVER_RIDING_STYLED_ITEM('overriding color',(#19209),#3106,
  #18996);
#19209 = PRESENTATION_STYLE_ASSIGNMENT((#19210));
#19210 = SURFACE_STYLE_USAGE(.BOTH.,#19211);
#19211 = SURFACE_SIDE_STYLE('',(#19212));
#19212 = SURFACE_STYLE_FILL_AREA(#19213);
#19213 = FILL_AREA_STYLE('',(#19214));
#19214 = FILL_AREA_STYLE_COLOUR('',#19101);
#19215 = OVER_RIDING_STYLED_ITEM('overriding color',(#19216),#3137,
  #18996);
#19216 = PRESENTATION_STYLE_ASSIGNMENT((#19217));
#19217 = SURFACE_STYLE_USAGE(.BOTH.,#19218);
#19218 = SURFACE_SIDE_STYLE('',(#19219));
#19219 = SURFACE_STYLE_FILL_AREA(#19220);
#19220 = FILL_AREA_STYLE('',(#19221));
#19221 = FILL_AREA_STYLE_COLOUR('',#19109);
#19222 = OVER_RIDING_STYLED_ITEM('overriding color',(#19223),#3182,
  #18996);
#19223 = PRESENTATION_STYLE_ASSIGNMENT((#19224));
#19224 = SURFACE_STYLE_USAGE(.BOTH.,#19225);
#19225 = SURFACE_SIDE_STYLE('',(#19226));
#19226 = SURFACE_STYLE_FILL_AREA(#19227);
#19227 = FILL_AREA_STYLE('',(#19228));
#19228 = FILL_AREA_STYLE_COLOUR('',#19101);
#19229 = OVER_RIDING_STYLED_ITEM('overriding color',(#19230),#3213,
  #18996);
#19230 = PRESENTATION_STYLE_ASSIGNMENT((#19231));
#19231 = SURFACE_STYLE_USAGE(.BOTH.,#19232);
#19232 = SURFACE_SIDE_STYLE('',(#19233));
#19233 = SURFACE_STYLE_FILL_AREA(#19234);
#19234 = FILL_AREA_STYLE('',(#19235));
#19235 = FILL_AREA_STYLE_COLOUR('',#19109);
#19236 = OVER_RIDING_STYLED_ITEM('overriding color',(#19237),#3258,
  #18996);
#19237 = PRESENTATION_STYLE_ASSIGNMENT((#19238));
#19238 = SURFACE_STYLE_USAGE(.BOTH.,#19239);
#19239 = SURFACE_SIDE_STYLE('',(#19240));
#19240 = SURFACE_STYLE_FILL_AREA(#19241);
#19241 = FILL_AREA_STYLE('',(#19242));
#19242 = FILL_AREA_STYLE_COLOUR('',#19101);
#19243 = OVER_RIDING_STYLED_ITEM('overriding color',(#19244),#3289,
  #18996);
#19244 = PRESENTATION_STYLE_ASSIGNMENT((#19245));
#19245 = SURFACE_STYLE_USAGE(.BOTH.,#19246);
#19246 = SURFACE_SIDE_STYLE('',(#19247));
#19247 = SURFACE_STYLE_FILL_AREA(#19248);
#19248 = FILL_AREA_STYLE('',(#19249));
#19249 = FILL_AREA_STYLE_COLOUR('',#19109);
#19250 = OVER_RIDING_STYLED_ITEM('overriding color',(#19251),#3334,
  #18996);
#19251 = PRESENTATION_STYLE_ASSIGNMENT((#19252));
#19252 = SURFACE_STYLE_USAGE(.BOTH.,#19253);
#19253 = SURFACE_SIDE_STYLE('',(#19254));
#19254 = SURFACE_STYLE_FILL_AREA(#19255);
#19255 = FILL_AREA_STYLE('',(#19256));
#19256 = FILL_AREA_STYLE_COLOUR('',#19101);
#19257 = OVER_RIDING_STYLED_ITEM('overriding color',(#19258),#3365,
  #18996);
#19258 = PRESENTATION_STYLE_ASSIGNMENT((#19259));
#19259 = SURFACE_STYLE_USAGE(.BOTH.,#19260);
#19260 = SURFACE_SIDE_STYLE('',(#19261));
#19261 = SURFACE_STYLE_FILL_AREA(#19262);
#19262 = FILL_AREA_STYLE('',(#19263));
#19263 = FILL_AREA_STYLE_COLOUR('',#19109);
#19264 = OVER_RIDING_STYLED_ITEM('overriding color',(#19265),#3410,
  #18996);
#19265 = PRESENTATION_STYLE_ASSIGNMENT((#19266));
#19266 = SURFACE_STYLE_USAGE(.BOTH.,#19267);
#19267 = SURFACE_SIDE_STYLE('',(#19268));
#19268 = SURFACE_STYLE_FILL_AREA(#19269);
#19269 = FILL_AREA_STYLE('',(#19270));
#19270 = FILL_AREA_STYLE_COLOUR('',#19101);
#19271 = OVER_RIDING_STYLED_ITEM('overriding color',(#19272),#3441,
  #18996);
#19272 = PRESENTATION_STYLE_ASSIGNMENT((#19273));
#19273 = SURFACE_STYLE_USAGE(.BOTH.,#19274);
#19274 = SURFACE_SIDE_STYLE('',(#19275));
#19275 = SURFACE_STYLE_FILL_AREA(#19276);
#19276 = FILL_AREA_STYLE('',(#19277));
#19277 = FILL_AREA_STYLE_COLOUR('',#19109);
#19278 = OVER_RIDING_STYLED_ITEM('overriding color',(#19279),#3488,
  #18996);
#19279 = PRESENTATION_STYLE_ASSIGNMENT((#19280));
#19280 = SURFACE_STYLE_USAGE(.BOTH.,#19281);
#19281 = SURFACE_SIDE_STYLE('',(#19282));
#19282 = SURFACE_STYLE_FILL_AREA(#19283);
#19283 = FILL_AREA_STYLE('',(#19284));
#19284 = FILL_AREA_STYLE_COLOUR('',#19101);
#19285 = OVER_RIDING_STYLED_ITEM('overriding color',(#19286),#3519,
  #18996);
#19286 = PRESENTATION_STYLE_ASSIGNMENT((#19287));
#19287 = SURFACE_STYLE_USAGE(.BOTH.,#19288);
#19288 = SURFACE_SIDE_STYLE('',(#19289));
#19289 = SURFACE_STYLE_FILL_AREA(#19290);
#19290 = FILL_AREA_STYLE('',(#19291));
#19291 = FILL_AREA_STYLE_COLOUR('',#19109);
#19292 = OVER_RIDING_STYLED_ITEM('overriding color',(#19293),#3564,
  #18996);
#19293 = PRESENTATION_STYLE_ASSIGNMENT((#19294));
#19294 = SURFACE_STYLE_USAGE(.BOTH.,#19295);
#19295 = SURFACE_SIDE_STYLE('',(#19296));
#19296 = SURFACE_STYLE_FILL_AREA(#19297);
#19297 = FILL_AREA_STYLE('',(#19298));
#19298 = FILL_AREA_STYLE_COLOUR('',#19101);
#19299 = OVER_RIDING_STYLED_ITEM('overriding color',(#19300),#3595,
  #18996);
#19300 = PRESENTATION_STYLE_ASSIGNMENT((#19301));
#19301 = SURFACE_STYLE_USAGE(.BOTH.,#19302);
#19302 = SURFACE_SIDE_STYLE('',(#19303));
#19303 = SURFACE_STYLE_FILL_AREA(#19304);
#19304 = FILL_AREA_STYLE('',(#19305));
#19305 = FILL_AREA_STYLE_COLOUR('',#19109);
#19306 = OVER_RIDING_STYLED_ITEM('overriding color',(#19307),#3640,
  #18996);
#19307 = PRESENTATION_STYLE_ASSIGNMENT((#19308));
#19308 = SURFACE_STYLE_USAGE(.BOTH.,#19309);
#19309 = SURFACE_SIDE_STYLE('',(#19310));
#19310 = SURFACE_STYLE_FILL_AREA(#19311);
#19311 = FILL_AREA_STYLE('',(#19312));
#19312 = FILL_AREA_STYLE_COLOUR('',#19101);
#19313 = OVER_RIDING_STYLED_ITEM('overriding color',(#19314),#3671,
  #18996);
#19314 = PRESENTATION_STYLE_ASSIGNMENT((#19315));
#19315 = SURFACE_STYLE_USAGE(.BOTH.,#19316);
#19316 = SURFACE_SIDE_STYLE('',(#19317));
#19317 = SURFACE_STYLE_FILL_AREA(#19318);
#19318 = FILL_AREA_STYLE('',(#19319));
#19319 = FILL_AREA_STYLE_COLOUR('',#19109);
#19320 = OVER_RIDING_STYLED_ITEM('overriding color',(#19321),#3716,
  #18996);
#19321 = PRESENTATION_STYLE_ASSIGNMENT((#19322));
#19322 = SURFACE_STYLE_USAGE(.BOTH.,#19323);
#19323 = SURFACE_SIDE_STYLE('',(#19324));
#19324 = SURFACE_STYLE_FILL_AREA(#19325);
#19325 = FILL_AREA_STYLE('',(#19326));
#19326 = FILL_AREA_STYLE_COLOUR('',#19101);
#19327 = OVER_RIDING_STYLED_ITEM('overriding color',(#19328),#3747,
  #18996);
#19328 = PRESENTATION_STYLE_ASSIGNMENT((#19329));
#19329 = SURFACE_STYLE_USAGE(.BOTH.,#19330);
#19330 = SURFACE_SIDE_STYLE('',(#19331));
#19331 = SURFACE_STYLE_FILL_AREA(#19332);
#19332 = FILL_AREA_STYLE('',(#19333));
#19333 = FILL_AREA_STYLE_COLOUR('',#19109);
#19334 = OVER_RIDING_STYLED_ITEM('overriding color',(#19335),#3792,
  #18996);
#19335 = PRESENTATION_STYLE_ASSIGNMENT((#19336));
#19336 = SURFACE_STYLE_USAGE(.BOTH.,#19337);
#19337 = SURFACE_SIDE_STYLE('',(#19338));
#19338 = SURFACE_STYLE_FILL_AREA(#19339);
#19339 = FILL_AREA_STYLE('',(#19340));
#19340 = FILL_AREA_STYLE_COLOUR('',#19101);
#19341 = OVER_RIDING_STYLED_ITEM('overriding color',(#19342),#3823,
  #18996);
#19342 = PRESENTATION_STYLE_ASSIGNMENT((#19343));
#19343 = SURFACE_STYLE_USAGE(.BOTH.,#19344);
#19344 = SURFACE_SIDE_STYLE('',(#19345));
#19345 = SURFACE_STYLE_FILL_AREA(#19346);
#19346 = FILL_AREA_STYLE('',(#19347));
#19347 = FILL_AREA_STYLE_COLOUR('',#19109);
#19348 = OVER_RIDING_STYLED_ITEM('overriding color',(#19349),#3870,
  #18996);
#19349 = PRESENTATION_STYLE_ASSIGNMENT((#19350));
#19350 = SURFACE_STYLE_USAGE(.BOTH.,#19351);
#19351 = SURFACE_SIDE_STYLE('',(#19352));
#19352 = SURFACE_STYLE_FILL_AREA(#19353);
#19353 = FILL_AREA_STYLE('',(#19354));
#19354 = FILL_AREA_STYLE_COLOUR('',#19101);
#19355 = OVER_RIDING_STYLED_ITEM('overriding color',(#19356),#3901,
  #18996);
#19356 = PRESENTATION_STYLE_ASSIGNMENT((#19357));
#19357 = SURFACE_STYLE_USAGE(.BOTH.,#19358);
#19358 = SURFACE_SIDE_STYLE('',(#19359));
#19359 = SURFACE_STYLE_FILL_AREA(#19360);
#19360 = FILL_AREA_STYLE('',(#19361));
#19361 = FILL_AREA_STYLE_COLOUR('',#19109);
#19362 = OVER_RIDING_STYLED_ITEM('overriding color',(#19363),#3946,
  #18996);
#19363 = PRESENTATION_STYLE_ASSIGNMENT((#19364));
#19364 = SURFACE_STYLE_USAGE(.BOTH.,#19365);
#19365 = SURFACE_SIDE_STYLE('',(#19366));
#19366 = SURFACE_STYLE_FILL_AREA(#19367);
#19367 = FILL_AREA_STYLE('',(#19368));
#19368 = FILL_AREA_STYLE_COLOUR('',#19101);
#19369 = OVER_RIDING_STYLED_ITEM('overriding color',(#19370),#3977,
  #18996);
#19370 = PRESENTATION_STYLE_ASSIGNMENT((#19371));
#19371 = SURFACE_STYLE_USAGE(.BOTH.,#19372);
#19372 = SURFACE_SIDE_STYLE('',(#19373));
#19373 = SURFACE_STYLE_FILL_AREA(#19374);
#19374 = FILL_AREA_STYLE('',(#19375));
#19375 = FILL_AREA_STYLE_COLOUR('',#19109);
#19376 = OVER_RIDING_STYLED_ITEM('overriding color',(#19377),#4022,
  #18996);
#19377 = PRESENTATION_STYLE_ASSIGNMENT((#19378));
#19378 = SURFACE_STYLE_USAGE(.BOTH.,#19379);
#19379 = SURFACE_SIDE_STYLE('',(#19380));
#19380 = SURFACE_STYLE_FILL_AREA(#19381);
#19381 = FILL_AREA_STYLE('',(#19382));
#19382 = FILL_AREA_STYLE_COLOUR('',#19101);
#19383 = OVER_RIDING_STYLED_ITEM('overriding color',(#19384),#4053,
  #18996);
#19384 = PRESENTATION_STYLE_ASSIGNMENT((#19385));
#19385 = SURFACE_STYLE_USAGE(.BOTH.,#19386);
#19386 = SURFACE_SIDE_STYLE('',(#19387));
#19387 = SURFACE_STYLE_FILL_AREA(#19388);
#19388 = FILL_AREA_STYLE('',(#19389));
#19389 = FILL_AREA_STYLE_COLOUR('',#19101);
#19390 = OVER_RIDING_STYLED_ITEM('overriding color',(#19391),#4078,
  #18996);
#19391 = PRESENTATION_STYLE_ASSIGNMENT((#19392));
#19392 = SURFACE_STYLE_USAGE(.BOTH.,#19393);
#19393 = SURFACE_SIDE_STYLE('',(#19394));
#19394 = SURFACE_STYLE_FILL_AREA(#19395);
#19395 = FILL_AREA_STYLE('',(#19396));
#19396 = FILL_AREA_STYLE_COLOUR('',#19101);
#19397 = OVER_RIDING_STYLED_ITEM('overriding color',(#19398),#4109,
  #18996);
#19398 = PRESENTATION_STYLE_ASSIGNMENT((#19399));
#19399 = SURFACE_STYLE_USAGE(.BOTH.,#19400);
#19400 = SURFACE_SIDE_STYLE('',(#19401));
#19401 = SURFACE_STYLE_FILL_AREA(#19402);
#19402 = FILL_AREA_STYLE('',(#19403));
#19403 = FILL_AREA_STYLE_COLOUR('',#19404);
#19404 = COLOUR_RGB('',0.827450977613,0.823529417451,0.784313732475);
#19405 = OVER_RIDING_STYLED_ITEM('overriding color',(#19406),#4150,
  #18996);
#19406 = PRESENTATION_STYLE_ASSIGNMENT((#19407));
#19407 = SURFACE_STYLE_USAGE(.BOTH.,#19408);
#19408 = SURFACE_SIDE_STYLE('',(#19409));
#19409 = SURFACE_STYLE_FILL_AREA(#19410);
#19410 = FILL_AREA_STYLE('',(#19411));
#19411 = FILL_AREA_STYLE_COLOUR('',#19404);
#19412 = OVER_RIDING_STYLED_ITEM('overriding color',(#19413),#4243,
  #18996);
#19413 = PRESENTATION_STYLE_ASSIGNMENT((#19414));
#19414 = SURFACE_STYLE_USAGE(.BOTH.,#19415);
#19415 = SURFACE_SIDE_STYLE('',(#19416));
#19416 = SURFACE_STYLE_FILL_AREA(#19417);
#19417 = FILL_AREA_STYLE('',(#19418));
#19418 = FILL_AREA_STYLE_COLOUR('',#19404);
#19419 = OVER_RIDING_STYLED_ITEM('overriding color',(#19420),#4276,
  #18996);
#19420 = PRESENTATION_STYLE_ASSIGNMENT((#19421));
#19421 = SURFACE_STYLE_USAGE(.BOTH.,#19422);
#19422 = SURFACE_SIDE_STYLE('',(#19423));
#19423 = SURFACE_STYLE_FILL_AREA(#19424);
#19424 = FILL_AREA_STYLE('',(#19425));
#19425 = FILL_AREA_STYLE_COLOUR('',#19101);
#19426 = OVER_RIDING_STYLED_ITEM('overriding color',(#19427),#4301,
  #18996);
#19427 = PRESENTATION_STYLE_ASSIGNMENT((#19428));
#19428 = SURFACE_STYLE_USAGE(.BOTH.,#19429);
#19429 = SURFACE_SIDE_STYLE('',(#19430));
#19430 = SURFACE_STYLE_FILL_AREA(#19431);
#19431 = FILL_AREA_STYLE('',(#19432));
#19432 = FILL_AREA_STYLE_COLOUR('',#19101);
#19433 = OVER_RIDING_STYLED_ITEM('overriding color',(#19434),#4325,
  #18996);
#19434 = PRESENTATION_STYLE_ASSIGNMENT((#19435));
#19435 = SURFACE_STYLE_USAGE(.BOTH.,#19436);
#19436 = SURFACE_SIDE_STYLE('',(#19437));
#19437 = SURFACE_STYLE_FILL_AREA(#19438);
#19438 = FILL_AREA_STYLE('',(#19439));
#19439 = FILL_AREA_STYLE_COLOUR('',#19109);
#19440 = OVER_RIDING_STYLED_ITEM('overriding color',(#19441),#4370,
  #18996);
#19441 = PRESENTATION_STYLE_ASSIGNMENT((#19442));
#19442 = SURFACE_STYLE_USAGE(.BOTH.,#19443);
#19443 = SURFACE_SIDE_STYLE('',(#19444));
#19444 = SURFACE_STYLE_FILL_AREA(#19445);
#19445 = FILL_AREA_STYLE('',(#19446));
#19446 = FILL_AREA_STYLE_COLOUR('',#19101);
#19447 = OVER_RIDING_STYLED_ITEM('overriding color',(#19448),#4401,
  #18996);
#19448 = PRESENTATION_STYLE_ASSIGNMENT((#19449));
#19449 = SURFACE_STYLE_USAGE(.BOTH.,#19450);
#19450 = SURFACE_SIDE_STYLE('',(#19451));
#19451 = SURFACE_STYLE_FILL_AREA(#19452);
#19452 = FILL_AREA_STYLE('',(#19453));
#19453 = FILL_AREA_STYLE_COLOUR('',#19109);
#19454 = OVER_RIDING_STYLED_ITEM('overriding color',(#19455),#4446,
  #18996);
#19455 = PRESENTATION_STYLE_ASSIGNMENT((#19456));
#19456 = SURFACE_STYLE_USAGE(.BOTH.,#19457);
#19457 = SURFACE_SIDE_STYLE('',(#19458));
#19458 = SURFACE_STYLE_FILL_AREA(#19459);
#19459 = FILL_AREA_STYLE('',(#19460));
#19460 = FILL_AREA_STYLE_COLOUR('',#19101);
#19461 = OVER_RIDING_STYLED_ITEM('overriding color',(#19462),#4477,
  #18996);
#19462 = PRESENTATION_STYLE_ASSIGNMENT((#19463));
#19463 = SURFACE_STYLE_USAGE(.BOTH.,#19464);
#19464 = SURFACE_SIDE_STYLE('',(#19465));
#19465 = SURFACE_STYLE_FILL_AREA(#19466);
#19466 = FILL_AREA_STYLE('',(#19467));
#19467 = FILL_AREA_STYLE_COLOUR('',#19109);
#19468 = OVER_RIDING_STYLED_ITEM('overriding color',(#19469),#4524,
  #18996);
#19469 = PRESENTATION_STYLE_ASSIGNMENT((#19470));
#19470 = SURFACE_STYLE_USAGE(.BOTH.,#19471);
#19471 = SURFACE_SIDE_STYLE('',(#19472));
#19472 = SURFACE_STYLE_FILL_AREA(#19473);
#19473 = FILL_AREA_STYLE('',(#19474));
#19474 = FILL_AREA_STYLE_COLOUR('',#19101);
#19475 = OVER_RIDING_STYLED_ITEM('overriding color',(#19476),#4555,
  #18996);
#19476 = PRESENTATION_STYLE_ASSIGNMENT((#19477));
#19477 = SURFACE_STYLE_USAGE(.BOTH.,#19478);
#19478 = SURFACE_SIDE_STYLE('',(#19479));
#19479 = SURFACE_STYLE_FILL_AREA(#19480);
#19480 = FILL_AREA_STYLE('',(#19481));
#19481 = FILL_AREA_STYLE_COLOUR('',#19109);
#19482 = OVER_RIDING_STYLED_ITEM('overriding color',(#19483),#4600,
  #18996);
#19483 = PRESENTATION_STYLE_ASSIGNMENT((#19484));
#19484 = SURFACE_STYLE_USAGE(.BOTH.,#19485);
#19485 = SURFACE_SIDE_STYLE('',(#19486));
#19486 = SURFACE_STYLE_FILL_AREA(#19487);
#19487 = FILL_AREA_STYLE('',(#19488));
#19488 = FILL_AREA_STYLE_COLOUR('',#19101);
#19489 = OVER_RIDING_STYLED_ITEM('overriding color',(#19490),#4631,
  #18996);
#19490 = PRESENTATION_STYLE_ASSIGNMENT((#19491));
#19491 = SURFACE_STYLE_USAGE(.BOTH.,#19492);
#19492 = SURFACE_SIDE_STYLE('',(#19493));
#19493 = SURFACE_STYLE_FILL_AREA(#19494);
#19494 = FILL_AREA_STYLE('',(#19495));
#19495 = FILL_AREA_STYLE_COLOUR('',#19109);
#19496 = OVER_RIDING_STYLED_ITEM('overriding color',(#19497),#4676,
  #18996);
#19497 = PRESENTATION_STYLE_ASSIGNMENT((#19498));
#19498 = SURFACE_STYLE_USAGE(.BOTH.,#19499);
#19499 = SURFACE_SIDE_STYLE('',(#19500));
#19500 = SURFACE_STYLE_FILL_AREA(#19501);
#19501 = FILL_AREA_STYLE('',(#19502));
#19502 = FILL_AREA_STYLE_COLOUR('',#19101);
#19503 = OVER_RIDING_STYLED_ITEM('overriding color',(#19504),#4707,
  #18996);
#19504 = PRESENTATION_STYLE_ASSIGNMENT((#19505));
#19505 = SURFACE_STYLE_USAGE(.BOTH.,#19506);
#19506 = SURFACE_SIDE_STYLE('',(#19507));
#19507 = SURFACE_STYLE_FILL_AREA(#19508);
#19508 = FILL_AREA_STYLE('',(#19509));
#19509 = FILL_AREA_STYLE_COLOUR('',#19109);
#19510 = OVER_RIDING_STYLED_ITEM('overriding color',(#19511),#4752,
  #18996);
#19511 = PRESENTATION_STYLE_ASSIGNMENT((#19512));
#19512 = SURFACE_STYLE_USAGE(.BOTH.,#19513);
#19513 = SURFACE_SIDE_STYLE('',(#19514));
#19514 = SURFACE_STYLE_FILL_AREA(#19515);
#19515 = FILL_AREA_STYLE('',(#19516));
#19516 = FILL_AREA_STYLE_COLOUR('',#19101);
#19517 = OVER_RIDING_STYLED_ITEM('overriding color',(#19518),#4783,
  #18996);
#19518 = PRESENTATION_STYLE_ASSIGNMENT((#19519));
#19519 = SURFACE_STYLE_USAGE(.BOTH.,#19520);
#19520 = SURFACE_SIDE_STYLE('',(#19521));
#19521 = SURFACE_STYLE_FILL_AREA(#19522);
#19522 = FILL_AREA_STYLE('',(#19523));
#19523 = FILL_AREA_STYLE_COLOUR('',#19109);
#19524 = OVER_RIDING_STYLED_ITEM('overriding color',(#19525),#4828,
  #18996);
#19525 = PRESENTATION_STYLE_ASSIGNMENT((#19526));
#19526 = SURFACE_STYLE_USAGE(.BOTH.,#19527);
#19527 = SURFACE_SIDE_STYLE('',(#19528));
#19528 = SURFACE_STYLE_FILL_AREA(#19529);
#19529 = FILL_AREA_STYLE('',(#19530));
#19530 = FILL_AREA_STYLE_COLOUR('',#19101);
#19531 = OVER_RIDING_STYLED_ITEM('overriding color',(#19532),#4859,
  #18996);
#19532 = PRESENTATION_STYLE_ASSIGNMENT((#19533));
#19533 = SURFACE_STYLE_USAGE(.BOTH.,#19534);
#19534 = SURFACE_SIDE_STYLE('',(#19535));
#19535 = SURFACE_STYLE_FILL_AREA(#19536);
#19536 = FILL_AREA_STYLE('',(#19537));
#19537 = FILL_AREA_STYLE_COLOUR('',#19109);
#19538 = OVER_RIDING_STYLED_ITEM('overriding color',(#19539),#4906,
  #18996);
#19539 = PRESENTATION_STYLE_ASSIGNMENT((#19540));
#19540 = SURFACE_STYLE_USAGE(.BOTH.,#19541);
#19541 = SURFACE_SIDE_STYLE('',(#19542));
#19542 = SURFACE_STYLE_FILL_AREA(#19543);
#19543 = FILL_AREA_STYLE('',(#19544));
#19544 = FILL_AREA_STYLE_COLOUR('',#19101);
#19545 = OVER_RIDING_STYLED_ITEM('overriding color',(#19546),#4937,
  #18996);
#19546 = PRESENTATION_STYLE_ASSIGNMENT((#19547));
#19547 = SURFACE_STYLE_USAGE(.BOTH.,#19548);
#19548 = SURFACE_SIDE_STYLE('',(#19549));
#19549 = SURFACE_STYLE_FILL_AREA(#19550);
#19550 = FILL_AREA_STYLE('',(#19551));
#19551 = FILL_AREA_STYLE_COLOUR('',#19109);
#19552 = OVER_RIDING_STYLED_ITEM('overriding color',(#19553),#4982,
  #18996);
#19553 = PRESENTATION_STYLE_ASSIGNMENT((#19554));
#19554 = SURFACE_STYLE_USAGE(.BOTH.,#19555);
#19555 = SURFACE_SIDE_STYLE('',(#19556));
#19556 = SURFACE_STYLE_FILL_AREA(#19557);
#19557 = FILL_AREA_STYLE('',(#19558));
#19558 = FILL_AREA_STYLE_COLOUR('',#19101);
#19559 = OVER_RIDING_STYLED_ITEM('overriding color',(#19560),#5013,
  #18996);
#19560 = PRESENTATION_STYLE_ASSIGNMENT((#19561));
#19561 = SURFACE_STYLE_USAGE(.BOTH.,#19562);
#19562 = SURFACE_SIDE_STYLE('',(#19563));
#19563 = SURFACE_STYLE_FILL_AREA(#19564);
#19564 = FILL_AREA_STYLE('',(#19565));
#19565 = FILL_AREA_STYLE_COLOUR('',#19109);
#19566 = OVER_RIDING_STYLED_ITEM('overriding color',(#19567),#5058,
  #18996);
#19567 = PRESENTATION_STYLE_ASSIGNMENT((#19568));
#19568 = SURFACE_STYLE_USAGE(.BOTH.,#19569);
#19569 = SURFACE_SIDE_STYLE('',(#19570));
#19570 = SURFACE_STYLE_FILL_AREA(#19571);
#19571 = FILL_AREA_STYLE('',(#19572));
#19572 = FILL_AREA_STYLE_COLOUR('',#19101);
#19573 = OVER_RIDING_STYLED_ITEM('overriding color',(#19574),#5089,
  #18996);
#19574 = PRESENTATION_STYLE_ASSIGNMENT((#19575));
#19575 = SURFACE_STYLE_USAGE(.BOTH.,#19576);
#19576 = SURFACE_SIDE_STYLE('',(#19577));
#19577 = SURFACE_STYLE_FILL_AREA(#19578);
#19578 = FILL_AREA_STYLE('',(#19579));
#19579 = FILL_AREA_STYLE_COLOUR('',#19109);
#19580 = OVER_RIDING_STYLED_ITEM('overriding color',(#19581),#5134,
  #18996);
#19581 = PRESENTATION_STYLE_ASSIGNMENT((#19582));
#19582 = SURFACE_STYLE_USAGE(.BOTH.,#19583);
#19583 = SURFACE_SIDE_STYLE('',(#19584));
#19584 = SURFACE_STYLE_FILL_AREA(#19585);
#19585 = FILL_AREA_STYLE('',(#19586));
#19586 = FILL_AREA_STYLE_COLOUR('',#19101);
#19587 = OVER_RIDING_STYLED_ITEM('overriding color',(#19588),#5165,
  #18996);
#19588 = PRESENTATION_STYLE_ASSIGNMENT((#19589));
#19589 = SURFACE_STYLE_USAGE(.BOTH.,#19590);
#19590 = SURFACE_SIDE_STYLE('',(#19591));
#19591 = SURFACE_STYLE_FILL_AREA(#19592);
#19592 = FILL_AREA_STYLE('',(#19593));
#19593 = FILL_AREA_STYLE_COLOUR('',#19109);
#19594 = OVER_RIDING_STYLED_ITEM('overriding color',(#19595),#5210,
  #18996);
#19595 = PRESENTATION_STYLE_ASSIGNMENT((#19596));
#19596 = SURFACE_STYLE_USAGE(.BOTH.,#19597);
#19597 = SURFACE_SIDE_STYLE('',(#19598));
#19598 = SURFACE_STYLE_FILL_AREA(#19599);
#19599 = FILL_AREA_STYLE('',(#19600));
#19600 = FILL_AREA_STYLE_COLOUR('',#19101);
#19601 = OVER_RIDING_STYLED_ITEM('overriding color',(#19602),#5241,
  #18996);
#19602 = PRESENTATION_STYLE_ASSIGNMENT((#19603));
#19603 = SURFACE_STYLE_USAGE(.BOTH.,#19604);
#19604 = SURFACE_SIDE_STYLE('',(#19605));
#19605 = SURFACE_STYLE_FILL_AREA(#19606);
#19606 = FILL_AREA_STYLE('',(#19607));
#19607 = FILL_AREA_STYLE_COLOUR('',#19109);
#19608 = OVER_RIDING_STYLED_ITEM('overriding color',(#19609),#5288,
  #18996);
#19609 = PRESENTATION_STYLE_ASSIGNMENT((#19610));
#19610 = SURFACE_STYLE_USAGE(.BOTH.,#19611);
#19611 = SURFACE_SIDE_STYLE('',(#19612));
#19612 = SURFACE_STYLE_FILL_AREA(#19613);
#19613 = FILL_AREA_STYLE('',(#19614));
#19614 = FILL_AREA_STYLE_COLOUR('',#19101);
#19615 = OVER_RIDING_STYLED_ITEM('overriding color',(#19616),#5319,
  #18996);
#19616 = PRESENTATION_STYLE_ASSIGNMENT((#19617));
#19617 = SURFACE_STYLE_USAGE(.BOTH.,#19618);
#19618 = SURFACE_SIDE_STYLE('',(#19619));
#19619 = SURFACE_STYLE_FILL_AREA(#19620);
#19620 = FILL_AREA_STYLE('',(#19621));
#19621 = FILL_AREA_STYLE_COLOUR('',#19109);
#19622 = OVER_RIDING_STYLED_ITEM('overriding color',(#19623),#5364,
  #18996);
#19623 = PRESENTATION_STYLE_ASSIGNMENT((#19624));
#19624 = SURFACE_STYLE_USAGE(.BOTH.,#19625);
#19625 = SURFACE_SIDE_STYLE('',(#19626));
#19626 = SURFACE_STYLE_FILL_AREA(#19627);
#19627 = FILL_AREA_STYLE('',(#19628));
#19628 = FILL_AREA_STYLE_COLOUR('',#19101);
#19629 = OVER_RIDING_STYLED_ITEM('overriding color',(#19630),#5395,
  #18996);
#19630 = PRESENTATION_STYLE_ASSIGNMENT((#19631));
#19631 = SURFACE_STYLE_USAGE(.BOTH.,#19632);
#19632 = SURFACE_SIDE_STYLE('',(#19633));
#19633 = SURFACE_STYLE_FILL_AREA(#19634);
#19634 = FILL_AREA_STYLE('',(#19635));
#19635 = FILL_AREA_STYLE_COLOUR('',#19109);
#19636 = OVER_RIDING_STYLED_ITEM('overriding color',(#19637),#5440,
  #18996);
#19637 = PRESENTATION_STYLE_ASSIGNMENT((#19638));
#19638 = SURFACE_STYLE_USAGE(.BOTH.,#19639);
#19639 = SURFACE_SIDE_STYLE('',(#19640));
#19640 = SURFACE_STYLE_FILL_AREA(#19641);
#19641 = FILL_AREA_STYLE('',(#19642));
#19642 = FILL_AREA_STYLE_COLOUR('',#19101);
#19643 = OVER_RIDING_STYLED_ITEM('overriding color',(#19644),#5471,
  #18996);
#19644 = PRESENTATION_STYLE_ASSIGNMENT((#19645));
#19645 = SURFACE_STYLE_USAGE(.BOTH.,#19646);
#19646 = SURFACE_SIDE_STYLE('',(#19647));
#19647 = SURFACE_STYLE_FILL_AREA(#19648);
#19648 = FILL_AREA_STYLE('',(#19649));
#19649 = FILL_AREA_STYLE_COLOUR('',#19109);
#19650 = OVER_RIDING_STYLED_ITEM('overriding color',(#19651),#5516,
  #18996);
#19651 = PRESENTATION_STYLE_ASSIGNMENT((#19652));
#19652 = SURFACE_STYLE_USAGE(.BOTH.,#19653);
#19653 = SURFACE_SIDE_STYLE('',(#19654));
#19654 = SURFACE_STYLE_FILL_AREA(#19655);
#19655 = FILL_AREA_STYLE('',(#19656));
#19656 = FILL_AREA_STYLE_COLOUR('',#19101);
#19657 = OVER_RIDING_STYLED_ITEM('overriding color',(#19658),#5547,
  #18996);
#19658 = PRESENTATION_STYLE_ASSIGNMENT((#19659));
#19659 = SURFACE_STYLE_USAGE(.BOTH.,#19660);
#19660 = SURFACE_SIDE_STYLE('',(#19661));
#19661 = SURFACE_STYLE_FILL_AREA(#19662);
#19662 = FILL_AREA_STYLE('',(#19663));
#19663 = FILL_AREA_STYLE_COLOUR('',#19109);
#19664 = OVER_RIDING_STYLED_ITEM('overriding color',(#19665),#5592,
  #18996);
#19665 = PRESENTATION_STYLE_ASSIGNMENT((#19666));
#19666 = SURFACE_STYLE_USAGE(.BOTH.,#19667);
#19667 = SURFACE_SIDE_STYLE('',(#19668));
#19668 = SURFACE_STYLE_FILL_AREA(#19669);
#19669 = FILL_AREA_STYLE('',(#19670));
#19670 = FILL_AREA_STYLE_COLOUR('',#19101);
#19671 = OVER_RIDING_STYLED_ITEM('overriding color',(#19672),#5623,
  #18996);
#19672 = PRESENTATION_STYLE_ASSIGNMENT((#19673));
#19673 = SURFACE_STYLE_USAGE(.BOTH.,#19674);
#19674 = SURFACE_SIDE_STYLE('',(#19675));
#19675 = SURFACE_STYLE_FILL_AREA(#19676);
#19676 = FILL_AREA_STYLE('',(#19677));
#19677 = FILL_AREA_STYLE_COLOUR('',#19109);
#19678 = OVER_RIDING_STYLED_ITEM('overriding color',(#19679),#5670,
  #18996);
#19679 = PRESENTATION_STYLE_ASSIGNMENT((#19680));
#19680 = SURFACE_STYLE_USAGE(.BOTH.,#19681);
#19681 = SURFACE_SIDE_STYLE('',(#19682));
#19682 = SURFACE_STYLE_FILL_AREA(#19683);
#19683 = FILL_AREA_STYLE('',(#19684));
#19684 = FILL_AREA_STYLE_COLOUR('',#19101);
#19685 = OVER_RIDING_STYLED_ITEM('overriding color',(#19686),#5701,
  #18996);
#19686 = PRESENTATION_STYLE_ASSIGNMENT((#19687));
#19687 = SURFACE_STYLE_USAGE(.BOTH.,#19688);
#19688 = SURFACE_SIDE_STYLE('',(#19689));
#19689 = SURFACE_STYLE_FILL_AREA(#19690);
#19690 = FILL_AREA_STYLE('',(#19691));
#19691 = FILL_AREA_STYLE_COLOUR('',#19109);
#19692 = OVER_RIDING_STYLED_ITEM('overriding color',(#19693),#5746,
  #18996);
#19693 = PRESENTATION_STYLE_ASSIGNMENT((#19694));
#19694 = SURFACE_STYLE_USAGE(.BOTH.,#19695);
#19695 = SURFACE_SIDE_STYLE('',(#19696));
#19696 = SURFACE_STYLE_FILL_AREA(#19697);
#19697 = FILL_AREA_STYLE('',(#19698));
#19698 = FILL_AREA_STYLE_COLOUR('',#19101);
#19699 = OVER_RIDING_STYLED_ITEM('overriding color',(#19700),#5777,
  #18996);
#19700 = PRESENTATION_STYLE_ASSIGNMENT((#19701));
#19701 = SURFACE_STYLE_USAGE(.BOTH.,#19702);
#19702 = SURFACE_SIDE_STYLE('',(#19703));
#19703 = SURFACE_STYLE_FILL_AREA(#19704);
#19704 = FILL_AREA_STYLE('',(#19705));
#19705 = FILL_AREA_STYLE_COLOUR('',#19109);
#19706 = OVER_RIDING_STYLED_ITEM('overriding color',(#19707),#5822,
  #18996);
#19707 = PRESENTATION_STYLE_ASSIGNMENT((#19708));
#19708 = SURFACE_STYLE_USAGE(.BOTH.,#19709);
#19709 = SURFACE_SIDE_STYLE('',(#19710));
#19710 = SURFACE_STYLE_FILL_AREA(#19711);
#19711 = FILL_AREA_STYLE('',(#19712));
#19712 = FILL_AREA_STYLE_COLOUR('',#19101);
#19713 = OVER_RIDING_STYLED_ITEM('overriding color',(#19714),#5853,
  #18996);
#19714 = PRESENTATION_STYLE_ASSIGNMENT((#19715));
#19715 = SURFACE_STYLE_USAGE(.BOTH.,#19716);
#19716 = SURFACE_SIDE_STYLE('',(#19717));
#19717 = SURFACE_STYLE_FILL_AREA(#19718);
#19718 = FILL_AREA_STYLE('',(#19719));
#19719 = FILL_AREA_STYLE_COLOUR('',#19101);
#19720 = OVER_RIDING_STYLED_ITEM('overriding color',(#19721),#5878,
  #18996);
#19721 = PRESENTATION_STYLE_ASSIGNMENT((#19722));
#19722 = SURFACE_STYLE_USAGE(.BOTH.,#19723);
#19723 = SURFACE_SIDE_STYLE('',(#19724));
#19724 = SURFACE_STYLE_FILL_AREA(#19725);
#19725 = FILL_AREA_STYLE('',(#19726));
#19726 = FILL_AREA_STYLE_COLOUR('',#19101);
#19727 = OVER_RIDING_STYLED_ITEM('overriding color',(#19728),#5902,
  #18996);
#19728 = PRESENTATION_STYLE_ASSIGNMENT((#19729));
#19729 = SURFACE_STYLE_USAGE(.BOTH.,#19730);
#19730 = SURFACE_SIDE_STYLE('',(#19731));
#19731 = SURFACE_STYLE_FILL_AREA(#19732);
#19732 = FILL_AREA_STYLE('',(#19733));
#19733 = FILL_AREA_STYLE_COLOUR('',#19109);
#19734 = OVER_RIDING_STYLED_ITEM('overriding color',(#19735),#5947,
  #18996);
#19735 = PRESENTATION_STYLE_ASSIGNMENT((#19736));
#19736 = SURFACE_STYLE_USAGE(.BOTH.,#19737);
#19737 = SURFACE_SIDE_STYLE('',(#19738));
#19738 = SURFACE_STYLE_FILL_AREA(#19739);
#19739 = FILL_AREA_STYLE('',(#19740));
#19740 = FILL_AREA_STYLE_COLOUR('',#19101);
#19741 = OVER_RIDING_STYLED_ITEM('overriding color',(#19742),#5978,
  #18996);
#19742 = PRESENTATION_STYLE_ASSIGNMENT((#19743));
#19743 = SURFACE_STYLE_USAGE(.BOTH.,#19744);
#19744 = SURFACE_SIDE_STYLE('',(#19745));
#19745 = SURFACE_STYLE_FILL_AREA(#19746);
#19746 = FILL_AREA_STYLE('',(#19747));
#19747 = FILL_AREA_STYLE_COLOUR('',#19109);
#19748 = OVER_RIDING_STYLED_ITEM('overriding color',(#19749),#6025,
  #18996);
#19749 = PRESENTATION_STYLE_ASSIGNMENT((#19750));
#19750 = SURFACE_STYLE_USAGE(.BOTH.,#19751);
#19751 = SURFACE_SIDE_STYLE('',(#19752));
#19752 = SURFACE_STYLE_FILL_AREA(#19753);
#19753 = FILL_AREA_STYLE('',(#19754));
#19754 = FILL_AREA_STYLE_COLOUR('',#19101);
#19755 = OVER_RIDING_STYLED_ITEM('overriding color',(#19756),#6056,
  #18996);
#19756 = PRESENTATION_STYLE_ASSIGNMENT((#19757));
#19757 = SURFACE_STYLE_USAGE(.BOTH.,#19758);
#19758 = SURFACE_SIDE_STYLE('',(#19759));
#19759 = SURFACE_STYLE_FILL_AREA(#19760);
#19760 = FILL_AREA_STYLE('',(#19761));
#19761 = FILL_AREA_STYLE_COLOUR('',#19109);
#19762 = OVER_RIDING_STYLED_ITEM('overriding color',(#19763),#6101,
  #18996);
#19763 = PRESENTATION_STYLE_ASSIGNMENT((#19764));
#19764 = SURFACE_STYLE_USAGE(.BOTH.,#19765);
#19765 = SURFACE_SIDE_STYLE('',(#19766));
#19766 = SURFACE_STYLE_FILL_AREA(#19767);
#19767 = FILL_AREA_STYLE('',(#19768));
#19768 = FILL_AREA_STYLE_COLOUR('',#19101);
#19769 = OVER_RIDING_STYLED_ITEM('overriding color',(#19770),#6132,
  #18996);
#19770 = PRESENTATION_STYLE_ASSIGNMENT((#19771));
#19771 = SURFACE_STYLE_USAGE(.BOTH.,#19772);
#19772 = SURFACE_SIDE_STYLE('',(#19773));
#19773 = SURFACE_STYLE_FILL_AREA(#19774);
#19774 = FILL_AREA_STYLE('',(#19775));
#19775 = FILL_AREA_STYLE_COLOUR('',#19101);
#19776 = OVER_RIDING_STYLED_ITEM('overriding color',(#19777),#6150,
  #18996);
#19777 = PRESENTATION_STYLE_ASSIGNMENT((#19778));
#19778 = SURFACE_STYLE_USAGE(.BOTH.,#19779);
#19779 = SURFACE_SIDE_STYLE('',(#19780));
#19780 = SURFACE_STYLE_FILL_AREA(#19781);
#19781 = FILL_AREA_STYLE('',(#19782));
#19782 = FILL_AREA_STYLE_COLOUR('',#19101);
#19783 = OVER_RIDING_STYLED_ITEM('overriding color',(#19784),#6170,
  #18996);
#19784 = PRESENTATION_STYLE_ASSIGNMENT((#19785));
#19785 = SURFACE_STYLE_USAGE(.BOTH.,#19786);
#19786 = SURFACE_SIDE_STYLE('',(#19787));
#19787 = SURFACE_STYLE_FILL_AREA(#19788);
#19788 = FILL_AREA_STYLE('',(#19789));
#19789 = FILL_AREA_STYLE_COLOUR('',#19790);
#19790 = COLOUR_RGB('',0.635294146748,0.635294146748,0.635294146748);
#19791 = OVER_RIDING_STYLED_ITEM('overriding color',(#19792),#6201,
  #18996);
#19792 = PRESENTATION_STYLE_ASSIGNMENT((#19793));
#19793 = SURFACE_STYLE_USAGE(.BOTH.,#19794);
#19794 = SURFACE_SIDE_STYLE('',(#19795));
#19795 = SURFACE_STYLE_FILL_AREA(#19796);
#19796 = FILL_AREA_STYLE('',(#19797));
#19797 = FILL_AREA_STYLE_COLOUR('',#19790);
#19798 = OVER_RIDING_STYLED_ITEM('overriding color',(#19799),#6225,
  #18996);
#19799 = PRESENTATION_STYLE_ASSIGNMENT((#19800));
#19800 = SURFACE_STYLE_USAGE(.BOTH.,#19801);
#19801 = SURFACE_SIDE_STYLE('',(#19802));
#19802 = SURFACE_STYLE_FILL_AREA(#19803);
#19803 = FILL_AREA_STYLE('',(#19804));
#19804 = FILL_AREA_STYLE_COLOUR('',#19790);
#19805 = OVER_RIDING_STYLED_ITEM('overriding color',(#19806),#6249,
  #18996);
#19806 = PRESENTATION_STYLE_ASSIGNMENT((#19807));
#19807 = SURFACE_STYLE_USAGE(.BOTH.,#19808);
#19808 = SURFACE_SIDE_STYLE('',(#19809));
#19809 = SURFACE_STYLE_FILL_AREA(#19810);
#19810 = FILL_AREA_STYLE('',(#19811));
#19811 = FILL_AREA_STYLE_COLOUR('',#19790);
#19812 = OVER_RIDING_STYLED_ITEM('overriding color',(#19813),#6266,
  #18996);
#19813 = PRESENTATION_STYLE_ASSIGNMENT((#19814));
#19814 = SURFACE_STYLE_USAGE(.BOTH.,#19815);
#19815 = SURFACE_SIDE_STYLE('',(#19816));
#19816 = SURFACE_STYLE_FILL_AREA(#19817);
#19817 = FILL_AREA_STYLE('',(#19818));
#19818 = FILL_AREA_STYLE_COLOUR('',#19819);
#19819 = COLOUR_RGB('',0.15294118163,0.149019617616,0.149019617616);
#19820 = OVER_RIDING_STYLED_ITEM('overriding color',(#19821),#6297,
  #18996);
#19821 = PRESENTATION_STYLE_ASSIGNMENT((#19822));
#19822 = SURFACE_STYLE_USAGE(.BOTH.,#19823);
#19823 = SURFACE_SIDE_STYLE('',(#19824));
#19824 = SURFACE_STYLE_FILL_AREA(#19825);
#19825 = FILL_AREA_STYLE('',(#19826));
#19826 = FILL_AREA_STYLE_COLOUR('',#19819);
#19827 = OVER_RIDING_STYLED_ITEM('overriding color',(#19828),#6321,
  #18996);
#19828 = PRESENTATION_STYLE_ASSIGNMENT((#19829));
#19829 = SURFACE_STYLE_USAGE(.BOTH.,#19830);
#19830 = SURFACE_SIDE_STYLE('',(#19831));
#19831 = SURFACE_STYLE_FILL_AREA(#19832);
#19832 = FILL_AREA_STYLE('',(#19833));
#19833 = FILL_AREA_STYLE_COLOUR('',#19819);
#19834 = OVER_RIDING_STYLED_ITEM('overriding color',(#19835),#6345,
  #18996);
#19835 = PRESENTATION_STYLE_ASSIGNMENT((#19836));
#19836 = SURFACE_STYLE_USAGE(.BOTH.,#19837);
#19837 = SURFACE_SIDE_STYLE('',(#19838));
#19838 = SURFACE_STYLE_FILL_AREA(#19839);
#19839 = FILL_AREA_STYLE('',(#19840));
#19840 = FILL_AREA_STYLE_COLOUR('',#19819);
#19841 = OVER_RIDING_STYLED_ITEM('overriding color',(#19842),#6362,
  #18996);
#19842 = PRESENTATION_STYLE_ASSIGNMENT((#19843));
#19843 = SURFACE_STYLE_USAGE(.BOTH.,#19844);
#19844 = SURFACE_SIDE_STYLE('',(#19845));
#19845 = SURFACE_STYLE_FILL_AREA(#19846);
#19846 = FILL_AREA_STYLE('',(#19847));
#19847 = FILL_AREA_STYLE_COLOUR('',#19101);
#19848 = OVER_RIDING_STYLED_ITEM('overriding color',(#19849),#6382,
  #18996);
#19849 = PRESENTATION_STYLE_ASSIGNMENT((#19850));
#19850 = SURFACE_STYLE_USAGE(.BOTH.,#19851);
#19851 = SURFACE_SIDE_STYLE('',(#19852));
#19852 = SURFACE_STYLE_FILL_AREA(#19853);
#19853 = FILL_AREA_STYLE('',(#19854));
#19854 = FILL_AREA_STYLE_COLOUR('',#19819);
#19855 = OVER_RIDING_STYLED_ITEM('overriding color',(#19856),#6413,
  #18996);
#19856 = PRESENTATION_STYLE_ASSIGNMENT((#19857));
#19857 = SURFACE_STYLE_USAGE(.BOTH.,#19858);
#19858 = SURFACE_SIDE_STYLE('',(#19859));
#19859 = SURFACE_STYLE_FILL_AREA(#19860);
#19860 = FILL_AREA_STYLE('',(#19861));
#19861 = FILL_AREA_STYLE_COLOUR('',#19819);
#19862 = OVER_RIDING_STYLED_ITEM('overriding color',(#19863),#6437,
  #18996);
#19863 = PRESENTATION_STYLE_ASSIGNMENT((#19864));
#19864 = SURFACE_STYLE_USAGE(.BOTH.,#19865);
#19865 = SURFACE_SIDE_STYLE('',(#19866));
#19866 = SURFACE_STYLE_FILL_AREA(#19867);
#19867 = FILL_AREA_STYLE('',(#19868));
#19868 = FILL_AREA_STYLE_COLOUR('',#19819);
#19869 = OVER_RIDING_STYLED_ITEM('overriding color',(#19870),#6461,
  #18996);
#19870 = PRESENTATION_STYLE_ASSIGNMENT((#19871));
#19871 = SURFACE_STYLE_USAGE(.BOTH.,#19872);
#19872 = SURFACE_SIDE_STYLE('',(#19873));
#19873 = SURFACE_STYLE_FILL_AREA(#19874);
#19874 = FILL_AREA_STYLE('',(#19875));
#19875 = FILL_AREA_STYLE_COLOUR('',#19819);
#19876 = OVER_RIDING_STYLED_ITEM('overriding color',(#19877),#6478,
  #18996);
#19877 = PRESENTATION_STYLE_ASSIGNMENT((#19878));
#19878 = SURFACE_STYLE_USAGE(.BOTH.,#19879);
#19879 = SURFACE_SIDE_STYLE('',(#19880));
#19880 = SURFACE_STYLE_FILL_AREA(#19881);
#19881 = FILL_AREA_STYLE('',(#19882));
#19882 = FILL_AREA_STYLE_COLOUR('',#19101);
#19883 = OVER_RIDING_STYLED_ITEM('overriding color',(#19884),#6498,
  #18996);
#19884 = PRESENTATION_STYLE_ASSIGNMENT((#19885));
#19885 = SURFACE_STYLE_USAGE(.BOTH.,#19886);
#19886 = SURFACE_SIDE_STYLE('',(#19887));
#19887 = SURFACE_STYLE_FILL_AREA(#19888);
#19888 = FILL_AREA_STYLE('',(#19889));
#19889 = FILL_AREA_STYLE_COLOUR('',#19890);
#19890 = COLOUR_RGB('',0.898039222556,0.894117649055,0.815686284108);
#19891 = OVER_RIDING_STYLED_ITEM('overriding color',(#19892),#6529,
  #18996);
#19892 = PRESENTATION_STYLE_ASSIGNMENT((#19893));
#19893 = SURFACE_STYLE_USAGE(.BOTH.,#19894);
#19894 = SURFACE_SIDE_STYLE('',(#19895));
#19895 = SURFACE_STYLE_FILL_AREA(#19896);
#19896 = FILL_AREA_STYLE('',(#19897));
#19897 = FILL_AREA_STYLE_COLOUR('',#19890);
#19898 = OVER_RIDING_STYLED_ITEM('overriding color',(#19899),#6553,
  #18996);
#19899 = PRESENTATION_STYLE_ASSIGNMENT((#19900));
#19900 = SURFACE_STYLE_USAGE(.BOTH.,#19901);
#19901 = SURFACE_SIDE_STYLE('',(#19902));
#19902 = SURFACE_STYLE_FILL_AREA(#19903);
#19903 = FILL_AREA_STYLE('',(#19904));
#19904 = FILL_AREA_STYLE_COLOUR('',#19890);
#19905 = OVER_RIDING_STYLED_ITEM('overriding color',(#19906),#6577,
  #18996);
#19906 = PRESENTATION_STYLE_ASSIGNMENT((#19907));
#19907 = SURFACE_STYLE_USAGE(.BOTH.,#19908);
#19908 = SURFACE_SIDE_STYLE('',(#19909));
#19909 = SURFACE_STYLE_FILL_AREA(#19910);
#19910 = FILL_AREA_STYLE('',(#19911));
#19911 = FILL_AREA_STYLE_COLOUR('',#19890);
#19912 = OVER_RIDING_STYLED_ITEM('overriding color',(#19913),#6594,
  #18996);
#19913 = PRESENTATION_STYLE_ASSIGNMENT((#19914));
#19914 = SURFACE_STYLE_USAGE(.BOTH.,#19915);
#19915 = SURFACE_SIDE_STYLE('',(#19916));
#19916 = SURFACE_STYLE_FILL_AREA(#19917);
#19917 = FILL_AREA_STYLE('',(#19918));
#19918 = FILL_AREA_STYLE_COLOUR('',#19919);
#19919 = COLOUR_RGB('',0.478431380801,0.368627460923,9.019607955318E-02
  );
#19920 = OVER_RIDING_STYLED_ITEM('overriding color',(#19921),#6625,
  #18996);
#19921 = PRESENTATION_STYLE_ASSIGNMENT((#19922));
#19922 = SURFACE_STYLE_USAGE(.BOTH.,#19923);
#19923 = SURFACE_SIDE_STYLE('',(#19924));
#19924 = SURFACE_STYLE_FILL_AREA(#19925);
#19925 = FILL_AREA_STYLE('',(#19926));
#19926 = FILL_AREA_STYLE_COLOUR('',#19919);
#19927 = OVER_RIDING_STYLED_ITEM('overriding color',(#19928),#6649,
  #18996);
#19928 = PRESENTATION_STYLE_ASSIGNMENT((#19929));
#19929 = SURFACE_STYLE_USAGE(.BOTH.,#19930);
#19930 = SURFACE_SIDE_STYLE('',(#19931));
#19931 = SURFACE_STYLE_FILL_AREA(#19932);
#19932 = FILL_AREA_STYLE('',(#19933));
#19933 = FILL_AREA_STYLE_COLOUR('',#19919);
#19934 = OVER_RIDING_STYLED_ITEM('overriding color',(#19935),#6673,
  #18996);
#19935 = PRESENTATION_STYLE_ASSIGNMENT((#19936));
#19936 = SURFACE_STYLE_USAGE(.BOTH.,#19937);
#19937 = SURFACE_SIDE_STYLE('',(#19938));
#19938 = SURFACE_STYLE_FILL_AREA(#19939);
#19939 = FILL_AREA_STYLE('',(#19940));
#19940 = FILL_AREA_STYLE_COLOUR('',#19919);
#19941 = OVER_RIDING_STYLED_ITEM('overriding color',(#19942),#6690,
  #18996);
#19942 = PRESENTATION_STYLE_ASSIGNMENT((#19943));
#19943 = SURFACE_STYLE_USAGE(.BOTH.,#19944);
#19944 = SURFACE_SIDE_STYLE('',(#19945));
#19945 = SURFACE_STYLE_FILL_AREA(#19946);
#19946 = FILL_AREA_STYLE('',(#19947));
#19947 = FILL_AREA_STYLE_COLOUR('',#19948);
#19948 = COLOUR_RGB('',0.137254909518,0.137254909518,0.137254909518);
#19949 = OVER_RIDING_STYLED_ITEM('overriding color',(#19950),#6721,
  #18996);
#19950 = PRESENTATION_STYLE_ASSIGNMENT((#19951));
#19951 = SURFACE_STYLE_USAGE(.BOTH.,#19952);
#19952 = SURFACE_SIDE_STYLE('',(#19953));
#19953 = SURFACE_STYLE_FILL_AREA(#19954);
#19954 = FILL_AREA_STYLE('',(#19955));
#19955 = FILL_AREA_STYLE_COLOUR('',#19948);
#19956 = OVER_RIDING_STYLED_ITEM('overriding color',(#19957),#6745,
  #18996);
#19957 = PRESENTATION_STYLE_ASSIGNMENT((#19958));
#19958 = SURFACE_STYLE_USAGE(.BOTH.,#19959);
#19959 = SURFACE_SIDE_STYLE('',(#19960));
#19960 = SURFACE_STYLE_FILL_AREA(#19961);
#19961 = FILL_AREA_STYLE('',(#19962));
#19962 = FILL_AREA_STYLE_COLOUR('',#19948);
#19963 = OVER_RIDING_STYLED_ITEM('overriding color',(#19964),#6769,
  #18996);
#19964 = PRESENTATION_STYLE_ASSIGNMENT((#19965));
#19965 = SURFACE_STYLE_USAGE(.BOTH.,#19966);
#19966 = SURFACE_SIDE_STYLE('',(#19967));
#19967 = SURFACE_STYLE_FILL_AREA(#19968);
#19968 = FILL_AREA_STYLE('',(#19969));
#19969 = FILL_AREA_STYLE_COLOUR('',#19948);
#19970 = OVER_RIDING_STYLED_ITEM('overriding color',(#19971),#6786,
  #18996);
#19971 = PRESENTATION_STYLE_ASSIGNMENT((#19972));
#19972 = SURFACE_STYLE_USAGE(.BOTH.,#19973);
#19973 = SURFACE_SIDE_STYLE('',(#19974));
#19974 = SURFACE_STYLE_FILL_AREA(#19975);
#19975 = FILL_AREA_STYLE('',(#19976));
#19976 = FILL_AREA_STYLE_COLOUR('',#19819);
#19977 = OVER_RIDING_STYLED_ITEM('overriding color',(#19978),#6817,
  #18996);
#19978 = PRESENTATION_STYLE_ASSIGNMENT((#19979));
#19979 = SURFACE_STYLE_USAGE(.BOTH.,#19980);
#19980 = SURFACE_SIDE_STYLE('',(#19981));
#19981 = SURFACE_STYLE_FILL_AREA(#19982);
#19982 = FILL_AREA_STYLE('',(#19983));
#19983 = FILL_AREA_STYLE_COLOUR('',#19819);
#19984 = OVER_RIDING_STYLED_ITEM('overriding color',(#19985),#6841,
  #18996);
#19985 = PRESENTATION_STYLE_ASSIGNMENT((#19986));
#19986 = SURFACE_STYLE_USAGE(.BOTH.,#19987);
#19987 = SURFACE_SIDE_STYLE('',(#19988));
#19988 = SURFACE_STYLE_FILL_AREA(#19989);
#19989 = FILL_AREA_STYLE('',(#19990));
#19990 = FILL_AREA_STYLE_COLOUR('',#19819);
#19991 = OVER_RIDING_STYLED_ITEM('overriding color',(#19992),#6865,
  #18996);
#19992 = PRESENTATION_STYLE_ASSIGNMENT((#19993));
#19993 = SURFACE_STYLE_USAGE(.BOTH.,#19994);
#19994 = SURFACE_SIDE_STYLE('',(#19995));
#19995 = SURFACE_STYLE_FILL_AREA(#19996);
#19996 = FILL_AREA_STYLE('',(#19997));
#19997 = FILL_AREA_STYLE_COLOUR('',#19819);
#19998 = OVER_RIDING_STYLED_ITEM('overriding color',(#19999),#6882,
  #18996);
#19999 = PRESENTATION_STYLE_ASSIGNMENT((#20000));
#20000 = SURFACE_STYLE_USAGE(.BOTH.,#20001);
#20001 = SURFACE_SIDE_STYLE('',(#20002));
#20002 = SURFACE_STYLE_FILL_AREA(#20003);
#20003 = FILL_AREA_STYLE('',(#20004));
#20004 = FILL_AREA_STYLE_COLOUR('',#19919);
#20005 = OVER_RIDING_STYLED_ITEM('overriding color',(#20006),#6913,
  #18996);
#20006 = PRESENTATION_STYLE_ASSIGNMENT((#20007));
#20007 = SURFACE_STYLE_USAGE(.BOTH.,#20008);
#20008 = SURFACE_SIDE_STYLE('',(#20009));
#20009 = SURFACE_STYLE_FILL_AREA(#20010);
#20010 = FILL_AREA_STYLE('',(#20011));
#20011 = FILL_AREA_STYLE_COLOUR('',#19919);
#20012 = OVER_RIDING_STYLED_ITEM('overriding color',(#20013),#6937,
  #18996);
#20013 = PRESENTATION_STYLE_ASSIGNMENT((#20014));
#20014 = SURFACE_STYLE_USAGE(.BOTH.,#20015);
#20015 = SURFACE_SIDE_STYLE('',(#20016));
#20016 = SURFACE_STYLE_FILL_AREA(#20017);
#20017 = FILL_AREA_STYLE('',(#20018));
#20018 = FILL_AREA_STYLE_COLOUR('',#19919);
#20019 = OVER_RIDING_STYLED_ITEM('overriding color',(#20020),#6961,
  #18996);
#20020 = PRESENTATION_STYLE_ASSIGNMENT((#20021));
#20021 = SURFACE_STYLE_USAGE(.BOTH.,#20022);
#20022 = SURFACE_SIDE_STYLE('',(#20023));
#20023 = SURFACE_STYLE_FILL_AREA(#20024);
#20024 = FILL_AREA_STYLE('',(#20025));
#20025 = FILL_AREA_STYLE_COLOUR('',#19919);
#20026 = OVER_RIDING_STYLED_ITEM('overriding color',(#20027),#6978,
  #18996);
#20027 = PRESENTATION_STYLE_ASSIGNMENT((#20028));
#20028 = SURFACE_STYLE_USAGE(.BOTH.,#20029);
#20029 = SURFACE_SIDE_STYLE('',(#20030));
#20030 = SURFACE_STYLE_FILL_AREA(#20031);
#20031 = FILL_AREA_STYLE('',(#20032));
#20032 = FILL_AREA_STYLE_COLOUR('',#19819);
#20033 = OVER_RIDING_STYLED_ITEM('overriding color',(#20034),#7009,
  #18996);
#20034 = PRESENTATION_STYLE_ASSIGNMENT((#20035));
#20035 = SURFACE_STYLE_USAGE(.BOTH.,#20036);
#20036 = SURFACE_SIDE_STYLE('',(#20037));
#20037 = SURFACE_STYLE_FILL_AREA(#20038);
#20038 = FILL_AREA_STYLE('',(#20039));
#20039 = FILL_AREA_STYLE_COLOUR('',#19819);
#20040 = OVER_RIDING_STYLED_ITEM('overriding color',(#20041),#7033,
  #18996);
#20041 = PRESENTATION_STYLE_ASSIGNMENT((#20042));
#20042 = SURFACE_STYLE_USAGE(.BOTH.,#20043);
#20043 = SURFACE_SIDE_STYLE('',(#20044));
#20044 = SURFACE_STYLE_FILL_AREA(#20045);
#20045 = FILL_AREA_STYLE('',(#20046));
#20046 = FILL_AREA_STYLE_COLOUR('',#19819);
#20047 = OVER_RIDING_STYLED_ITEM('overriding color',(#20048),#7057,
  #18996);
#20048 = PRESENTATION_STYLE_ASSIGNMENT((#20049));
#20049 = SURFACE_STYLE_USAGE(.BOTH.,#20050);
#20050 = SURFACE_SIDE_STYLE('',(#20051));
#20051 = SURFACE_STYLE_FILL_AREA(#20052);
#20052 = FILL_AREA_STYLE('',(#20053));
#20053 = FILL_AREA_STYLE_COLOUR('',#19819);
#20054 = OVER_RIDING_STYLED_ITEM('overriding color',(#20055),#7074,
  #18996);
#20055 = PRESENTATION_STYLE_ASSIGNMENT((#20056));
#20056 = SURFACE_STYLE_USAGE(.BOTH.,#20057);
#20057 = SURFACE_SIDE_STYLE('',(#20058));
#20058 = SURFACE_STYLE_FILL_AREA(#20059);
#20059 = FILL_AREA_STYLE('',(#20060));
#20060 = FILL_AREA_STYLE_COLOUR('',#19948);
#20061 = OVER_RIDING_STYLED_ITEM('overriding color',(#20062),#7105,
  #18996);
#20062 = PRESENTATION_STYLE_ASSIGNMENT((#20063));
#20063 = SURFACE_STYLE_USAGE(.BOTH.,#20064);
#20064 = SURFACE_SIDE_STYLE('',(#20065));
#20065 = SURFACE_STYLE_FILL_AREA(#20066);
#20066 = FILL_AREA_STYLE('',(#20067));
#20067 = FILL_AREA_STYLE_COLOUR('',#19948);
#20068 = OVER_RIDING_STYLED_ITEM('overriding color',(#20069),#7168,
  #18996);
#20069 = PRESENTATION_STYLE_ASSIGNMENT((#20070));
#20070 = SURFACE_STYLE_USAGE(.BOTH.,#20071);
#20071 = SURFACE_SIDE_STYLE('',(#20072));
#20072 = SURFACE_STYLE_FILL_AREA(#20073);
#20073 = FILL_AREA_STYLE('',(#20074));
#20074 = FILL_AREA_STYLE_COLOUR('',#19404);
#20075 = OVER_RIDING_STYLED_ITEM('overriding color',(#20076),#7193,
  #18996);
#20076 = PRESENTATION_STYLE_ASSIGNMENT((#20077));
#20077 = SURFACE_STYLE_USAGE(.BOTH.,#20078);
#20078 = SURFACE_SIDE_STYLE('',(#20079));
#20079 = SURFACE_STYLE_FILL_AREA(#20080);
#20080 = FILL_AREA_STYLE('',(#20081));
#20081 = FILL_AREA_STYLE_COLOUR('',#19404);
#20082 = OVER_RIDING_STYLED_ITEM('overriding color',(#20083),#7217,
  #18996);
#20083 = PRESENTATION_STYLE_ASSIGNMENT((#20084));
#20084 = SURFACE_STYLE_USAGE(.BOTH.,#20085);
#20085 = SURFACE_SIDE_STYLE('',(#20086));
#20086 = SURFACE_STYLE_FILL_AREA(#20087);
#20087 = FILL_AREA_STYLE('',(#20088));
#20088 = FILL_AREA_STYLE_COLOUR('',#19404);
#20089 = OVER_RIDING_STYLED_ITEM('overriding color',(#20090),#7235,
  #18996);
#20090 = PRESENTATION_STYLE_ASSIGNMENT((#20091));
#20091 = SURFACE_STYLE_USAGE(.BOTH.,#20092);
#20092 = SURFACE_SIDE_STYLE('',(#20093));
#20093 = SURFACE_STYLE_FILL_AREA(#20094);
#20094 = FILL_AREA_STYLE('',(#20095));
#20095 = FILL_AREA_STYLE_COLOUR('',#19948);
#20096 = OVER_RIDING_STYLED_ITEM('overriding color',(#20097),#7259,
  #18996);
#20097 = PRESENTATION_STYLE_ASSIGNMENT((#20098));
#20098 = SURFACE_STYLE_USAGE(.BOTH.,#20099);
#20099 = SURFACE_SIDE_STYLE('',(#20100));
#20100 = SURFACE_STYLE_FILL_AREA(#20101);
#20101 = FILL_AREA_STYLE('',(#20102));
#20102 = FILL_AREA_STYLE_COLOUR('',#19948);
#20103 = OVER_RIDING_STYLED_ITEM('overriding color',(#20104),#7315,
  #18996);
#20104 = PRESENTATION_STYLE_ASSIGNMENT((#20105));
#20105 = SURFACE_STYLE_USAGE(.BOTH.,#20106);
#20106 = SURFACE_SIDE_STYLE('',(#20107));
#20107 = SURFACE_STYLE_FILL_AREA(#20108);
#20108 = FILL_AREA_STYLE('',(#20109));
#20109 = FILL_AREA_STYLE_COLOUR('',#19404);
#20110 = OVER_RIDING_STYLED_ITEM('overriding color',(#20111),#7340,
  #18996);
#20111 = PRESENTATION_STYLE_ASSIGNMENT((#20112));
#20112 = SURFACE_STYLE_USAGE(.BOTH.,#20113);
#20113 = SURFACE_SIDE_STYLE('',(#20114));
#20114 = SURFACE_STYLE_FILL_AREA(#20115);
#20115 = FILL_AREA_STYLE('',(#20116));
#20116 = FILL_AREA_STYLE_COLOUR('',#19404);
#20117 = OVER_RIDING_STYLED_ITEM('overriding color',(#20118),#7364,
  #18996);
#20118 = PRESENTATION_STYLE_ASSIGNMENT((#20119));
#20119 = SURFACE_STYLE_USAGE(.BOTH.,#20120);
#20120 = SURFACE_SIDE_STYLE('',(#20121));
#20121 = SURFACE_STYLE_FILL_AREA(#20122);
#20122 = FILL_AREA_STYLE('',(#20123));
#20123 = FILL_AREA_STYLE_COLOUR('',#19404);
#20124 = OVER_RIDING_STYLED_ITEM('overriding color',(#20125),#7382,
  #18996);
#20125 = PRESENTATION_STYLE_ASSIGNMENT((#20126));
#20126 = SURFACE_STYLE_USAGE(.BOTH.,#20127);
#20127 = SURFACE_SIDE_STYLE('',(#20128));
#20128 = SURFACE_STYLE_FILL_AREA(#20129);
#20129 = FILL_AREA_STYLE('',(#20130));
#20130 = FILL_AREA_STYLE_COLOUR('',#19101);
#20131 = OVER_RIDING_STYLED_ITEM('overriding color',(#20132),#7402,
  #18996);
#20132 = PRESENTATION_STYLE_ASSIGNMENT((#20133));
#20133 = SURFACE_STYLE_USAGE(.BOTH.,#20134);
#20134 = SURFACE_SIDE_STYLE('',(#20135));
#20135 = SURFACE_STYLE_FILL_AREA(#20136);
#20136 = FILL_AREA_STYLE('',(#20137));
#20137 = FILL_AREA_STYLE_COLOUR('',#19079);
#20138 = OVER_RIDING_STYLED_ITEM('overriding color',(#20139),#9211,
  #18996);
#20139 = PRESENTATION_STYLE_ASSIGNMENT((#20140));
#20140 = SURFACE_STYLE_USAGE(.BOTH.,#20141);
#20141 = SURFACE_SIDE_STYLE('',(#20142));
#20142 = SURFACE_STYLE_FILL_AREA(#20143);
#20143 = FILL_AREA_STYLE('',(#20144));
#20144 = FILL_AREA_STYLE_COLOUR('',#19109);
#20145 = OVER_RIDING_STYLED_ITEM('overriding color',(#20146),#9235,
  #18996);
#20146 = PRESENTATION_STYLE_ASSIGNMENT((#20147));
#20147 = SURFACE_STYLE_USAGE(.BOTH.,#20148);
#20148 = SURFACE_SIDE_STYLE('',(#20149));
#20149 = SURFACE_STYLE_FILL_AREA(#20150);
#20150 = FILL_AREA_STYLE('',(#20151));
#20151 = FILL_AREA_STYLE_COLOUR('',#19109);
#20152 = OVER_RIDING_STYLED_ITEM('overriding color',(#20153),#9260,
  #18996);
#20153 = PRESENTATION_STYLE_ASSIGNMENT((#20154));
#20154 = SURFACE_STYLE_USAGE(.BOTH.,#20155);
#20155 = SURFACE_SIDE_STYLE('',(#20156));
#20156 = SURFACE_STYLE_FILL_AREA(#20157);
#20157 = FILL_AREA_STYLE('',(#20158));
#20158 = FILL_AREA_STYLE_COLOUR('',#19109);
#20159 = OVER_RIDING_STYLED_ITEM('overriding color',(#20160),#9277,
  #18996);
#20160 = PRESENTATION_STYLE_ASSIGNMENT((#20161));
#20161 = SURFACE_STYLE_USAGE(.BOTH.,#20162);
#20162 = SURFACE_SIDE_STYLE('',(#20163));
#20163 = SURFACE_STYLE_FILL_AREA(#20164);
#20164 = FILL_AREA_STYLE('',(#20165));
#20165 = FILL_AREA_STYLE_COLOUR('',#19109);
#20166 = OVER_RIDING_STYLED_ITEM('overriding color',(#20167),#9302,
  #18996);
#20167 = PRESENTATION_STYLE_ASSIGNMENT((#20168));
#20168 = SURFACE_STYLE_USAGE(.BOTH.,#20169);
#20169 = SURFACE_SIDE_STYLE('',(#20170));
#20170 = SURFACE_STYLE_FILL_AREA(#20171);
#20171 = FILL_AREA_STYLE('',(#20172));
#20172 = FILL_AREA_STYLE_COLOUR('',#19109);
#20173 = OVER_RIDING_STYLED_ITEM('overriding color',(#20174),#9326,
  #18996);
#20174 = PRESENTATION_STYLE_ASSIGNMENT((#20175));
#20175 = SURFACE_STYLE_USAGE(.BOTH.,#20176);
#20176 = SURFACE_SIDE_STYLE('',(#20177));
#20177 = SURFACE_STYLE_FILL_AREA(#20178);
#20178 = FILL_AREA_STYLE('',(#20179));
#20179 = FILL_AREA_STYLE_COLOUR('',#19109);
#20180 = OVER_RIDING_STYLED_ITEM('overriding color',(#20181),#9351,
  #18996);
#20181 = PRESENTATION_STYLE_ASSIGNMENT((#20182));
#20182 = SURFACE_STYLE_USAGE(.BOTH.,#20183);
#20183 = SURFACE_SIDE_STYLE('',(#20184));
#20184 = SURFACE_STYLE_FILL_AREA(#20185);
#20185 = FILL_AREA_STYLE('',(#20186));
#20186 = FILL_AREA_STYLE_COLOUR('',#19109);
#20187 = OVER_RIDING_STYLED_ITEM('overriding color',(#20188),#9368,
  #18996);
#20188 = PRESENTATION_STYLE_ASSIGNMENT((#20189));
#20189 = SURFACE_STYLE_USAGE(.BOTH.,#20190);
#20190 = SURFACE_SIDE_STYLE('',(#20191));
#20191 = SURFACE_STYLE_FILL_AREA(#20192);
#20192 = FILL_AREA_STYLE('',(#20193));
#20193 = FILL_AREA_STYLE_COLOUR('',#19109);
#20194 = OVER_RIDING_STYLED_ITEM('overriding color',(#20195),#9393,
  #18996);
#20195 = PRESENTATION_STYLE_ASSIGNMENT((#20196));
#20196 = SURFACE_STYLE_USAGE(.BOTH.,#20197);
#20197 = SURFACE_SIDE_STYLE('',(#20198));
#20198 = SURFACE_STYLE_FILL_AREA(#20199);
#20199 = FILL_AREA_STYLE('',(#20200));
#20200 = FILL_AREA_STYLE_COLOUR('',#19109);
#20201 = OVER_RIDING_STYLED_ITEM('overriding color',(#20202),#9417,
  #18996);
#20202 = PRESENTATION_STYLE_ASSIGNMENT((#20203));
#20203 = SURFACE_STYLE_USAGE(.BOTH.,#20204);
#20204 = SURFACE_SIDE_STYLE('',(#20205));
#20205 = SURFACE_STYLE_FILL_AREA(#20206);
#20206 = FILL_AREA_STYLE('',(#20207));
#20207 = FILL_AREA_STYLE_COLOUR('',#19109);
#20208 = OVER_RIDING_STYLED_ITEM('overriding color',(#20209),#9442,
  #18996);
#20209 = PRESENTATION_STYLE_ASSIGNMENT((#20210));
#20210 = SURFACE_STYLE_USAGE(.BOTH.,#20211);
#20211 = SURFACE_SIDE_STYLE('',(#20212));
#20212 = SURFACE_STYLE_FILL_AREA(#20213);
#20213 = FILL_AREA_STYLE('',(#20214));
#20214 = FILL_AREA_STYLE_COLOUR('',#19109);
#20215 = OVER_RIDING_STYLED_ITEM('overriding color',(#20216),#9459,
  #18996);
#20216 = PRESENTATION_STYLE_ASSIGNMENT((#20217));
#20217 = SURFACE_STYLE_USAGE(.BOTH.,#20218);
#20218 = SURFACE_SIDE_STYLE('',(#20219));
#20219 = SURFACE_STYLE_FILL_AREA(#20220);
#20220 = FILL_AREA_STYLE('',(#20221));
#20221 = FILL_AREA_STYLE_COLOUR('',#19109);
#20222 = OVER_RIDING_STYLED_ITEM('overriding color',(#20223),#9484,
  #18996);
#20223 = PRESENTATION_STYLE_ASSIGNMENT((#20224));
#20224 = SURFACE_STYLE_USAGE(.BOTH.,#20225);
#20225 = SURFACE_SIDE_STYLE('',(#20226));
#20226 = SURFACE_STYLE_FILL_AREA(#20227);
#20227 = FILL_AREA_STYLE('',(#20228));
#20228 = FILL_AREA_STYLE_COLOUR('',#19109);
#20229 = OVER_RIDING_STYLED_ITEM('overriding color',(#20230),#9508,
  #18996);
#20230 = PRESENTATION_STYLE_ASSIGNMENT((#20231));
#20231 = SURFACE_STYLE_USAGE(.BOTH.,#20232);
#20232 = SURFACE_SIDE_STYLE('',(#20233));
#20233 = SURFACE_STYLE_FILL_AREA(#20234);
#20234 = FILL_AREA_STYLE('',(#20235));
#20235 = FILL_AREA_STYLE_COLOUR('',#19109);
#20236 = OVER_RIDING_STYLED_ITEM('overriding color',(#20237),#9533,
  #18996);
#20237 = PRESENTATION_STYLE_ASSIGNMENT((#20238));
#20238 = SURFACE_STYLE_USAGE(.BOTH.,#20239);
#20239 = SURFACE_SIDE_STYLE('',(#20240));
#20240 = SURFACE_STYLE_FILL_AREA(#20241);
#20241 = FILL_AREA_STYLE('',(#20242));
#20242 = FILL_AREA_STYLE_COLOUR('',#19109);
#20243 = OVER_RIDING_STYLED_ITEM('overriding color',(#20244),#9550,
  #18996);
#20244 = PRESENTATION_STYLE_ASSIGNMENT((#20245));
#20245 = SURFACE_STYLE_USAGE(.BOTH.,#20246);
#20246 = SURFACE_SIDE_STYLE('',(#20247));
#20247 = SURFACE_STYLE_FILL_AREA(#20248);
#20248 = FILL_AREA_STYLE('',(#20249));
#20249 = FILL_AREA_STYLE_COLOUR('',#19109);
#20250 = OVER_RIDING_STYLED_ITEM('overriding color',(#20251),#9575,
  #18996);
#20251 = PRESENTATION_STYLE_ASSIGNMENT((#20252));
#20252 = SURFACE_STYLE_USAGE(.BOTH.,#20253);
#20253 = SURFACE_SIDE_STYLE('',(#20254));
#20254 = SURFACE_STYLE_FILL_AREA(#20255);
#20255 = FILL_AREA_STYLE('',(#20256));
#20256 = FILL_AREA_STYLE_COLOUR('',#19109);
#20257 = OVER_RIDING_STYLED_ITEM('overriding color',(#20258),#9599,
  #18996);
#20258 = PRESENTATION_STYLE_ASSIGNMENT((#20259));
#20259 = SURFACE_STYLE_USAGE(.BOTH.,#20260);
#20260 = SURFACE_SIDE_STYLE('',(#20261));
#20261 = SURFACE_STYLE_FILL_AREA(#20262);
#20262 = FILL_AREA_STYLE('',(#20263));
#20263 = FILL_AREA_STYLE_COLOUR('',#19109);
#20264 = OVER_RIDING_STYLED_ITEM('overriding color',(#20265),#9624,
  #18996);
#20265 = PRESENTATION_STYLE_ASSIGNMENT((#20266));
#20266 = SURFACE_STYLE_USAGE(.BOTH.,#20267);
#20267 = SURFACE_SIDE_STYLE('',(#20268));
#20268 = SURFACE_STYLE_FILL_AREA(#20269);
#20269 = FILL_AREA_STYLE('',(#20270));
#20270 = FILL_AREA_STYLE_COLOUR('',#19109);
#20271 = OVER_RIDING_STYLED_ITEM('overriding color',(#20272),#9641,
  #18996);
#20272 = PRESENTATION_STYLE_ASSIGNMENT((#20273));
#20273 = SURFACE_STYLE_USAGE(.BOTH.,#20274);
#20274 = SURFACE_SIDE_STYLE('',(#20275));
#20275 = SURFACE_STYLE_FILL_AREA(#20276);
#20276 = FILL_AREA_STYLE('',(#20277));
#20277 = FILL_AREA_STYLE_COLOUR('',#19109);
#20278 = OVER_RIDING_STYLED_ITEM('overriding color',(#20279),#9666,
  #18996);
#20279 = PRESENTATION_STYLE_ASSIGNMENT((#20280));
#20280 = SURFACE_STYLE_USAGE(.BOTH.,#20281);
#20281 = SURFACE_SIDE_STYLE('',(#20282));
#20282 = SURFACE_STYLE_FILL_AREA(#20283);
#20283 = FILL_AREA_STYLE('',(#20284));
#20284 = FILL_AREA_STYLE_COLOUR('',#19109);
#20285 = OVER_RIDING_STYLED_ITEM('overriding color',(#20286),#9690,
  #18996);
#20286 = PRESENTATION_STYLE_ASSIGNMENT((#20287));
#20287 = SURFACE_STYLE_USAGE(.BOTH.,#20288);
#20288 = SURFACE_SIDE_STYLE('',(#20289));
#20289 = SURFACE_STYLE_FILL_AREA(#20290);
#20290 = FILL_AREA_STYLE('',(#20291));
#20291 = FILL_AREA_STYLE_COLOUR('',#19109);
#20292 = OVER_RIDING_STYLED_ITEM('overriding color',(#20293),#9715,
  #18996);
#20293 = PRESENTATION_STYLE_ASSIGNMENT((#20294));
#20294 = SURFACE_STYLE_USAGE(.BOTH.,#20295);
#20295 = SURFACE_SIDE_STYLE('',(#20296));
#20296 = SURFACE_STYLE_FILL_AREA(#20297);
#20297 = FILL_AREA_STYLE('',(#20298));
#20298 = FILL_AREA_STYLE_COLOUR('',#19109);
#20299 = OVER_RIDING_STYLED_ITEM('overriding color',(#20300),#9732,
  #18996);
#20300 = PRESENTATION_STYLE_ASSIGNMENT((#20301));
#20301 = SURFACE_STYLE_USAGE(.BOTH.,#20302);
#20302 = SURFACE_SIDE_STYLE('',(#20303));
#20303 = SURFACE_STYLE_FILL_AREA(#20304);
#20304 = FILL_AREA_STYLE('',(#20305));
#20305 = FILL_AREA_STYLE_COLOUR('',#19109);
#20306 = OVER_RIDING_STYLED_ITEM('overriding color',(#20307),#9757,
  #18996);
#20307 = PRESENTATION_STYLE_ASSIGNMENT((#20308));
#20308 = SURFACE_STYLE_USAGE(.BOTH.,#20309);
#20309 = SURFACE_SIDE_STYLE('',(#20310));
#20310 = SURFACE_STYLE_FILL_AREA(#20311);
#20311 = FILL_AREA_STYLE('',(#20312));
#20312 = FILL_AREA_STYLE_COLOUR('',#19109);
#20313 = OVER_RIDING_STYLED_ITEM('overriding color',(#20314),#9781,
  #18996);
#20314 = PRESENTATION_STYLE_ASSIGNMENT((#20315));
#20315 = SURFACE_STYLE_USAGE(.BOTH.,#20316);
#20316 = SURFACE_SIDE_STYLE('',(#20317));
#20317 = SURFACE_STYLE_FILL_AREA(#20318);
#20318 = FILL_AREA_STYLE('',(#20319));
#20319 = FILL_AREA_STYLE_COLOUR('',#19109);
#20320 = OVER_RIDING_STYLED_ITEM('overriding color',(#20321),#9806,
  #18996);
#20321 = PRESENTATION_STYLE_ASSIGNMENT((#20322));
#20322 = SURFACE_STYLE_USAGE(.BOTH.,#20323);
#20323 = SURFACE_SIDE_STYLE('',(#20324));
#20324 = SURFACE_STYLE_FILL_AREA(#20325);
#20325 = FILL_AREA_STYLE('',(#20326));
#20326 = FILL_AREA_STYLE_COLOUR('',#19109);
#20327 = OVER_RIDING_STYLED_ITEM('overriding color',(#20328),#9823,
  #18996);
#20328 = PRESENTATION_STYLE_ASSIGNMENT((#20329));
#20329 = SURFACE_STYLE_USAGE(.BOTH.,#20330);
#20330 = SURFACE_SIDE_STYLE('',(#20331));
#20331 = SURFACE_STYLE_FILL_AREA(#20332);
#20332 = FILL_AREA_STYLE('',(#20333));
#20333 = FILL_AREA_STYLE_COLOUR('',#19109);
#20334 = OVER_RIDING_STYLED_ITEM('overriding color',(#20335),#9848,
  #18996);
#20335 = PRESENTATION_STYLE_ASSIGNMENT((#20336));
#20336 = SURFACE_STYLE_USAGE(.BOTH.,#20337);
#20337 = SURFACE_SIDE_STYLE('',(#20338));
#20338 = SURFACE_STYLE_FILL_AREA(#20339);
#20339 = FILL_AREA_STYLE('',(#20340));
#20340 = FILL_AREA_STYLE_COLOUR('',#19109);
#20341 = OVER_RIDING_STYLED_ITEM('overriding color',(#20342),#9872,
  #18996);
#20342 = PRESENTATION_STYLE_ASSIGNMENT((#20343));
#20343 = SURFACE_STYLE_USAGE(.BOTH.,#20344);
#20344 = SURFACE_SIDE_STYLE('',(#20345));
#20345 = SURFACE_STYLE_FILL_AREA(#20346);
#20346 = FILL_AREA_STYLE('',(#20347));
#20347 = FILL_AREA_STYLE_COLOUR('',#19109);
#20348 = OVER_RIDING_STYLED_ITEM('overriding color',(#20349),#9897,
  #18996);
#20349 = PRESENTATION_STYLE_ASSIGNMENT((#20350));
#20350 = SURFACE_STYLE_USAGE(.BOTH.,#20351);
#20351 = SURFACE_SIDE_STYLE('',(#20352));
#20352 = SURFACE_STYLE_FILL_AREA(#20353);
#20353 = FILL_AREA_STYLE('',(#20354));
#20354 = FILL_AREA_STYLE_COLOUR('',#19109);
#20355 = OVER_RIDING_STYLED_ITEM('overriding color',(#20356),#9914,
  #18996);
#20356 = PRESENTATION_STYLE_ASSIGNMENT((#20357));
#20357 = SURFACE_STYLE_USAGE(.BOTH.,#20358);
#20358 = SURFACE_SIDE_STYLE('',(#20359));
#20359 = SURFACE_STYLE_FILL_AREA(#20360);
#20360 = FILL_AREA_STYLE('',(#20361));
#20361 = FILL_AREA_STYLE_COLOUR('',#19109);
#20362 = OVER_RIDING_STYLED_ITEM('overriding color',(#20363),#9939,
  #18996);
#20363 = PRESENTATION_STYLE_ASSIGNMENT((#20364));
#20364 = SURFACE_STYLE_USAGE(.BOTH.,#20365);
#20365 = SURFACE_SIDE_STYLE('',(#20366));
#20366 = SURFACE_STYLE_FILL_AREA(#20367);
#20367 = FILL_AREA_STYLE('',(#20368));
#20368 = FILL_AREA_STYLE_COLOUR('',#19109);
#20369 = OVER_RIDING_STYLED_ITEM('overriding color',(#20370),#9963,
  #18996);
#20370 = PRESENTATION_STYLE_ASSIGNMENT((#20371));
#20371 = SURFACE_STYLE_USAGE(.BOTH.,#20372);
#20372 = SURFACE_SIDE_STYLE('',(#20373));
#20373 = SURFACE_STYLE_FILL_AREA(#20374);
#20374 = FILL_AREA_STYLE('',(#20375));
#20375 = FILL_AREA_STYLE_COLOUR('',#19109);
#20376 = OVER_RIDING_STYLED_ITEM('overriding color',(#20377),#9988,
  #18996);
#20377 = PRESENTATION_STYLE_ASSIGNMENT((#20378));
#20378 = SURFACE_STYLE_USAGE(.BOTH.,#20379);
#20379 = SURFACE_SIDE_STYLE('',(#20380));
#20380 = SURFACE_STYLE_FILL_AREA(#20381);
#20381 = FILL_AREA_STYLE('',(#20382));
#20382 = FILL_AREA_STYLE_COLOUR('',#19109);
#20383 = OVER_RIDING_STYLED_ITEM('overriding color',(#20384),#10005,
  #18996);
#20384 = PRESENTATION_STYLE_ASSIGNMENT((#20385));
#20385 = SURFACE_STYLE_USAGE(.BOTH.,#20386);
#20386 = SURFACE_SIDE_STYLE('',(#20387));
#20387 = SURFACE_STYLE_FILL_AREA(#20388);
#20388 = FILL_AREA_STYLE('',(#20389));
#20389 = FILL_AREA_STYLE_COLOUR('',#19109);
#20390 = OVER_RIDING_STYLED_ITEM('overriding color',(#20391),#10030,
  #18996);
#20391 = PRESENTATION_STYLE_ASSIGNMENT((#20392));
#20392 = SURFACE_STYLE_USAGE(.BOTH.,#20393);
#20393 = SURFACE_SIDE_STYLE('',(#20394));
#20394 = SURFACE_STYLE_FILL_AREA(#20395);
#20395 = FILL_AREA_STYLE('',(#20396));
#20396 = FILL_AREA_STYLE_COLOUR('',#19109);
#20397 = OVER_RIDING_STYLED_ITEM('overriding color',(#20398),#10054,
  #18996);
#20398 = PRESENTATION_STYLE_ASSIGNMENT((#20399));
#20399 = SURFACE_STYLE_USAGE(.BOTH.,#20400);
#20400 = SURFACE_SIDE_STYLE('',(#20401));
#20401 = SURFACE_STYLE_FILL_AREA(#20402);
#20402 = FILL_AREA_STYLE('',(#20403));
#20403 = FILL_AREA_STYLE_COLOUR('',#19109);
#20404 = OVER_RIDING_STYLED_ITEM('overriding color',(#20405),#10079,
  #18996);
#20405 = PRESENTATION_STYLE_ASSIGNMENT((#20406));
#20406 = SURFACE_STYLE_USAGE(.BOTH.,#20407);
#20407 = SURFACE_SIDE_STYLE('',(#20408));
#20408 = SURFACE_STYLE_FILL_AREA(#20409);
#20409 = FILL_AREA_STYLE('',(#20410));
#20410 = FILL_AREA_STYLE_COLOUR('',#19109);
#20411 = OVER_RIDING_STYLED_ITEM('overriding color',(#20412),#10096,
  #18996);
#20412 = PRESENTATION_STYLE_ASSIGNMENT((#20413));
#20413 = SURFACE_STYLE_USAGE(.BOTH.,#20414);
#20414 = SURFACE_SIDE_STYLE('',(#20415));
#20415 = SURFACE_STYLE_FILL_AREA(#20416);
#20416 = FILL_AREA_STYLE('',(#20417));
#20417 = FILL_AREA_STYLE_COLOUR('',#19109);
#20418 = OVER_RIDING_STYLED_ITEM('overriding color',(#20419),#10121,
  #18996);
#20419 = PRESENTATION_STYLE_ASSIGNMENT((#20420));
#20420 = SURFACE_STYLE_USAGE(.BOTH.,#20421);
#20421 = SURFACE_SIDE_STYLE('',(#20422));
#20422 = SURFACE_STYLE_FILL_AREA(#20423);
#20423 = FILL_AREA_STYLE('',(#20424));
#20424 = FILL_AREA_STYLE_COLOUR('',#19109);
#20425 = OVER_RIDING_STYLED_ITEM('overriding color',(#20426),#10145,
  #18996);
#20426 = PRESENTATION_STYLE_ASSIGNMENT((#20427));
#20427 = SURFACE_STYLE_USAGE(.BOTH.,#20428);
#20428 = SURFACE_SIDE_STYLE('',(#20429));
#20429 = SURFACE_STYLE_FILL_AREA(#20430);
#20430 = FILL_AREA_STYLE('',(#20431));
#20431 = FILL_AREA_STYLE_COLOUR('',#19109);
#20432 = OVER_RIDING_STYLED_ITEM('overriding color',(#20433),#10170,
  #18996);
#20433 = PRESENTATION_STYLE_ASSIGNMENT((#20434));
#20434 = SURFACE_STYLE_USAGE(.BOTH.,#20435);
#20435 = SURFACE_SIDE_STYLE('',(#20436));
#20436 = SURFACE_STYLE_FILL_AREA(#20437);
#20437 = FILL_AREA_STYLE('',(#20438));
#20438 = FILL_AREA_STYLE_COLOUR('',#19109);
#20439 = OVER_RIDING_STYLED_ITEM('overriding color',(#20440),#10187,
  #18996);
#20440 = PRESENTATION_STYLE_ASSIGNMENT((#20441));
#20441 = SURFACE_STYLE_USAGE(.BOTH.,#20442);
#20442 = SURFACE_SIDE_STYLE('',(#20443));
#20443 = SURFACE_STYLE_FILL_AREA(#20444);
#20444 = FILL_AREA_STYLE('',(#20445));
#20445 = FILL_AREA_STYLE_COLOUR('',#19109);
#20446 = OVER_RIDING_STYLED_ITEM('overriding color',(#20447),#10212,
  #18996);
#20447 = PRESENTATION_STYLE_ASSIGNMENT((#20448));
#20448 = SURFACE_STYLE_USAGE(.BOTH.,#20449);
#20449 = SURFACE_SIDE_STYLE('',(#20450));
#20450 = SURFACE_STYLE_FILL_AREA(#20451);
#20451 = FILL_AREA_STYLE('',(#20452));
#20452 = FILL_AREA_STYLE_COLOUR('',#19109);
#20453 = OVER_RIDING_STYLED_ITEM('overriding color',(#20454),#10236,
  #18996);
#20454 = PRESENTATION_STYLE_ASSIGNMENT((#20455));
#20455 = SURFACE_STYLE_USAGE(.BOTH.,#20456);
#20456 = SURFACE_SIDE_STYLE('',(#20457));
#20457 = SURFACE_STYLE_FILL_AREA(#20458);
#20458 = FILL_AREA_STYLE('',(#20459));
#20459 = FILL_AREA_STYLE_COLOUR('',#19109);
#20460 = OVER_RIDING_STYLED_ITEM('overriding color',(#20461),#10261,
  #18996);
#20461 = PRESENTATION_STYLE_ASSIGNMENT((#20462));
#20462 = SURFACE_STYLE_USAGE(.BOTH.,#20463);
#20463 = SURFACE_SIDE_STYLE('',(#20464));
#20464 = SURFACE_STYLE_FILL_AREA(#20465);
#20465 = FILL_AREA_STYLE('',(#20466));
#20466 = FILL_AREA_STYLE_COLOUR('',#19109);
#20467 = OVER_RIDING_STYLED_ITEM('overriding color',(#20468),#10278,
  #18996);
#20468 = PRESENTATION_STYLE_ASSIGNMENT((#20469));
#20469 = SURFACE_STYLE_USAGE(.BOTH.,#20470);
#20470 = SURFACE_SIDE_STYLE('',(#20471));
#20471 = SURFACE_STYLE_FILL_AREA(#20472);
#20472 = FILL_AREA_STYLE('',(#20473));
#20473 = FILL_AREA_STYLE_COLOUR('',#19109);
#20474 = OVER_RIDING_STYLED_ITEM('overriding color',(#20475),#10303,
  #18996);
#20475 = PRESENTATION_STYLE_ASSIGNMENT((#20476));
#20476 = SURFACE_STYLE_USAGE(.BOTH.,#20477);
#20477 = SURFACE_SIDE_STYLE('',(#20478));
#20478 = SURFACE_STYLE_FILL_AREA(#20479);
#20479 = FILL_AREA_STYLE('',(#20480));
#20480 = FILL_AREA_STYLE_COLOUR('',#19109);
#20481 = OVER_RIDING_STYLED_ITEM('overriding color',(#20482),#10327,
  #18996);
#20482 = PRESENTATION_STYLE_ASSIGNMENT((#20483));
#20483 = SURFACE_STYLE_USAGE(.BOTH.,#20484);
#20484 = SURFACE_SIDE_STYLE('',(#20485));
#20485 = SURFACE_STYLE_FILL_AREA(#20486);
#20486 = FILL_AREA_STYLE('',(#20487));
#20487 = FILL_AREA_STYLE_COLOUR('',#19109);
#20488 = OVER_RIDING_STYLED_ITEM('overriding color',(#20489),#10352,
  #18996);
#20489 = PRESENTATION_STYLE_ASSIGNMENT((#20490));
#20490 = SURFACE_STYLE_USAGE(.BOTH.,#20491);
#20491 = SURFACE_SIDE_STYLE('',(#20492));
#20492 = SURFACE_STYLE_FILL_AREA(#20493);
#20493 = FILL_AREA_STYLE('',(#20494));
#20494 = FILL_AREA_STYLE_COLOUR('',#19109);
#20495 = OVER_RIDING_STYLED_ITEM('overriding color',(#20496),#10369,
  #18996);
#20496 = PRESENTATION_STYLE_ASSIGNMENT((#20497));
#20497 = SURFACE_STYLE_USAGE(.BOTH.,#20498);
#20498 = SURFACE_SIDE_STYLE('',(#20499));
#20499 = SURFACE_STYLE_FILL_AREA(#20500);
#20500 = FILL_AREA_STYLE('',(#20501));
#20501 = FILL_AREA_STYLE_COLOUR('',#19109);
#20502 = OVER_RIDING_STYLED_ITEM('overriding color',(#20503),#10394,
  #18996);
#20503 = PRESENTATION_STYLE_ASSIGNMENT((#20504));
#20504 = SURFACE_STYLE_USAGE(.BOTH.,#20505);
#20505 = SURFACE_SIDE_STYLE('',(#20506));
#20506 = SURFACE_STYLE_FILL_AREA(#20507);
#20507 = FILL_AREA_STYLE('',(#20508));
#20508 = FILL_AREA_STYLE_COLOUR('',#19109);
#20509 = OVER_RIDING_STYLED_ITEM('overriding color',(#20510),#10418,
  #18996);
#20510 = PRESENTATION_STYLE_ASSIGNMENT((#20511));
#20511 = SURFACE_STYLE_USAGE(.BOTH.,#20512);
#20512 = SURFACE_SIDE_STYLE('',(#20513));
#20513 = SURFACE_STYLE_FILL_AREA(#20514);
#20514 = FILL_AREA_STYLE('',(#20515));
#20515 = FILL_AREA_STYLE_COLOUR('',#19109);
#20516 = OVER_RIDING_STYLED_ITEM('overriding color',(#20517),#10443,
  #18996);
#20517 = PRESENTATION_STYLE_ASSIGNMENT((#20518));
#20518 = SURFACE_STYLE_USAGE(.BOTH.,#20519);
#20519 = SURFACE_SIDE_STYLE('',(#20520));
#20520 = SURFACE_STYLE_FILL_AREA(#20521);
#20521 = FILL_AREA_STYLE('',(#20522));
#20522 = FILL_AREA_STYLE_COLOUR('',#19109);
#20523 = OVER_RIDING_STYLED_ITEM('overriding color',(#20524),#10460,
  #18996);
#20524 = PRESENTATION_STYLE_ASSIGNMENT((#20525));
#20525 = SURFACE_STYLE_USAGE(.BOTH.,#20526);
#20526 = SURFACE_SIDE_STYLE('',(#20527));
#20527 = SURFACE_STYLE_FILL_AREA(#20528);
#20528 = FILL_AREA_STYLE('',(#20529));
#20529 = FILL_AREA_STYLE_COLOUR('',#19109);
#20530 = OVER_RIDING_STYLED_ITEM('overriding color',(#20531),#10485,
  #18996);
#20531 = PRESENTATION_STYLE_ASSIGNMENT((#20532));
#20532 = SURFACE_STYLE_USAGE(.BOTH.,#20533);
#20533 = SURFACE_SIDE_STYLE('',(#20534));
#20534 = SURFACE_STYLE_FILL_AREA(#20535);
#20535 = FILL_AREA_STYLE('',(#20536));
#20536 = FILL_AREA_STYLE_COLOUR('',#19109);
#20537 = OVER_RIDING_STYLED_ITEM('overriding color',(#20538),#10509,
  #18996);
#20538 = PRESENTATION_STYLE_ASSIGNMENT((#20539));
#20539 = SURFACE_STYLE_USAGE(.BOTH.,#20540);
#20540 = SURFACE_SIDE_STYLE('',(#20541));
#20541 = SURFACE_STYLE_FILL_AREA(#20542);
#20542 = FILL_AREA_STYLE('',(#20543));
#20543 = FILL_AREA_STYLE_COLOUR('',#19109);
#20544 = OVER_RIDING_STYLED_ITEM('overriding color',(#20545),#10534,
  #18996);
#20545 = PRESENTATION_STYLE_ASSIGNMENT((#20546));
#20546 = SURFACE_STYLE_USAGE(.BOTH.,#20547);
#20547 = SURFACE_SIDE_STYLE('',(#20548));
#20548 = SURFACE_STYLE_FILL_AREA(#20549);
#20549 = FILL_AREA_STYLE('',(#20550));
#20550 = FILL_AREA_STYLE_COLOUR('',#19109);
#20551 = OVER_RIDING_STYLED_ITEM('overriding color',(#20552),#10551,
  #18996);
#20552 = PRESENTATION_STYLE_ASSIGNMENT((#20553));
#20553 = SURFACE_STYLE_USAGE(.BOTH.,#20554);
#20554 = SURFACE_SIDE_STYLE('',(#20555));
#20555 = SURFACE_STYLE_FILL_AREA(#20556);
#20556 = FILL_AREA_STYLE('',(#20557));
#20557 = FILL_AREA_STYLE_COLOUR('',#19109);
#20558 = OVER_RIDING_STYLED_ITEM('overriding color',(#20559),#10576,
  #18996);
#20559 = PRESENTATION_STYLE_ASSIGNMENT((#20560));
#20560 = SURFACE_STYLE_USAGE(.BOTH.,#20561);
#20561 = SURFACE_SIDE_STYLE('',(#20562));
#20562 = SURFACE_STYLE_FILL_AREA(#20563);
#20563 = FILL_AREA_STYLE('',(#20564));
#20564 = FILL_AREA_STYLE_COLOUR('',#19109);
#20565 = OVER_RIDING_STYLED_ITEM('overriding color',(#20566),#10600,
  #18996);
#20566 = PRESENTATION_STYLE_ASSIGNMENT((#20567));
#20567 = SURFACE_STYLE_USAGE(.BOTH.,#20568);
#20568 = SURFACE_SIDE_STYLE('',(#20569));
#20569 = SURFACE_STYLE_FILL_AREA(#20570);
#20570 = FILL_AREA_STYLE('',(#20571));
#20571 = FILL_AREA_STYLE_COLOUR('',#19109);
#20572 = OVER_RIDING_STYLED_ITEM('overriding color',(#20573),#10625,
  #18996);
#20573 = PRESENTATION_STYLE_ASSIGNMENT((#20574));
#20574 = SURFACE_STYLE_USAGE(.BOTH.,#20575);
#20575 = SURFACE_SIDE_STYLE('',(#20576));
#20576 = SURFACE_STYLE_FILL_AREA(#20577);
#20577 = FILL_AREA_STYLE('',(#20578));
#20578 = FILL_AREA_STYLE_COLOUR('',#19109);
#20579 = OVER_RIDING_STYLED_ITEM('overriding color',(#20580),#10642,
  #18996);
#20580 = PRESENTATION_STYLE_ASSIGNMENT((#20581));
#20581 = SURFACE_STYLE_USAGE(.BOTH.,#20582);
#20582 = SURFACE_SIDE_STYLE('',(#20583));
#20583 = SURFACE_STYLE_FILL_AREA(#20584);
#20584 = FILL_AREA_STYLE('',(#20585));
#20585 = FILL_AREA_STYLE_COLOUR('',#19109);
#20586 = OVER_RIDING_STYLED_ITEM('overriding color',(#20587),#10667,
  #18996);
#20587 = PRESENTATION_STYLE_ASSIGNMENT((#20588));
#20588 = SURFACE_STYLE_USAGE(.BOTH.,#20589);
#20589 = SURFACE_SIDE_STYLE('',(#20590));
#20590 = SURFACE_STYLE_FILL_AREA(#20591);
#20591 = FILL_AREA_STYLE('',(#20592));
#20592 = FILL_AREA_STYLE_COLOUR('',#19109);
#20593 = OVER_RIDING_STYLED_ITEM('overriding color',(#20594),#10691,
  #18996);
#20594 = PRESENTATION_STYLE_ASSIGNMENT((#20595));
#20595 = SURFACE_STYLE_USAGE(.BOTH.,#20596);
#20596 = SURFACE_SIDE_STYLE('',(#20597));
#20597 = SURFACE_STYLE_FILL_AREA(#20598);
#20598 = FILL_AREA_STYLE('',(#20599));
#20599 = FILL_AREA_STYLE_COLOUR('',#19109);
#20600 = OVER_RIDING_STYLED_ITEM('overriding color',(#20601),#10716,
  #18996);
#20601 = PRESENTATION_STYLE_ASSIGNMENT((#20602));
#20602 = SURFACE_STYLE_USAGE(.BOTH.,#20603);
#20603 = SURFACE_SIDE_STYLE('',(#20604));
#20604 = SURFACE_STYLE_FILL_AREA(#20605);
#20605 = FILL_AREA_STYLE('',(#20606));
#20606 = FILL_AREA_STYLE_COLOUR('',#19109);
#20607 = OVER_RIDING_STYLED_ITEM('overriding color',(#20608),#10733,
  #18996);
#20608 = PRESENTATION_STYLE_ASSIGNMENT((#20609));
#20609 = SURFACE_STYLE_USAGE(.BOTH.,#20610);
#20610 = SURFACE_SIDE_STYLE('',(#20611));
#20611 = SURFACE_STYLE_FILL_AREA(#20612);
#20612 = FILL_AREA_STYLE('',(#20613));
#20613 = FILL_AREA_STYLE_COLOUR('',#19109);
#20614 = OVER_RIDING_STYLED_ITEM('overriding color',(#20615),#10758,
  #18996);
#20615 = PRESENTATION_STYLE_ASSIGNMENT((#20616));
#20616 = SURFACE_STYLE_USAGE(.BOTH.,#20617);
#20617 = SURFACE_SIDE_STYLE('',(#20618));
#20618 = SURFACE_STYLE_FILL_AREA(#20619);
#20619 = FILL_AREA_STYLE('',(#20620));
#20620 = FILL_AREA_STYLE_COLOUR('',#19109);
#20621 = OVER_RIDING_STYLED_ITEM('overriding color',(#20622),#10782,
  #18996);
#20622 = PRESENTATION_STYLE_ASSIGNMENT((#20623));
#20623 = SURFACE_STYLE_USAGE(.BOTH.,#20624);
#20624 = SURFACE_SIDE_STYLE('',(#20625));
#20625 = SURFACE_STYLE_FILL_AREA(#20626);
#20626 = FILL_AREA_STYLE('',(#20627));
#20627 = FILL_AREA_STYLE_COLOUR('',#19109);
#20628 = OVER_RIDING_STYLED_ITEM('overriding color',(#20629),#10807,
  #18996);
#20629 = PRESENTATION_STYLE_ASSIGNMENT((#20630));
#20630 = SURFACE_STYLE_USAGE(.BOTH.,#20631);
#20631 = SURFACE_SIDE_STYLE('',(#20632));
#20632 = SURFACE_STYLE_FILL_AREA(#20633);
#20633 = FILL_AREA_STYLE('',(#20634));
#20634 = FILL_AREA_STYLE_COLOUR('',#19109);
#20635 = OVER_RIDING_STYLED_ITEM('overriding color',(#20636),#10824,
  #18996);
#20636 = PRESENTATION_STYLE_ASSIGNMENT((#20637));
#20637 = SURFACE_STYLE_USAGE(.BOTH.,#20638);
#20638 = SURFACE_SIDE_STYLE('',(#20639));
#20639 = SURFACE_STYLE_FILL_AREA(#20640);
#20640 = FILL_AREA_STYLE('',(#20641));
#20641 = FILL_AREA_STYLE_COLOUR('',#19109);
#20642 = OVER_RIDING_STYLED_ITEM('overriding color',(#20643),#10849,
  #18996);
#20643 = PRESENTATION_STYLE_ASSIGNMENT((#20644));
#20644 = SURFACE_STYLE_USAGE(.BOTH.,#20645);
#20645 = SURFACE_SIDE_STYLE('',(#20646));
#20646 = SURFACE_STYLE_FILL_AREA(#20647);
#20647 = FILL_AREA_STYLE('',(#20648));
#20648 = FILL_AREA_STYLE_COLOUR('',#19109);
#20649 = OVER_RIDING_STYLED_ITEM('overriding color',(#20650),#10873,
  #18996);
#20650 = PRESENTATION_STYLE_ASSIGNMENT((#20651));
#20651 = SURFACE_STYLE_USAGE(.BOTH.,#20652);
#20652 = SURFACE_SIDE_STYLE('',(#20653));
#20653 = SURFACE_STYLE_FILL_AREA(#20654);
#20654 = FILL_AREA_STYLE('',(#20655));
#20655 = FILL_AREA_STYLE_COLOUR('',#19109);
#20656 = OVER_RIDING_STYLED_ITEM('overriding color',(#20657),#10898,
  #18996);
#20657 = PRESENTATION_STYLE_ASSIGNMENT((#20658));
#20658 = SURFACE_STYLE_USAGE(.BOTH.,#20659);
#20659 = SURFACE_SIDE_STYLE('',(#20660));
#20660 = SURFACE_STYLE_FILL_AREA(#20661);
#20661 = FILL_AREA_STYLE('',(#20662));
#20662 = FILL_AREA_STYLE_COLOUR('',#19109);
#20663 = OVER_RIDING_STYLED_ITEM('overriding color',(#20664),#10915,
  #18996);
#20664 = PRESENTATION_STYLE_ASSIGNMENT((#20665));
#20665 = SURFACE_STYLE_USAGE(.BOTH.,#20666);
#20666 = SURFACE_SIDE_STYLE('',(#20667));
#20667 = SURFACE_STYLE_FILL_AREA(#20668);
#20668 = FILL_AREA_STYLE('',(#20669));
#20669 = FILL_AREA_STYLE_COLOUR('',#19109);
#20670 = OVER_RIDING_STYLED_ITEM('overriding color',(#20671),#10940,
  #18996);
#20671 = PRESENTATION_STYLE_ASSIGNMENT((#20672));
#20672 = SURFACE_STYLE_USAGE(.BOTH.,#20673);
#20673 = SURFACE_SIDE_STYLE('',(#20674));
#20674 = SURFACE_STYLE_FILL_AREA(#20675);
#20675 = FILL_AREA_STYLE('',(#20676));
#20676 = FILL_AREA_STYLE_COLOUR('',#19109);
#20677 = OVER_RIDING_STYLED_ITEM('overriding color',(#20678),#10964,
  #18996);
#20678 = PRESENTATION_STYLE_ASSIGNMENT((#20679));
#20679 = SURFACE_STYLE_USAGE(.BOTH.,#20680);
#20680 = SURFACE_SIDE_STYLE('',(#20681));
#20681 = SURFACE_STYLE_FILL_AREA(#20682);
#20682 = FILL_AREA_STYLE('',(#20683));
#20683 = FILL_AREA_STYLE_COLOUR('',#19109);
#20684 = OVER_RIDING_STYLED_ITEM('overriding color',(#20685),#10989,
  #18996);
#20685 = PRESENTATION_STYLE_ASSIGNMENT((#20686));
#20686 = SURFACE_STYLE_USAGE(.BOTH.,#20687);
#20687 = SURFACE_SIDE_STYLE('',(#20688));
#20688 = SURFACE_STYLE_FILL_AREA(#20689);
#20689 = FILL_AREA_STYLE('',(#20690));
#20690 = FILL_AREA_STYLE_COLOUR('',#19109);
#20691 = OVER_RIDING_STYLED_ITEM('overriding color',(#20692),#11006,
  #18996);
#20692 = PRESENTATION_STYLE_ASSIGNMENT((#20693));
#20693 = SURFACE_STYLE_USAGE(.BOTH.,#20694);
#20694 = SURFACE_SIDE_STYLE('',(#20695));
#20695 = SURFACE_STYLE_FILL_AREA(#20696);
#20696 = FILL_AREA_STYLE('',(#20697));
#20697 = FILL_AREA_STYLE_COLOUR('',#19109);
#20698 = OVER_RIDING_STYLED_ITEM('overriding color',(#20699),#11031,
  #18996);
#20699 = PRESENTATION_STYLE_ASSIGNMENT((#20700));
#20700 = SURFACE_STYLE_USAGE(.BOTH.,#20701);
#20701 = SURFACE_SIDE_STYLE('',(#20702));
#20702 = SURFACE_STYLE_FILL_AREA(#20703);
#20703 = FILL_AREA_STYLE('',(#20704));
#20704 = FILL_AREA_STYLE_COLOUR('',#19404);
#20705 = OVER_RIDING_STYLED_ITEM('overriding color',(#20706),#11080,
  #18996);
#20706 = PRESENTATION_STYLE_ASSIGNMENT((#20707));
#20707 = SURFACE_STYLE_USAGE(.BOTH.,#20708);
#20708 = SURFACE_SIDE_STYLE('',(#20709));
#20709 = SURFACE_STYLE_FILL_AREA(#20710);
#20710 = FILL_AREA_STYLE('',(#20711));
#20711 = FILL_AREA_STYLE_COLOUR('',#19404);
#20712 = OVER_RIDING_STYLED_ITEM('overriding color',(#20713),#11171,
  #18996);
#20713 = PRESENTATION_STYLE_ASSIGNMENT((#20714));
#20714 = SURFACE_STYLE_USAGE(.BOTH.,#20715);
#20715 = SURFACE_SIDE_STYLE('',(#20716));
#20716 = SURFACE_STYLE_FILL_AREA(#20717);
#20717 = FILL_AREA_STYLE('',(#20718));
#20718 = FILL_AREA_STYLE_COLOUR('',#19404);
#20719 = OVER_RIDING_STYLED_ITEM('overriding color',(#20720),#11188,
  #18996);
#20720 = PRESENTATION_STYLE_ASSIGNMENT((#20721));
#20721 = SURFACE_STYLE_USAGE(.BOTH.,#20722);
#20722 = SURFACE_SIDE_STYLE('',(#20723));
#20723 = SURFACE_STYLE_FILL_AREA(#20724);
#20724 = FILL_AREA_STYLE('',(#20725));
#20725 = FILL_AREA_STYLE_COLOUR('',#19404);
#20726 = OVER_RIDING_STYLED_ITEM('overriding color',(#20727),#11212,
  #18996);
#20727 = PRESENTATION_STYLE_ASSIGNMENT((#20728));
#20728 = SURFACE_STYLE_USAGE(.BOTH.,#20729);
#20729 = SURFACE_SIDE_STYLE('',(#20730));
#20730 = SURFACE_STYLE_FILL_AREA(#20731);
#20731 = FILL_AREA_STYLE('',(#20732));
#20732 = FILL_AREA_STYLE_COLOUR('',#19404);
#20733 = OVER_RIDING_STYLED_ITEM('overriding color',(#20734),#11229,
  #18996);
#20734 = PRESENTATION_STYLE_ASSIGNMENT((#20735));
#20735 = SURFACE_STYLE_USAGE(.BOTH.,#20736);
#20736 = SURFACE_SIDE_STYLE('',(#20737));
#20737 = SURFACE_STYLE_FILL_AREA(#20738);
#20738 = FILL_AREA_STYLE('',(#20739));
#20739 = FILL_AREA_STYLE_COLOUR('',#19404);
#20740 = OVER_RIDING_STYLED_ITEM('overriding color',(#20741),#11254,
  #18996);
#20741 = PRESENTATION_STYLE_ASSIGNMENT((#20742));
#20742 = SURFACE_STYLE_USAGE(.BOTH.,#20743);
#20743 = SURFACE_SIDE_STYLE('',(#20744));
#20744 = SURFACE_STYLE_FILL_AREA(#20745);
#20745 = FILL_AREA_STYLE('',(#20746));
#20746 = FILL_AREA_STYLE_COLOUR('',#19404);
#20747 = OVER_RIDING_STYLED_ITEM('overriding color',(#20748),#11303,
  #18996);
#20748 = PRESENTATION_STYLE_ASSIGNMENT((#20749));
#20749 = SURFACE_STYLE_USAGE(.BOTH.,#20750);
#20750 = SURFACE_SIDE_STYLE('',(#20751));
#20751 = SURFACE_STYLE_FILL_AREA(#20752);
#20752 = FILL_AREA_STYLE('',(#20753));
#20753 = FILL_AREA_STYLE_COLOUR('',#19404);
#20754 = OVER_RIDING_STYLED_ITEM('overriding color',(#20755),#11359,
  #18996);
#20755 = PRESENTATION_STYLE_ASSIGNMENT((#20756));
#20756 = SURFACE_STYLE_USAGE(.BOTH.,#20757);
#20757 = SURFACE_SIDE_STYLE('',(#20758));
#20758 = SURFACE_STYLE_FILL_AREA(#20759);
#20759 = FILL_AREA_STYLE('',(#20760));
#20760 = FILL_AREA_STYLE_COLOUR('',#19404);
#20761 = OVER_RIDING_STYLED_ITEM('overriding color',(#20762),#11384,
  #18996);
#20762 = PRESENTATION_STYLE_ASSIGNMENT((#20763));
#20763 = SURFACE_STYLE_USAGE(.BOTH.,#20764);
#20764 = SURFACE_SIDE_STYLE('',(#20765));
#20765 = SURFACE_STYLE_FILL_AREA(#20766);
#20766 = FILL_AREA_STYLE('',(#20767));
#20767 = FILL_AREA_STYLE_COLOUR('',#19404);
#20768 = OVER_RIDING_STYLED_ITEM('overriding color',(#20769),#11409,
  #18996);
#20769 = PRESENTATION_STYLE_ASSIGNMENT((#20770));
#20770 = SURFACE_STYLE_USAGE(.BOTH.,#20771);
#20771 = SURFACE_SIDE_STYLE('',(#20772));
#20772 = SURFACE_STYLE_FILL_AREA(#20773);
#20773 = FILL_AREA_STYLE('',(#20774));
#20774 = FILL_AREA_STYLE_COLOUR('',#19404);
#20775 = OVER_RIDING_STYLED_ITEM('overriding color',(#20776),#11458,
  #18996);
#20776 = PRESENTATION_STYLE_ASSIGNMENT((#20777));
#20777 = SURFACE_STYLE_USAGE(.BOTH.,#20778);
#20778 = SURFACE_SIDE_STYLE('',(#20779));
#20779 = SURFACE_STYLE_FILL_AREA(#20780);
#20780 = FILL_AREA_STYLE('',(#20781));
#20781 = FILL_AREA_STYLE_COLOUR('',#19404);
#20782 = OVER_RIDING_STYLED_ITEM('overriding color',(#20783),#11527,
  #18996);
#20783 = PRESENTATION_STYLE_ASSIGNMENT((#20784));
#20784 = SURFACE_STYLE_USAGE(.BOTH.,#20785);
#20785 = SURFACE_SIDE_STYLE('',(#20786));
#20786 = SURFACE_STYLE_FILL_AREA(#20787);
#20787 = FILL_AREA_STYLE('',(#20788));
#20788 = FILL_AREA_STYLE_COLOUR('',#19109);
#20789 = OVER_RIDING_STYLED_ITEM('overriding color',(#20790),#11551,
  #18996);
#20790 = PRESENTATION_STYLE_ASSIGNMENT((#20791));
#20791 = SURFACE_STYLE_USAGE(.BOTH.,#20792);
#20792 = SURFACE_SIDE_STYLE('',(#20793));
#20793 = SURFACE_STYLE_FILL_AREA(#20794);
#20794 = FILL_AREA_STYLE('',(#20795));
#20795 = FILL_AREA_STYLE_COLOUR('',#19109);
#20796 = OVER_RIDING_STYLED_ITEM('overriding color',(#20797),#11576,
  #18996);
#20797 = PRESENTATION_STYLE_ASSIGNMENT((#20798));
#20798 = SURFACE_STYLE_USAGE(.BOTH.,#20799);
#20799 = SURFACE_SIDE_STYLE('',(#20800));
#20800 = SURFACE_STYLE_FILL_AREA(#20801);
#20801 = FILL_AREA_STYLE('',(#20802));
#20802 = FILL_AREA_STYLE_COLOUR('',#19109);
#20803 = OVER_RIDING_STYLED_ITEM('overriding color',(#20804),#11593,
  #18996);
#20804 = PRESENTATION_STYLE_ASSIGNMENT((#20805));
#20805 = SURFACE_STYLE_USAGE(.BOTH.,#20806);
#20806 = SURFACE_SIDE_STYLE('',(#20807));
#20807 = SURFACE_STYLE_FILL_AREA(#20808);
#20808 = FILL_AREA_STYLE('',(#20809));
#20809 = FILL_AREA_STYLE_COLOUR('',#19109);
#20810 = OVER_RIDING_STYLED_ITEM('overriding color',(#20811),#11618,
  #18996);
#20811 = PRESENTATION_STYLE_ASSIGNMENT((#20812));
#20812 = SURFACE_STYLE_USAGE(.BOTH.,#20813);
#20813 = SURFACE_SIDE_STYLE('',(#20814));
#20814 = SURFACE_STYLE_FILL_AREA(#20815);
#20815 = FILL_AREA_STYLE('',(#20816));
#20816 = FILL_AREA_STYLE_COLOUR('',#19109);
#20817 = OVER_RIDING_STYLED_ITEM('overriding color',(#20818),#11642,
  #18996);
#20818 = PRESENTATION_STYLE_ASSIGNMENT((#20819));
#20819 = SURFACE_STYLE_USAGE(.BOTH.,#20820);
#20820 = SURFACE_SIDE_STYLE('',(#20821));
#20821 = SURFACE_STYLE_FILL_AREA(#20822);
#20822 = FILL_AREA_STYLE('',(#20823));
#20823 = FILL_AREA_STYLE_COLOUR('',#19109);
#20824 = OVER_RIDING_STYLED_ITEM('overriding color',(#20825),#11667,
  #18996);
#20825 = PRESENTATION_STYLE_ASSIGNMENT((#20826));
#20826 = SURFACE_STYLE_USAGE(.BOTH.,#20827);
#20827 = SURFACE_SIDE_STYLE('',(#20828));
#20828 = SURFACE_STYLE_FILL_AREA(#20829);
#20829 = FILL_AREA_STYLE('',(#20830));
#20830 = FILL_AREA_STYLE_COLOUR('',#19109);
#20831 = OVER_RIDING_STYLED_ITEM('overriding color',(#20832),#11684,
  #18996);
#20832 = PRESENTATION_STYLE_ASSIGNMENT((#20833));
#20833 = SURFACE_STYLE_USAGE(.BOTH.,#20834);
#20834 = SURFACE_SIDE_STYLE('',(#20835));
#20835 = SURFACE_STYLE_FILL_AREA(#20836);
#20836 = FILL_AREA_STYLE('',(#20837));
#20837 = FILL_AREA_STYLE_COLOUR('',#19109);
#20838 = OVER_RIDING_STYLED_ITEM('overriding color',(#20839),#11709,
  #18996);
#20839 = PRESENTATION_STYLE_ASSIGNMENT((#20840));
#20840 = SURFACE_STYLE_USAGE(.BOTH.,#20841);
#20841 = SURFACE_SIDE_STYLE('',(#20842));
#20842 = SURFACE_STYLE_FILL_AREA(#20843);
#20843 = FILL_AREA_STYLE('',(#20844));
#20844 = FILL_AREA_STYLE_COLOUR('',#19109);
#20845 = OVER_RIDING_STYLED_ITEM('overriding color',(#20846),#11733,
  #18996);
#20846 = PRESENTATION_STYLE_ASSIGNMENT((#20847));
#20847 = SURFACE_STYLE_USAGE(.BOTH.,#20848);
#20848 = SURFACE_SIDE_STYLE('',(#20849));
#20849 = SURFACE_STYLE_FILL_AREA(#20850);
#20850 = FILL_AREA_STYLE('',(#20851));
#20851 = FILL_AREA_STYLE_COLOUR('',#19109);
#20852 = OVER_RIDING_STYLED_ITEM('overriding color',(#20853),#11758,
  #18996);
#20853 = PRESENTATION_STYLE_ASSIGNMENT((#20854));
#20854 = SURFACE_STYLE_USAGE(.BOTH.,#20855);
#20855 = SURFACE_SIDE_STYLE('',(#20856));
#20856 = SURFACE_STYLE_FILL_AREA(#20857);
#20857 = FILL_AREA_STYLE('',(#20858));
#20858 = FILL_AREA_STYLE_COLOUR('',#19109);
#20859 = OVER_RIDING_STYLED_ITEM('overriding color',(#20860),#11775,
  #18996);
#20860 = PRESENTATION_STYLE_ASSIGNMENT((#20861));
#20861 = SURFACE_STYLE_USAGE(.BOTH.,#20862);
#20862 = SURFACE_SIDE_STYLE('',(#20863));
#20863 = SURFACE_STYLE_FILL_AREA(#20864);
#20864 = FILL_AREA_STYLE('',(#20865));
#20865 = FILL_AREA_STYLE_COLOUR('',#19109);
#20866 = OVER_RIDING_STYLED_ITEM('overriding color',(#20867),#11800,
  #18996);
#20867 = PRESENTATION_STYLE_ASSIGNMENT((#20868));
#20868 = SURFACE_STYLE_USAGE(.BOTH.,#20869);
#20869 = SURFACE_SIDE_STYLE('',(#20870));
#20870 = SURFACE_STYLE_FILL_AREA(#20871);
#20871 = FILL_AREA_STYLE('',(#20872));
#20872 = FILL_AREA_STYLE_COLOUR('',#19109);
#20873 = OVER_RIDING_STYLED_ITEM('overriding color',(#20874),#11824,
  #18996);
#20874 = PRESENTATION_STYLE_ASSIGNMENT((#20875));
#20875 = SURFACE_STYLE_USAGE(.BOTH.,#20876);
#20876 = SURFACE_SIDE_STYLE('',(#20877));
#20877 = SURFACE_STYLE_FILL_AREA(#20878);
#20878 = FILL_AREA_STYLE('',(#20879));
#20879 = FILL_AREA_STYLE_COLOUR('',#19109);
#20880 = OVER_RIDING_STYLED_ITEM('overriding color',(#20881),#11849,
  #18996);
#20881 = PRESENTATION_STYLE_ASSIGNMENT((#20882));
#20882 = SURFACE_STYLE_USAGE(.BOTH.,#20883);
#20883 = SURFACE_SIDE_STYLE('',(#20884));
#20884 = SURFACE_STYLE_FILL_AREA(#20885);
#20885 = FILL_AREA_STYLE('',(#20886));
#20886 = FILL_AREA_STYLE_COLOUR('',#19109);
#20887 = OVER_RIDING_STYLED_ITEM('overriding color',(#20888),#11866,
  #18996);
#20888 = PRESENTATION_STYLE_ASSIGNMENT((#20889));
#20889 = SURFACE_STYLE_USAGE(.BOTH.,#20890);
#20890 = SURFACE_SIDE_STYLE('',(#20891));
#20891 = SURFACE_STYLE_FILL_AREA(#20892);
#20892 = FILL_AREA_STYLE('',(#20893));
#20893 = FILL_AREA_STYLE_COLOUR('',#19109);
#20894 = OVER_RIDING_STYLED_ITEM('overriding color',(#20895),#11891,
  #18996);
#20895 = PRESENTATION_STYLE_ASSIGNMENT((#20896));
#20896 = SURFACE_STYLE_USAGE(.BOTH.,#20897);
#20897 = SURFACE_SIDE_STYLE('',(#20898));
#20898 = SURFACE_STYLE_FILL_AREA(#20899);
#20899 = FILL_AREA_STYLE('',(#20900));
#20900 = FILL_AREA_STYLE_COLOUR('',#19109);
#20901 = OVER_RIDING_STYLED_ITEM('overriding color',(#20902),#11915,
  #18996);
#20902 = PRESENTATION_STYLE_ASSIGNMENT((#20903));
#20903 = SURFACE_STYLE_USAGE(.BOTH.,#20904);
#20904 = SURFACE_SIDE_STYLE('',(#20905));
#20905 = SURFACE_STYLE_FILL_AREA(#20906);
#20906 = FILL_AREA_STYLE('',(#20907));
#20907 = FILL_AREA_STYLE_COLOUR('',#19109);
#20908 = OVER_RIDING_STYLED_ITEM('overriding color',(#20909),#11940,
  #18996);
#20909 = PRESENTATION_STYLE_ASSIGNMENT((#20910));
#20910 = SURFACE_STYLE_USAGE(.BOTH.,#20911);
#20911 = SURFACE_SIDE_STYLE('',(#20912));
#20912 = SURFACE_STYLE_FILL_AREA(#20913);
#20913 = FILL_AREA_STYLE('',(#20914));
#20914 = FILL_AREA_STYLE_COLOUR('',#19109);
#20915 = OVER_RIDING_STYLED_ITEM('overriding color',(#20916),#11957,
  #18996);
#20916 = PRESENTATION_STYLE_ASSIGNMENT((#20917));
#20917 = SURFACE_STYLE_USAGE(.BOTH.,#20918);
#20918 = SURFACE_SIDE_STYLE('',(#20919));
#20919 = SURFACE_STYLE_FILL_AREA(#20920);
#20920 = FILL_AREA_STYLE('',(#20921));
#20921 = FILL_AREA_STYLE_COLOUR('',#19109);
#20922 = OVER_RIDING_STYLED_ITEM('overriding color',(#20923),#11982,
  #18996);
#20923 = PRESENTATION_STYLE_ASSIGNMENT((#20924));
#20924 = SURFACE_STYLE_USAGE(.BOTH.,#20925);
#20925 = SURFACE_SIDE_STYLE('',(#20926));
#20926 = SURFACE_STYLE_FILL_AREA(#20927);
#20927 = FILL_AREA_STYLE('',(#20928));
#20928 = FILL_AREA_STYLE_COLOUR('',#19109);
#20929 = OVER_RIDING_STYLED_ITEM('overriding color',(#20930),#12006,
  #18996);
#20930 = PRESENTATION_STYLE_ASSIGNMENT((#20931));
#20931 = SURFACE_STYLE_USAGE(.BOTH.,#20932);
#20932 = SURFACE_SIDE_STYLE('',(#20933));
#20933 = SURFACE_STYLE_FILL_AREA(#20934);
#20934 = FILL_AREA_STYLE('',(#20935));
#20935 = FILL_AREA_STYLE_COLOUR('',#19109);
#20936 = OVER_RIDING_STYLED_ITEM('overriding color',(#20937),#12031,
  #18996);
#20937 = PRESENTATION_STYLE_ASSIGNMENT((#20938));
#20938 = SURFACE_STYLE_USAGE(.BOTH.,#20939);
#20939 = SURFACE_SIDE_STYLE('',(#20940));
#20940 = SURFACE_STYLE_FILL_AREA(#20941);
#20941 = FILL_AREA_STYLE('',(#20942));
#20942 = FILL_AREA_STYLE_COLOUR('',#19109);
#20943 = OVER_RIDING_STYLED_ITEM('overriding color',(#20944),#12048,
  #18996);
#20944 = PRESENTATION_STYLE_ASSIGNMENT((#20945));
#20945 = SURFACE_STYLE_USAGE(.BOTH.,#20946);
#20946 = SURFACE_SIDE_STYLE('',(#20947));
#20947 = SURFACE_STYLE_FILL_AREA(#20948);
#20948 = FILL_AREA_STYLE('',(#20949));
#20949 = FILL_AREA_STYLE_COLOUR('',#19109);
#20950 = OVER_RIDING_STYLED_ITEM('overriding color',(#20951),#12073,
  #18996);
#20951 = PRESENTATION_STYLE_ASSIGNMENT((#20952));
#20952 = SURFACE_STYLE_USAGE(.BOTH.,#20953);
#20953 = SURFACE_SIDE_STYLE('',(#20954));
#20954 = SURFACE_STYLE_FILL_AREA(#20955);
#20955 = FILL_AREA_STYLE('',(#20956));
#20956 = FILL_AREA_STYLE_COLOUR('',#19109);
#20957 = OVER_RIDING_STYLED_ITEM('overriding color',(#20958),#12097,
  #18996);
#20958 = PRESENTATION_STYLE_ASSIGNMENT((#20959));
#20959 = SURFACE_STYLE_USAGE(.BOTH.,#20960);
#20960 = SURFACE_SIDE_STYLE('',(#20961));
#20961 = SURFACE_STYLE_FILL_AREA(#20962);
#20962 = FILL_AREA_STYLE('',(#20963));
#20963 = FILL_AREA_STYLE_COLOUR('',#19109);
#20964 = OVER_RIDING_STYLED_ITEM('overriding color',(#20965),#12122,
  #18996);
#20965 = PRESENTATION_STYLE_ASSIGNMENT((#20966));
#20966 = SURFACE_STYLE_USAGE(.BOTH.,#20967);
#20967 = SURFACE_SIDE_STYLE('',(#20968));
#20968 = SURFACE_STYLE_FILL_AREA(#20969);
#20969 = FILL_AREA_STYLE('',(#20970));
#20970 = FILL_AREA_STYLE_COLOUR('',#19109);
#20971 = OVER_RIDING_STYLED_ITEM('overriding color',(#20972),#12139,
  #18996);
#20972 = PRESENTATION_STYLE_ASSIGNMENT((#20973));
#20973 = SURFACE_STYLE_USAGE(.BOTH.,#20974);
#20974 = SURFACE_SIDE_STYLE('',(#20975));
#20975 = SURFACE_STYLE_FILL_AREA(#20976);
#20976 = FILL_AREA_STYLE('',(#20977));
#20977 = FILL_AREA_STYLE_COLOUR('',#19109);
#20978 = OVER_RIDING_STYLED_ITEM('overriding color',(#20979),#12164,
  #18996);
#20979 = PRESENTATION_STYLE_ASSIGNMENT((#20980));
#20980 = SURFACE_STYLE_USAGE(.BOTH.,#20981);
#20981 = SURFACE_SIDE_STYLE('',(#20982));
#20982 = SURFACE_STYLE_FILL_AREA(#20983);
#20983 = FILL_AREA_STYLE('',(#20984));
#20984 = FILL_AREA_STYLE_COLOUR('',#19109);
#20985 = OVER_RIDING_STYLED_ITEM('overriding color',(#20986),#12188,
  #18996);
#20986 = PRESENTATION_STYLE_ASSIGNMENT((#20987));
#20987 = SURFACE_STYLE_USAGE(.BOTH.,#20988);
#20988 = SURFACE_SIDE_STYLE('',(#20989));
#20989 = SURFACE_STYLE_FILL_AREA(#20990);
#20990 = FILL_AREA_STYLE('',(#20991));
#20991 = FILL_AREA_STYLE_COLOUR('',#19109);
#20992 = OVER_RIDING_STYLED_ITEM('overriding color',(#20993),#12213,
  #18996);
#20993 = PRESENTATION_STYLE_ASSIGNMENT((#20994));
#20994 = SURFACE_STYLE_USAGE(.BOTH.,#20995);
#20995 = SURFACE_SIDE_STYLE('',(#20996));
#20996 = SURFACE_STYLE_FILL_AREA(#20997);
#20997 = FILL_AREA_STYLE('',(#20998));
#20998 = FILL_AREA_STYLE_COLOUR('',#19109);
#20999 = OVER_RIDING_STYLED_ITEM('overriding color',(#21000),#12230,
  #18996);
#21000 = PRESENTATION_STYLE_ASSIGNMENT((#21001));
#21001 = SURFACE_STYLE_USAGE(.BOTH.,#21002);
#21002 = SURFACE_SIDE_STYLE('',(#21003));
#21003 = SURFACE_STYLE_FILL_AREA(#21004);
#21004 = FILL_AREA_STYLE('',(#21005));
#21005 = FILL_AREA_STYLE_COLOUR('',#19109);
#21006 = OVER_RIDING_STYLED_ITEM('overriding color',(#21007),#12255,
  #18996);
#21007 = PRESENTATION_STYLE_ASSIGNMENT((#21008));
#21008 = SURFACE_STYLE_USAGE(.BOTH.,#21009);
#21009 = SURFACE_SIDE_STYLE('',(#21010));
#21010 = SURFACE_STYLE_FILL_AREA(#21011);
#21011 = FILL_AREA_STYLE('',(#21012));
#21012 = FILL_AREA_STYLE_COLOUR('',#19109);
#21013 = OVER_RIDING_STYLED_ITEM('overriding color',(#21014),#12279,
  #18996);
#21014 = PRESENTATION_STYLE_ASSIGNMENT((#21015));
#21015 = SURFACE_STYLE_USAGE(.BOTH.,#21016);
#21016 = SURFACE_SIDE_STYLE('',(#21017));
#21017 = SURFACE_STYLE_FILL_AREA(#21018);
#21018 = FILL_AREA_STYLE('',(#21019));
#21019 = FILL_AREA_STYLE_COLOUR('',#19109);
#21020 = OVER_RIDING_STYLED_ITEM('overriding color',(#21021),#12304,
  #18996);
#21021 = PRESENTATION_STYLE_ASSIGNMENT((#21022));
#21022 = SURFACE_STYLE_USAGE(.BOTH.,#21023);
#21023 = SURFACE_SIDE_STYLE('',(#21024));
#21024 = SURFACE_STYLE_FILL_AREA(#21025);
#21025 = FILL_AREA_STYLE('',(#21026));
#21026 = FILL_AREA_STYLE_COLOUR('',#19109);
#21027 = OVER_RIDING_STYLED_ITEM('overriding color',(#21028),#12321,
  #18996);
#21028 = PRESENTATION_STYLE_ASSIGNMENT((#21029));
#21029 = SURFACE_STYLE_USAGE(.BOTH.,#21030);
#21030 = SURFACE_SIDE_STYLE('',(#21031));
#21031 = SURFACE_STYLE_FILL_AREA(#21032);
#21032 = FILL_AREA_STYLE('',(#21033));
#21033 = FILL_AREA_STYLE_COLOUR('',#19109);
#21034 = OVER_RIDING_STYLED_ITEM('overriding color',(#21035),#12346,
  #18996);
#21035 = PRESENTATION_STYLE_ASSIGNMENT((#21036));
#21036 = SURFACE_STYLE_USAGE(.BOTH.,#21037);
#21037 = SURFACE_SIDE_STYLE('',(#21038));
#21038 = SURFACE_STYLE_FILL_AREA(#21039);
#21039 = FILL_AREA_STYLE('',(#21040));
#21040 = FILL_AREA_STYLE_COLOUR('',#19109);
#21041 = OVER_RIDING_STYLED_ITEM('overriding color',(#21042),#12370,
  #18996);
#21042 = PRESENTATION_STYLE_ASSIGNMENT((#21043));
#21043 = SURFACE_STYLE_USAGE(.BOTH.,#21044);
#21044 = SURFACE_SIDE_STYLE('',(#21045));
#21045 = SURFACE_STYLE_FILL_AREA(#21046);
#21046 = FILL_AREA_STYLE('',(#21047));
#21047 = FILL_AREA_STYLE_COLOUR('',#19109);
#21048 = OVER_RIDING_STYLED_ITEM('overriding color',(#21049),#12395,
  #18996);
#21049 = PRESENTATION_STYLE_ASSIGNMENT((#21050));
#21050 = SURFACE_STYLE_USAGE(.BOTH.,#21051);
#21051 = SURFACE_SIDE_STYLE('',(#21052));
#21052 = SURFACE_STYLE_FILL_AREA(#21053);
#21053 = FILL_AREA_STYLE('',(#21054));
#21054 = FILL_AREA_STYLE_COLOUR('',#19109);
#21055 = OVER_RIDING_STYLED_ITEM('overriding color',(#21056),#12412,
  #18996);
#21056 = PRESENTATION_STYLE_ASSIGNMENT((#21057));
#21057 = SURFACE_STYLE_USAGE(.BOTH.,#21058);
#21058 = SURFACE_SIDE_STYLE('',(#21059));
#21059 = SURFACE_STYLE_FILL_AREA(#21060);
#21060 = FILL_AREA_STYLE('',(#21061));
#21061 = FILL_AREA_STYLE_COLOUR('',#19109);
#21062 = OVER_RIDING_STYLED_ITEM('overriding color',(#21063),#12437,
  #18996);
#21063 = PRESENTATION_STYLE_ASSIGNMENT((#21064));
#21064 = SURFACE_STYLE_USAGE(.BOTH.,#21065);
#21065 = SURFACE_SIDE_STYLE('',(#21066));
#21066 = SURFACE_STYLE_FILL_AREA(#21067);
#21067 = FILL_AREA_STYLE('',(#21068));
#21068 = FILL_AREA_STYLE_COLOUR('',#19109);
#21069 = OVER_RIDING_STYLED_ITEM('overriding color',(#21070),#12461,
  #18996);
#21070 = PRESENTATION_STYLE_ASSIGNMENT((#21071));
#21071 = SURFACE_STYLE_USAGE(.BOTH.,#21072);
#21072 = SURFACE_SIDE_STYLE('',(#21073));
#21073 = SURFACE_STYLE_FILL_AREA(#21074);
#21074 = FILL_AREA_STYLE('',(#21075));
#21075 = FILL_AREA_STYLE_COLOUR('',#19109);
#21076 = OVER_RIDING_STYLED_ITEM('overriding color',(#21077),#12486,
  #18996);
#21077 = PRESENTATION_STYLE_ASSIGNMENT((#21078));
#21078 = SURFACE_STYLE_USAGE(.BOTH.,#21079);
#21079 = SURFACE_SIDE_STYLE('',(#21080));
#21080 = SURFACE_STYLE_FILL_AREA(#21081);
#21081 = FILL_AREA_STYLE('',(#21082));
#21082 = FILL_AREA_STYLE_COLOUR('',#19109);
#21083 = OVER_RIDING_STYLED_ITEM('overriding color',(#21084),#12503,
  #18996);
#21084 = PRESENTATION_STYLE_ASSIGNMENT((#21085));
#21085 = SURFACE_STYLE_USAGE(.BOTH.,#21086);
#21086 = SURFACE_SIDE_STYLE('',(#21087));
#21087 = SURFACE_STYLE_FILL_AREA(#21088);
#21088 = FILL_AREA_STYLE('',(#21089));
#21089 = FILL_AREA_STYLE_COLOUR('',#19109);
#21090 = OVER_RIDING_STYLED_ITEM('overriding color',(#21091),#12528,
  #18996);
#21091 = PRESENTATION_STYLE_ASSIGNMENT((#21092));
#21092 = SURFACE_STYLE_USAGE(.BOTH.,#21093);
#21093 = SURFACE_SIDE_STYLE('',(#21094));
#21094 = SURFACE_STYLE_FILL_AREA(#21095);
#21095 = FILL_AREA_STYLE('',(#21096));
#21096 = FILL_AREA_STYLE_COLOUR('',#19109);
#21097 = OVER_RIDING_STYLED_ITEM('overriding color',(#21098),#12552,
  #18996);
#21098 = PRESENTATION_STYLE_ASSIGNMENT((#21099));
#21099 = SURFACE_STYLE_USAGE(.BOTH.,#21100);
#21100 = SURFACE_SIDE_STYLE('',(#21101));
#21101 = SURFACE_STYLE_FILL_AREA(#21102);
#21102 = FILL_AREA_STYLE('',(#21103));
#21103 = FILL_AREA_STYLE_COLOUR('',#19109);
#21104 = OVER_RIDING_STYLED_ITEM('overriding color',(#21105),#12577,
  #18996);
#21105 = PRESENTATION_STYLE_ASSIGNMENT((#21106));
#21106 = SURFACE_STYLE_USAGE(.BOTH.,#21107);
#21107 = SURFACE_SIDE_STYLE('',(#21108));
#21108 = SURFACE_STYLE_FILL_AREA(#21109);
#21109 = FILL_AREA_STYLE('',(#21110));
#21110 = FILL_AREA_STYLE_COLOUR('',#19109);
#21111 = OVER_RIDING_STYLED_ITEM('overriding color',(#21112),#12594,
  #18996);
#21112 = PRESENTATION_STYLE_ASSIGNMENT((#21113));
#21113 = SURFACE_STYLE_USAGE(.BOTH.,#21114);
#21114 = SURFACE_SIDE_STYLE('',(#21115));
#21115 = SURFACE_STYLE_FILL_AREA(#21116);
#21116 = FILL_AREA_STYLE('',(#21117));
#21117 = FILL_AREA_STYLE_COLOUR('',#19109);
#21118 = OVER_RIDING_STYLED_ITEM('overriding color',(#21119),#12619,
  #18996);
#21119 = PRESENTATION_STYLE_ASSIGNMENT((#21120));
#21120 = SURFACE_STYLE_USAGE(.BOTH.,#21121);
#21121 = SURFACE_SIDE_STYLE('',(#21122));
#21122 = SURFACE_STYLE_FILL_AREA(#21123);
#21123 = FILL_AREA_STYLE('',(#21124));
#21124 = FILL_AREA_STYLE_COLOUR('',#19109);
#21125 = OVER_RIDING_STYLED_ITEM('overriding color',(#21126),#12643,
  #18996);
#21126 = PRESENTATION_STYLE_ASSIGNMENT((#21127));
#21127 = SURFACE_STYLE_USAGE(.BOTH.,#21128);
#21128 = SURFACE_SIDE_STYLE('',(#21129));
#21129 = SURFACE_STYLE_FILL_AREA(#21130);
#21130 = FILL_AREA_STYLE('',(#21131));
#21131 = FILL_AREA_STYLE_COLOUR('',#19109);
#21132 = OVER_RIDING_STYLED_ITEM('overriding color',(#21133),#12668,
  #18996);
#21133 = PRESENTATION_STYLE_ASSIGNMENT((#21134));
#21134 = SURFACE_STYLE_USAGE(.BOTH.,#21135);
#21135 = SURFACE_SIDE_STYLE('',(#21136));
#21136 = SURFACE_STYLE_FILL_AREA(#21137);
#21137 = FILL_AREA_STYLE('',(#21138));
#21138 = FILL_AREA_STYLE_COLOUR('',#19109);
#21139 = OVER_RIDING_STYLED_ITEM('overriding color',(#21140),#12685,
  #18996);
#21140 = PRESENTATION_STYLE_ASSIGNMENT((#21141));
#21141 = SURFACE_STYLE_USAGE(.BOTH.,#21142);
#21142 = SURFACE_SIDE_STYLE('',(#21143));
#21143 = SURFACE_STYLE_FILL_AREA(#21144);
#21144 = FILL_AREA_STYLE('',(#21145));
#21145 = FILL_AREA_STYLE_COLOUR('',#19109);
#21146 = OVER_RIDING_STYLED_ITEM('overriding color',(#21147),#12710,
  #18996);
#21147 = PRESENTATION_STYLE_ASSIGNMENT((#21148));
#21148 = SURFACE_STYLE_USAGE(.BOTH.,#21149);
#21149 = SURFACE_SIDE_STYLE('',(#21150));
#21150 = SURFACE_STYLE_FILL_AREA(#21151);
#21151 = FILL_AREA_STYLE('',(#21152));
#21152 = FILL_AREA_STYLE_COLOUR('',#19109);
#21153 = OVER_RIDING_STYLED_ITEM('overriding color',(#21154),#12734,
  #18996);
#21154 = PRESENTATION_STYLE_ASSIGNMENT((#21155));
#21155 = SURFACE_STYLE_USAGE(.BOTH.,#21156);
#21156 = SURFACE_SIDE_STYLE('',(#21157));
#21157 = SURFACE_STYLE_FILL_AREA(#21158);
#21158 = FILL_AREA_STYLE('',(#21159));
#21159 = FILL_AREA_STYLE_COLOUR('',#19109);
#21160 = OVER_RIDING_STYLED_ITEM('overriding color',(#21161),#12759,
  #18996);
#21161 = PRESENTATION_STYLE_ASSIGNMENT((#21162));
#21162 = SURFACE_STYLE_USAGE(.BOTH.,#21163);
#21163 = SURFACE_SIDE_STYLE('',(#21164));
#21164 = SURFACE_STYLE_FILL_AREA(#21165);
#21165 = FILL_AREA_STYLE('',(#21166));
#21166 = FILL_AREA_STYLE_COLOUR('',#19109);
#21167 = OVER_RIDING_STYLED_ITEM('overriding color',(#21168),#12776,
  #18996);
#21168 = PRESENTATION_STYLE_ASSIGNMENT((#21169));
#21169 = SURFACE_STYLE_USAGE(.BOTH.,#21170);
#21170 = SURFACE_SIDE_STYLE('',(#21171));
#21171 = SURFACE_STYLE_FILL_AREA(#21172);
#21172 = FILL_AREA_STYLE('',(#21173));
#21173 = FILL_AREA_STYLE_COLOUR('',#19109);
#21174 = OVER_RIDING_STYLED_ITEM('overriding color',(#21175),#12801,
  #18996);
#21175 = PRESENTATION_STYLE_ASSIGNMENT((#21176));
#21176 = SURFACE_STYLE_USAGE(.BOTH.,#21177);
#21177 = SURFACE_SIDE_STYLE('',(#21178));
#21178 = SURFACE_STYLE_FILL_AREA(#21179);
#21179 = FILL_AREA_STYLE('',(#21180));
#21180 = FILL_AREA_STYLE_COLOUR('',#19109);
#21181 = OVER_RIDING_STYLED_ITEM('overriding color',(#21182),#12825,
  #18996);
#21182 = PRESENTATION_STYLE_ASSIGNMENT((#21183));
#21183 = SURFACE_STYLE_USAGE(.BOTH.,#21184);
#21184 = SURFACE_SIDE_STYLE('',(#21185));
#21185 = SURFACE_STYLE_FILL_AREA(#21186);
#21186 = FILL_AREA_STYLE('',(#21187));
#21187 = FILL_AREA_STYLE_COLOUR('',#19109);
#21188 = OVER_RIDING_STYLED_ITEM('overriding color',(#21189),#12850,
  #18996);
#21189 = PRESENTATION_STYLE_ASSIGNMENT((#21190));
#21190 = SURFACE_STYLE_USAGE(.BOTH.,#21191);
#21191 = SURFACE_SIDE_STYLE('',(#21192));
#21192 = SURFACE_STYLE_FILL_AREA(#21193);
#21193 = FILL_AREA_STYLE('',(#21194));
#21194 = FILL_AREA_STYLE_COLOUR('',#19109);
#21195 = OVER_RIDING_STYLED_ITEM('overriding color',(#21196),#12867,
  #18996);
#21196 = PRESENTATION_STYLE_ASSIGNMENT((#21197));
#21197 = SURFACE_STYLE_USAGE(.BOTH.,#21198);
#21198 = SURFACE_SIDE_STYLE('',(#21199));
#21199 = SURFACE_STYLE_FILL_AREA(#21200);
#21200 = FILL_AREA_STYLE('',(#21201));
#21201 = FILL_AREA_STYLE_COLOUR('',#19109);
#21202 = OVER_RIDING_STYLED_ITEM('overriding color',(#21203),#12892,
  #18996);
#21203 = PRESENTATION_STYLE_ASSIGNMENT((#21204));
#21204 = SURFACE_STYLE_USAGE(.BOTH.,#21205);
#21205 = SURFACE_SIDE_STYLE('',(#21206));
#21206 = SURFACE_STYLE_FILL_AREA(#21207);
#21207 = FILL_AREA_STYLE('',(#21208));
#21208 = FILL_AREA_STYLE_COLOUR('',#19109);
#21209 = OVER_RIDING_STYLED_ITEM('overriding color',(#21210),#12916,
  #18996);
#21210 = PRESENTATION_STYLE_ASSIGNMENT((#21211));
#21211 = SURFACE_STYLE_USAGE(.BOTH.,#21212);
#21212 = SURFACE_SIDE_STYLE('',(#21213));
#21213 = SURFACE_STYLE_FILL_AREA(#21214);
#21214 = FILL_AREA_STYLE('',(#21215));
#21215 = FILL_AREA_STYLE_COLOUR('',#19109);
#21216 = OVER_RIDING_STYLED_ITEM('overriding color',(#21217),#12941,
  #18996);
#21217 = PRESENTATION_STYLE_ASSIGNMENT((#21218));
#21218 = SURFACE_STYLE_USAGE(.BOTH.,#21219);
#21219 = SURFACE_SIDE_STYLE('',(#21220));
#21220 = SURFACE_STYLE_FILL_AREA(#21221);
#21221 = FILL_AREA_STYLE('',(#21222));
#21222 = FILL_AREA_STYLE_COLOUR('',#19109);
#21223 = OVER_RIDING_STYLED_ITEM('overriding color',(#21224),#12958,
  #18996);
#21224 = PRESENTATION_STYLE_ASSIGNMENT((#21225));
#21225 = SURFACE_STYLE_USAGE(.BOTH.,#21226);
#21226 = SURFACE_SIDE_STYLE('',(#21227));
#21227 = SURFACE_STYLE_FILL_AREA(#21228);
#21228 = FILL_AREA_STYLE('',(#21229));
#21229 = FILL_AREA_STYLE_COLOUR('',#19109);
#21230 = OVER_RIDING_STYLED_ITEM('overriding color',(#21231),#12983,
  #18996);
#21231 = PRESENTATION_STYLE_ASSIGNMENT((#21232));
#21232 = SURFACE_STYLE_USAGE(.BOTH.,#21233);
#21233 = SURFACE_SIDE_STYLE('',(#21234));
#21234 = SURFACE_STYLE_FILL_AREA(#21235);
#21235 = FILL_AREA_STYLE('',(#21236));
#21236 = FILL_AREA_STYLE_COLOUR('',#19109);
#21237 = OVER_RIDING_STYLED_ITEM('overriding color',(#21238),#13007,
  #18996);
#21238 = PRESENTATION_STYLE_ASSIGNMENT((#21239));
#21239 = SURFACE_STYLE_USAGE(.BOTH.,#21240);
#21240 = SURFACE_SIDE_STYLE('',(#21241));
#21241 = SURFACE_STYLE_FILL_AREA(#21242);
#21242 = FILL_AREA_STYLE('',(#21243));
#21243 = FILL_AREA_STYLE_COLOUR('',#19109);
#21244 = OVER_RIDING_STYLED_ITEM('overriding color',(#21245),#13032,
  #18996);
#21245 = PRESENTATION_STYLE_ASSIGNMENT((#21246));
#21246 = SURFACE_STYLE_USAGE(.BOTH.,#21247);
#21247 = SURFACE_SIDE_STYLE('',(#21248));
#21248 = SURFACE_STYLE_FILL_AREA(#21249);
#21249 = FILL_AREA_STYLE('',(#21250));
#21250 = FILL_AREA_STYLE_COLOUR('',#19109);
#21251 = OVER_RIDING_STYLED_ITEM('overriding color',(#21252),#13049,
  #18996);
#21252 = PRESENTATION_STYLE_ASSIGNMENT((#21253));
#21253 = SURFACE_STYLE_USAGE(.BOTH.,#21254);
#21254 = SURFACE_SIDE_STYLE('',(#21255));
#21255 = SURFACE_STYLE_FILL_AREA(#21256);
#21256 = FILL_AREA_STYLE('',(#21257));
#21257 = FILL_AREA_STYLE_COLOUR('',#19109);
#21258 = OVER_RIDING_STYLED_ITEM('overriding color',(#21259),#13074,
  #18996);
#21259 = PRESENTATION_STYLE_ASSIGNMENT((#21260));
#21260 = SURFACE_STYLE_USAGE(.BOTH.,#21261);
#21261 = SURFACE_SIDE_STYLE('',(#21262));
#21262 = SURFACE_STYLE_FILL_AREA(#21263);
#21263 = FILL_AREA_STYLE('',(#21264));
#21264 = FILL_AREA_STYLE_COLOUR('',#19109);
#21265 = OVER_RIDING_STYLED_ITEM('overriding color',(#21266),#13098,
  #18996);
#21266 = PRESENTATION_STYLE_ASSIGNMENT((#21267));
#21267 = SURFACE_STYLE_USAGE(.BOTH.,#21268);
#21268 = SURFACE_SIDE_STYLE('',(#21269));
#21269 = SURFACE_STYLE_FILL_AREA(#21270);
#21270 = FILL_AREA_STYLE('',(#21271));
#21271 = FILL_AREA_STYLE_COLOUR('',#19109);
#21272 = OVER_RIDING_STYLED_ITEM('overriding color',(#21273),#13123,
  #18996);
#21273 = PRESENTATION_STYLE_ASSIGNMENT((#21274));
#21274 = SURFACE_STYLE_USAGE(.BOTH.,#21275);
#21275 = SURFACE_SIDE_STYLE('',(#21276));
#21276 = SURFACE_STYLE_FILL_AREA(#21277);
#21277 = FILL_AREA_STYLE('',(#21278));
#21278 = FILL_AREA_STYLE_COLOUR('',#19109);
#21279 = OVER_RIDING_STYLED_ITEM('overriding color',(#21280),#13140,
  #18996);
#21280 = PRESENTATION_STYLE_ASSIGNMENT((#21281));
#21281 = SURFACE_STYLE_USAGE(.BOTH.,#21282);
#21282 = SURFACE_SIDE_STYLE('',(#21283));
#21283 = SURFACE_STYLE_FILL_AREA(#21284);
#21284 = FILL_AREA_STYLE('',(#21285));
#21285 = FILL_AREA_STYLE_COLOUR('',#19109);
#21286 = OVER_RIDING_STYLED_ITEM('overriding color',(#21287),#13165,
  #18996);
#21287 = PRESENTATION_STYLE_ASSIGNMENT((#21288));
#21288 = SURFACE_STYLE_USAGE(.BOTH.,#21289);
#21289 = SURFACE_SIDE_STYLE('',(#21290));
#21290 = SURFACE_STYLE_FILL_AREA(#21291);
#21291 = FILL_AREA_STYLE('',(#21292));
#21292 = FILL_AREA_STYLE_COLOUR('',#19109);
#21293 = OVER_RIDING_STYLED_ITEM('overriding color',(#21294),#13189,
  #18996);
#21294 = PRESENTATION_STYLE_ASSIGNMENT((#21295));
#21295 = SURFACE_STYLE_USAGE(.BOTH.,#21296);
#21296 = SURFACE_SIDE_STYLE('',(#21297));
#21297 = SURFACE_STYLE_FILL_AREA(#21298);
#21298 = FILL_AREA_STYLE('',(#21299));
#21299 = FILL_AREA_STYLE_COLOUR('',#19109);
#21300 = OVER_RIDING_STYLED_ITEM('overriding color',(#21301),#13214,
  #18996);
#21301 = PRESENTATION_STYLE_ASSIGNMENT((#21302));
#21302 = SURFACE_STYLE_USAGE(.BOTH.,#21303);
#21303 = SURFACE_SIDE_STYLE('',(#21304));
#21304 = SURFACE_STYLE_FILL_AREA(#21305);
#21305 = FILL_AREA_STYLE('',(#21306));
#21306 = FILL_AREA_STYLE_COLOUR('',#19109);
#21307 = OVER_RIDING_STYLED_ITEM('overriding color',(#21308),#13231,
  #18996);
#21308 = PRESENTATION_STYLE_ASSIGNMENT((#21309));
#21309 = SURFACE_STYLE_USAGE(.BOTH.,#21310);
#21310 = SURFACE_SIDE_STYLE('',(#21311));
#21311 = SURFACE_STYLE_FILL_AREA(#21312);
#21312 = FILL_AREA_STYLE('',(#21313));
#21313 = FILL_AREA_STYLE_COLOUR('',#19109);
#21314 = OVER_RIDING_STYLED_ITEM('overriding color',(#21315),#13256,
  #18996);
#21315 = PRESENTATION_STYLE_ASSIGNMENT((#21316));
#21316 = SURFACE_STYLE_USAGE(.BOTH.,#21317);
#21317 = SURFACE_SIDE_STYLE('',(#21318));
#21318 = SURFACE_STYLE_FILL_AREA(#21319);
#21319 = FILL_AREA_STYLE('',(#21320));
#21320 = FILL_AREA_STYLE_COLOUR('',#19109);
#21321 = OVER_RIDING_STYLED_ITEM('overriding color',(#21322),#13280,
  #18996);
#21322 = PRESENTATION_STYLE_ASSIGNMENT((#21323));
#21323 = SURFACE_STYLE_USAGE(.BOTH.,#21324);
#21324 = SURFACE_SIDE_STYLE('',(#21325));
#21325 = SURFACE_STYLE_FILL_AREA(#21326);
#21326 = FILL_AREA_STYLE('',(#21327));
#21327 = FILL_AREA_STYLE_COLOUR('',#19109);
#21328 = OVER_RIDING_STYLED_ITEM('overriding color',(#21329),#13305,
  #18996);
#21329 = PRESENTATION_STYLE_ASSIGNMENT((#21330));
#21330 = SURFACE_STYLE_USAGE(.BOTH.,#21331);
#21331 = SURFACE_SIDE_STYLE('',(#21332));
#21332 = SURFACE_STYLE_FILL_AREA(#21333);
#21333 = FILL_AREA_STYLE('',(#21334));
#21334 = FILL_AREA_STYLE_COLOUR('',#19109);
#21335 = OVER_RIDING_STYLED_ITEM('overriding color',(#21336),#13322,
  #18996);
#21336 = PRESENTATION_STYLE_ASSIGNMENT((#21337));
#21337 = SURFACE_STYLE_USAGE(.BOTH.,#21338);
#21338 = SURFACE_SIDE_STYLE('',(#21339));
#21339 = SURFACE_STYLE_FILL_AREA(#21340);
#21340 = FILL_AREA_STYLE('',(#21341));
#21341 = FILL_AREA_STYLE_COLOUR('',#19109);
#21342 = OVER_RIDING_STYLED_ITEM('overriding color',(#21343),#13347,
  #18996);
#21343 = PRESENTATION_STYLE_ASSIGNMENT((#21344));
#21344 = SURFACE_STYLE_USAGE(.BOTH.,#21345);
#21345 = SURFACE_SIDE_STYLE('',(#21346));
#21346 = SURFACE_STYLE_FILL_AREA(#21347);
#21347 = FILL_AREA_STYLE('',(#21348));
#21348 = FILL_AREA_STYLE_COLOUR('',#19109);
#21349 = OVER_RIDING_STYLED_ITEM('overriding color',(#21350),#13371,
  #18996);
#21350 = PRESENTATION_STYLE_ASSIGNMENT((#21351));
#21351 = SURFACE_STYLE_USAGE(.BOTH.,#21352);
#21352 = SURFACE_SIDE_STYLE('',(#21353));
#21353 = SURFACE_STYLE_FILL_AREA(#21354);
#21354 = FILL_AREA_STYLE('',(#21355));
#21355 = FILL_AREA_STYLE_COLOUR('',#19109);
#21356 = OVER_RIDING_STYLED_ITEM('overriding color',(#21357),#13396,
  #18996);
#21357 = PRESENTATION_STYLE_ASSIGNMENT((#21358));
#21358 = SURFACE_STYLE_USAGE(.BOTH.,#21359);
#21359 = SURFACE_SIDE_STYLE('',(#21360));
#21360 = SURFACE_STYLE_FILL_AREA(#21361);
#21361 = FILL_AREA_STYLE('',(#21362));
#21362 = FILL_AREA_STYLE_COLOUR('',#19109);
#21363 = OVER_RIDING_STYLED_ITEM('overriding color',(#21364),#13413,
  #18996);
#21364 = PRESENTATION_STYLE_ASSIGNMENT((#21365));
#21365 = SURFACE_STYLE_USAGE(.BOTH.,#21366);
#21366 = SURFACE_SIDE_STYLE('',(#21367));
#21367 = SURFACE_STYLE_FILL_AREA(#21368);
#21368 = FILL_AREA_STYLE('',(#21369));
#21369 = FILL_AREA_STYLE_COLOUR('',#19109);
#21370 = OVER_RIDING_STYLED_ITEM('overriding color',(#21371),#13438,
  #18996);
#21371 = PRESENTATION_STYLE_ASSIGNMENT((#21372));
#21372 = SURFACE_STYLE_USAGE(.BOTH.,#21373);
#21373 = SURFACE_SIDE_STYLE('',(#21374));
#21374 = SURFACE_STYLE_FILL_AREA(#21375);
#21375 = FILL_AREA_STYLE('',(#21376));
#21376 = FILL_AREA_STYLE_COLOUR('',#19109);
#21377 = OVER_RIDING_STYLED_ITEM('overriding color',(#21378),#13462,
  #18996);
#21378 = PRESENTATION_STYLE_ASSIGNMENT((#21379));
#21379 = SURFACE_STYLE_USAGE(.BOTH.,#21380);
#21380 = SURFACE_SIDE_STYLE('',(#21381));
#21381 = SURFACE_STYLE_FILL_AREA(#21382);
#21382 = FILL_AREA_STYLE('',(#21383));
#21383 = FILL_AREA_STYLE_COLOUR('',#19109);
#21384 = OVER_RIDING_STYLED_ITEM('overriding color',(#21385),#13487,
  #18996);
#21385 = PRESENTATION_STYLE_ASSIGNMENT((#21386));
#21386 = SURFACE_STYLE_USAGE(.BOTH.,#21387);
#21387 = SURFACE_SIDE_STYLE('',(#21388));
#21388 = SURFACE_STYLE_FILL_AREA(#21389);
#21389 = FILL_AREA_STYLE('',(#21390));
#21390 = FILL_AREA_STYLE_COLOUR('',#19109);
#21391 = OVER_RIDING_STYLED_ITEM('overriding color',(#21392),#13504,
  #18996);
#21392 = PRESENTATION_STYLE_ASSIGNMENT((#21393));
#21393 = SURFACE_STYLE_USAGE(.BOTH.,#21394);
#21394 = SURFACE_SIDE_STYLE('',(#21395));
#21395 = SURFACE_STYLE_FILL_AREA(#21396);
#21396 = FILL_AREA_STYLE('',(#21397));
#21397 = FILL_AREA_STYLE_COLOUR('',#19109);
#21398 = OVER_RIDING_STYLED_ITEM('overriding color',(#21399),#13529,
  #18996);
#21399 = PRESENTATION_STYLE_ASSIGNMENT((#21400));
#21400 = SURFACE_STYLE_USAGE(.BOTH.,#21401);
#21401 = SURFACE_SIDE_STYLE('',(#21402));
#21402 = SURFACE_STYLE_FILL_AREA(#21403);
#21403 = FILL_AREA_STYLE('',(#21404));
#21404 = FILL_AREA_STYLE_COLOUR('',#19109);
#21405 = OVER_RIDING_STYLED_ITEM('overriding color',(#21406),#13553,
  #18996);
#21406 = PRESENTATION_STYLE_ASSIGNMENT((#21407));
#21407 = SURFACE_STYLE_USAGE(.BOTH.,#21408);
#21408 = SURFACE_SIDE_STYLE('',(#21409));
#21409 = SURFACE_STYLE_FILL_AREA(#21410);
#21410 = FILL_AREA_STYLE('',(#21411));
#21411 = FILL_AREA_STYLE_COLOUR('',#19109);
#21412 = OVER_RIDING_STYLED_ITEM('overriding color',(#21413),#13578,
  #18996);
#21413 = PRESENTATION_STYLE_ASSIGNMENT((#21414));
#21414 = SURFACE_STYLE_USAGE(.BOTH.,#21415);
#21415 = SURFACE_SIDE_STYLE('',(#21416));
#21416 = SURFACE_STYLE_FILL_AREA(#21417);
#21417 = FILL_AREA_STYLE('',(#21418));
#21418 = FILL_AREA_STYLE_COLOUR('',#19109);
#21419 = OVER_RIDING_STYLED_ITEM('overriding color',(#21420),#13595,
  #18996);
#21420 = PRESENTATION_STYLE_ASSIGNMENT((#21421));
#21421 = SURFACE_STYLE_USAGE(.BOTH.,#21422);
#21422 = SURFACE_SIDE_STYLE('',(#21423));
#21423 = SURFACE_STYLE_FILL_AREA(#21424);
#21424 = FILL_AREA_STYLE('',(#21425));
#21425 = FILL_AREA_STYLE_COLOUR('',#19109);
#21426 = OVER_RIDING_STYLED_ITEM('overriding color',(#21427),#13620,
  #18996);
#21427 = PRESENTATION_STYLE_ASSIGNMENT((#21428));
#21428 = SURFACE_STYLE_USAGE(.BOTH.,#21429);
#21429 = SURFACE_SIDE_STYLE('',(#21430));
#21430 = SURFACE_STYLE_FILL_AREA(#21431);
#21431 = FILL_AREA_STYLE('',(#21432));
#21432 = FILL_AREA_STYLE_COLOUR('',#19101);
#21433 = OVER_RIDING_STYLED_ITEM('overriding color',(#21434),#13645,
  #18996);
#21434 = PRESENTATION_STYLE_ASSIGNMENT((#21435));
#21435 = SURFACE_STYLE_USAGE(.BOTH.,#21436);
#21436 = SURFACE_SIDE_STYLE('',(#21437));
#21437 = SURFACE_STYLE_FILL_AREA(#21438);
#21438 = FILL_AREA_STYLE('',(#21439));
#21439 = FILL_AREA_STYLE_COLOUR('',#19790);
#21440 = OVER_RIDING_STYLED_ITEM('overriding color',(#21441),#13657,
  #18996);
#21441 = PRESENTATION_STYLE_ASSIGNMENT((#21442));
#21442 = SURFACE_STYLE_USAGE(.BOTH.,#21443);
#21443 = SURFACE_SIDE_STYLE('',(#21444));
#21444 = SURFACE_STYLE_FILL_AREA(#21445);
#21445 = FILL_AREA_STYLE('',(#21446));
#21446 = FILL_AREA_STYLE_COLOUR('',#19819);
#21447 = OVER_RIDING_STYLED_ITEM('overriding color',(#21448),#13669,
  #18996);
#21448 = PRESENTATION_STYLE_ASSIGNMENT((#21449));
#21449 = SURFACE_STYLE_USAGE(.BOTH.,#21450);
#21450 = SURFACE_SIDE_STYLE('',(#21451));
#21451 = SURFACE_STYLE_FILL_AREA(#21452);
#21452 = FILL_AREA_STYLE('',(#21453));
#21453 = FILL_AREA_STYLE_COLOUR('',#19101);
#21454 = OVER_RIDING_STYLED_ITEM('overriding color',(#21455),#13694,
  #18996);
#21455 = PRESENTATION_STYLE_ASSIGNMENT((#21456));
#21456 = SURFACE_STYLE_USAGE(.BOTH.,#21457);
#21457 = SURFACE_SIDE_STYLE('',(#21458));
#21458 = SURFACE_STYLE_FILL_AREA(#21459);
#21459 = FILL_AREA_STYLE('',(#21460));
#21460 = FILL_AREA_STYLE_COLOUR('',#19819);
#21461 = OVER_RIDING_STYLED_ITEM('overriding color',(#21462),#13706,
  #18996);
#21462 = PRESENTATION_STYLE_ASSIGNMENT((#21463));
#21463 = SURFACE_STYLE_USAGE(.BOTH.,#21464);
#21464 = SURFACE_SIDE_STYLE('',(#21465));
#21465 = SURFACE_STYLE_FILL_AREA(#21466);
#21466 = FILL_AREA_STYLE('',(#21467));
#21467 = FILL_AREA_STYLE_COLOUR('',#19101);
#21468 = OVER_RIDING_STYLED_ITEM('overriding color',(#21469),#13731,
  #18996);
#21469 = PRESENTATION_STYLE_ASSIGNMENT((#21470));
#21470 = SURFACE_STYLE_USAGE(.BOTH.,#21471);
#21471 = SURFACE_SIDE_STYLE('',(#21472));
#21472 = SURFACE_STYLE_FILL_AREA(#21473);
#21473 = FILL_AREA_STYLE('',(#21474));
#21474 = FILL_AREA_STYLE_COLOUR('',#19890);
#21475 = OVER_RIDING_STYLED_ITEM('overriding color',(#21476),#13779,
  #18996);
#21476 = PRESENTATION_STYLE_ASSIGNMENT((#21477));
#21477 = SURFACE_STYLE_USAGE(.BOTH.,#21478);
#21478 = SURFACE_SIDE_STYLE('',(#21479));
#21479 = SURFACE_STYLE_FILL_AREA(#21480);
#21480 = FILL_AREA_STYLE('',(#21481));
#21481 = FILL_AREA_STYLE_COLOUR('',#19919);
#21482 = OVER_RIDING_STYLED_ITEM('overriding color',(#21483),#13791,
  #18996);
#21483 = PRESENTATION_STYLE_ASSIGNMENT((#21484));
#21484 = SURFACE_STYLE_USAGE(.BOTH.,#21485);
#21485 = SURFACE_SIDE_STYLE('',(#21486));
#21486 = SURFACE_STYLE_FILL_AREA(#21487);
#21487 = FILL_AREA_STYLE('',(#21488));
#21488 = FILL_AREA_STYLE_COLOUR('',#19948);
#21489 = OVER_RIDING_STYLED_ITEM('overriding color',(#21490),#13803,
  #18996);
#21490 = PRESENTATION_STYLE_ASSIGNMENT((#21491));
#21491 = SURFACE_STYLE_USAGE(.BOTH.,#21492);
#21492 = SURFACE_SIDE_STYLE('',(#21493));
#21493 = SURFACE_STYLE_FILL_AREA(#21494);
#21494 = FILL_AREA_STYLE('',(#21495));
#21495 = FILL_AREA_STYLE_COLOUR('',#19819);
#21496 = OVER_RIDING_STYLED_ITEM('overriding color',(#21497),#13815,
  #18996);
#21497 = PRESENTATION_STYLE_ASSIGNMENT((#21498));
#21498 = SURFACE_STYLE_USAGE(.BOTH.,#21499);
#21499 = SURFACE_SIDE_STYLE('',(#21500));
#21500 = SURFACE_STYLE_FILL_AREA(#21501);
#21501 = FILL_AREA_STYLE('',(#21502));
#21502 = FILL_AREA_STYLE_COLOUR('',#19919);
#21503 = OVER_RIDING_STYLED_ITEM('overriding color',(#21504),#13827,
  #18996);
#21504 = PRESENTATION_STYLE_ASSIGNMENT((#21505));
#21505 = SURFACE_STYLE_USAGE(.BOTH.,#21506);
#21506 = SURFACE_SIDE_STYLE('',(#21507));
#21507 = SURFACE_STYLE_FILL_AREA(#21508);
#21508 = FILL_AREA_STYLE('',(#21509));
#21509 = FILL_AREA_STYLE_COLOUR('',#19819);
#21510 = OVER_RIDING_STYLED_ITEM('overriding color',(#21511),#13839,
  #18996);
#21511 = PRESENTATION_STYLE_ASSIGNMENT((#21512));
#21512 = SURFACE_STYLE_USAGE(.BOTH.,#21513);
#21513 = SURFACE_SIDE_STYLE('',(#21514));
#21514 = SURFACE_STYLE_FILL_AREA(#21515);
#21515 = FILL_AREA_STYLE('',(#21516));
#21516 = FILL_AREA_STYLE_COLOUR('',#19948);
#21517 = OVER_RIDING_STYLED_ITEM('overriding color',(#21518),#13851,
  #18996);
#21518 = PRESENTATION_STYLE_ASSIGNMENT((#21519));
#21519 = SURFACE_STYLE_USAGE(.BOTH.,#21520);
#21520 = SURFACE_SIDE_STYLE('',(#21521));
#21521 = SURFACE_STYLE_FILL_AREA(#21522);
#21522 = FILL_AREA_STYLE('',(#21523));
#21523 = FILL_AREA_STYLE_COLOUR('',#19404);
#21524 = OVER_RIDING_STYLED_ITEM('overriding color',(#21525),#13863,
  #18996);
#21525 = PRESENTATION_STYLE_ASSIGNMENT((#21526));
#21526 = SURFACE_STYLE_USAGE(.BOTH.,#21527);
#21527 = SURFACE_SIDE_STYLE('',(#21528));
#21528 = SURFACE_STYLE_FILL_AREA(#21529);
#21529 = FILL_AREA_STYLE('',(#21530));
#21530 = FILL_AREA_STYLE_COLOUR('',#19404);
#21531 = OVER_RIDING_STYLED_ITEM('overriding color',(#21532),#13875,
  #18996);
#21532 = PRESENTATION_STYLE_ASSIGNMENT((#21533));
#21533 = SURFACE_STYLE_USAGE(.BOTH.,#21534);
#21534 = SURFACE_SIDE_STYLE('',(#21535));
#21535 = SURFACE_STYLE_FILL_AREA(#21536);
#21536 = FILL_AREA_STYLE('',(#21537));
#21537 = FILL_AREA_STYLE_COLOUR('',#19101);
#21538 = OVER_RIDING_STYLED_ITEM('overriding color',(#21539),#13900,
  #18996);
#21539 = PRESENTATION_STYLE_ASSIGNMENT((#21540));
#21540 = SURFACE_STYLE_USAGE(.BOTH.,#21541);
#21541 = SURFACE_SIDE_STYLE('',(#21542));
#21542 = SURFACE_STYLE_FILL_AREA(#21543);
#21543 = FILL_AREA_STYLE('',(#21544));
#21544 = FILL_AREA_STYLE_COLOUR('',#19109);
#21545 = OVER_RIDING_STYLED_ITEM('overriding color',(#21546),#13917,
  #18996);
#21546 = PRESENTATION_STYLE_ASSIGNMENT((#21547));
#21547 = SURFACE_STYLE_USAGE(.BOTH.,#21548);
#21548 = SURFACE_SIDE_STYLE('',(#21549));
#21549 = SURFACE_STYLE_FILL_AREA(#21550);
#21550 = FILL_AREA_STYLE('',(#21551));
#21551 = FILL_AREA_STYLE_COLOUR('',#19109);
#21552 = OVER_RIDING_STYLED_ITEM('overriding color',(#21553),#13934,
  #18996);
#21553 = PRESENTATION_STYLE_ASSIGNMENT((#21554));
#21554 = SURFACE_STYLE_USAGE(.BOTH.,#21555);
#21555 = SURFACE_SIDE_STYLE('',(#21556));
#21556 = SURFACE_STYLE_FILL_AREA(#21557);
#21557 = FILL_AREA_STYLE('',(#21558));
#21558 = FILL_AREA_STYLE_COLOUR('',#19109);
#21559 = OVER_RIDING_STYLED_ITEM('overriding color',(#21560),#13953,
  #18996);
#21560 = PRESENTATION_STYLE_ASSIGNMENT((#21561));
#21561 = SURFACE_STYLE_USAGE(.BOTH.,#21562);
#21562 = SURFACE_SIDE_STYLE('',(#21563));
#21563 = SURFACE_STYLE_FILL_AREA(#21564);
#21564 = FILL_AREA_STYLE('',(#21565));
#21565 = FILL_AREA_STYLE_COLOUR('',#19109);
#21566 = OVER_RIDING_STYLED_ITEM('overriding color',(#21567),#13970,
  #18996);
#21567 = PRESENTATION_STYLE_ASSIGNMENT((#21568));
#21568 = SURFACE_STYLE_USAGE(.BOTH.,#21569);
#21569 = SURFACE_SIDE_STYLE('',(#21570));
#21570 = SURFACE_STYLE_FILL_AREA(#21571);
#21571 = FILL_AREA_STYLE('',(#21572));
#21572 = FILL_AREA_STYLE_COLOUR('',#19109);
#21573 = OVER_RIDING_STYLED_ITEM('overriding color',(#21574),#13987,
  #18996);
#21574 = PRESENTATION_STYLE_ASSIGNMENT((#21575));
#21575 = SURFACE_STYLE_USAGE(.BOTH.,#21576);
#21576 = SURFACE_SIDE_STYLE('',(#21577));
#21577 = SURFACE_STYLE_FILL_AREA(#21578);
#21578 = FILL_AREA_STYLE('',(#21579));
#21579 = FILL_AREA_STYLE_COLOUR('',#19109);
#21580 = OVER_RIDING_STYLED_ITEM('overriding color',(#21581),#14004,
  #18996);
#21581 = PRESENTATION_STYLE_ASSIGNMENT((#21582));
#21582 = SURFACE_STYLE_USAGE(.BOTH.,#21583);
#21583 = SURFACE_SIDE_STYLE('',(#21584));
#21584 = SURFACE_STYLE_FILL_AREA(#21585);
#21585 = FILL_AREA_STYLE('',(#21586));
#21586 = FILL_AREA_STYLE_COLOUR('',#19109);
#21587 = OVER_RIDING_STYLED_ITEM('overriding color',(#21588),#14021,
  #18996);
#21588 = PRESENTATION_STYLE_ASSIGNMENT((#21589));
#21589 = SURFACE_STYLE_USAGE(.BOTH.,#21590);
#21590 = SURFACE_SIDE_STYLE('',(#21591));
#21591 = SURFACE_STYLE_FILL_AREA(#21592);
#21592 = FILL_AREA_STYLE('',(#21593));
#21593 = FILL_AREA_STYLE_COLOUR('',#19109);
#21594 = OVER_RIDING_STYLED_ITEM('overriding color',(#21595),#14040,
  #18996);
#21595 = PRESENTATION_STYLE_ASSIGNMENT((#21596));
#21596 = SURFACE_STYLE_USAGE(.BOTH.,#21597);
#21597 = SURFACE_SIDE_STYLE('',(#21598));
#21598 = SURFACE_STYLE_FILL_AREA(#21599);
#21599 = FILL_AREA_STYLE('',(#21600));
#21600 = FILL_AREA_STYLE_COLOUR('',#19109);
#21601 = OVER_RIDING_STYLED_ITEM('overriding color',(#21602),#14057,
  #18996);
#21602 = PRESENTATION_STYLE_ASSIGNMENT((#21603));
#21603 = SURFACE_STYLE_USAGE(.BOTH.,#21604);
#21604 = SURFACE_SIDE_STYLE('',(#21605));
#21605 = SURFACE_STYLE_FILL_AREA(#21606);
#21606 = FILL_AREA_STYLE('',(#21607));
#21607 = FILL_AREA_STYLE_COLOUR('',#19109);
#21608 = OVER_RIDING_STYLED_ITEM('overriding color',(#21609),#14074,
  #18996);
#21609 = PRESENTATION_STYLE_ASSIGNMENT((#21610));
#21610 = SURFACE_STYLE_USAGE(.BOTH.,#21611);
#21611 = SURFACE_SIDE_STYLE('',(#21612));
#21612 = SURFACE_STYLE_FILL_AREA(#21613);
#21613 = FILL_AREA_STYLE('',(#21614));
#21614 = FILL_AREA_STYLE_COLOUR('',#19109);
#21615 = OVER_RIDING_STYLED_ITEM('overriding color',(#21616),#14091,
  #18996);
#21616 = PRESENTATION_STYLE_ASSIGNMENT((#21617));
#21617 = SURFACE_STYLE_USAGE(.BOTH.,#21618);
#21618 = SURFACE_SIDE_STYLE('',(#21619));
#21619 = SURFACE_STYLE_FILL_AREA(#21620);
#21620 = FILL_AREA_STYLE('',(#21621));
#21621 = FILL_AREA_STYLE_COLOUR('',#19109);
#21622 = OVER_RIDING_STYLED_ITEM('overriding color',(#21623),#14108,
  #18996);
#21623 = PRESENTATION_STYLE_ASSIGNMENT((#21624));
#21624 = SURFACE_STYLE_USAGE(.BOTH.,#21625);
#21625 = SURFACE_SIDE_STYLE('',(#21626));
#21626 = SURFACE_STYLE_FILL_AREA(#21627);
#21627 = FILL_AREA_STYLE('',(#21628));
#21628 = FILL_AREA_STYLE_COLOUR('',#19109);
#21629 = OVER_RIDING_STYLED_ITEM('overriding color',(#21630),#14127,
  #18996);
#21630 = PRESENTATION_STYLE_ASSIGNMENT((#21631));
#21631 = SURFACE_STYLE_USAGE(.BOTH.,#21632);
#21632 = SURFACE_SIDE_STYLE('',(#21633));
#21633 = SURFACE_STYLE_FILL_AREA(#21634);
#21634 = FILL_AREA_STYLE('',(#21635));
#21635 = FILL_AREA_STYLE_COLOUR('',#19109);
#21636 = OVER_RIDING_STYLED_ITEM('overriding color',(#21637),#14144,
  #18996);
#21637 = PRESENTATION_STYLE_ASSIGNMENT((#21638));
#21638 = SURFACE_STYLE_USAGE(.BOTH.,#21639);
#21639 = SURFACE_SIDE_STYLE('',(#21640));
#21640 = SURFACE_STYLE_FILL_AREA(#21641);
#21641 = FILL_AREA_STYLE('',(#21642));
#21642 = FILL_AREA_STYLE_COLOUR('',#19109);
#21643 = OVER_RIDING_STYLED_ITEM('overriding color',(#21644),#14161,
  #18996);
#21644 = PRESENTATION_STYLE_ASSIGNMENT((#21645));
#21645 = SURFACE_STYLE_USAGE(.BOTH.,#21646);
#21646 = SURFACE_SIDE_STYLE('',(#21647));
#21647 = SURFACE_STYLE_FILL_AREA(#21648);
#21648 = FILL_AREA_STYLE('',(#21649));
#21649 = FILL_AREA_STYLE_COLOUR('',#19109);
#21650 = OVER_RIDING_STYLED_ITEM('overriding color',(#21651),#14178,
  #18996);
#21651 = PRESENTATION_STYLE_ASSIGNMENT((#21652));
#21652 = SURFACE_STYLE_USAGE(.BOTH.,#21653);
#21653 = SURFACE_SIDE_STYLE('',(#21654));
#21654 = SURFACE_STYLE_FILL_AREA(#21655);
#21655 = FILL_AREA_STYLE('',(#21656));
#21656 = FILL_AREA_STYLE_COLOUR('',#19109);
#21657 = OVER_RIDING_STYLED_ITEM('overriding color',(#21658),#14195,
  #18996);
#21658 = PRESENTATION_STYLE_ASSIGNMENT((#21659));
#21659 = SURFACE_STYLE_USAGE(.BOTH.,#21660);
#21660 = SURFACE_SIDE_STYLE('',(#21661));
#21661 = SURFACE_STYLE_FILL_AREA(#21662);
#21662 = FILL_AREA_STYLE('',(#21663));
#21663 = FILL_AREA_STYLE_COLOUR('',#19109);
#21664 = OVER_RIDING_STYLED_ITEM('overriding color',(#21665),#14214,
  #18996);
#21665 = PRESENTATION_STYLE_ASSIGNMENT((#21666));
#21666 = SURFACE_STYLE_USAGE(.BOTH.,#21667);
#21667 = SURFACE_SIDE_STYLE('',(#21668));
#21668 = SURFACE_STYLE_FILL_AREA(#21669);
#21669 = FILL_AREA_STYLE('',(#21670));
#21670 = FILL_AREA_STYLE_COLOUR('',#19109);
#21671 = OVER_RIDING_STYLED_ITEM('overriding color',(#21672),#14231,
  #18996);
#21672 = PRESENTATION_STYLE_ASSIGNMENT((#21673));
#21673 = SURFACE_STYLE_USAGE(.BOTH.,#21674);
#21674 = SURFACE_SIDE_STYLE('',(#21675));
#21675 = SURFACE_STYLE_FILL_AREA(#21676);
#21676 = FILL_AREA_STYLE('',(#21677));
#21677 = FILL_AREA_STYLE_COLOUR('',#19109);
#21678 = OVER_RIDING_STYLED_ITEM('overriding color',(#21679),#14248,
  #18996);
#21679 = PRESENTATION_STYLE_ASSIGNMENT((#21680));
#21680 = SURFACE_STYLE_USAGE(.BOTH.,#21681);
#21681 = SURFACE_SIDE_STYLE('',(#21682));
#21682 = SURFACE_STYLE_FILL_AREA(#21683);
#21683 = FILL_AREA_STYLE('',(#21684));
#21684 = FILL_AREA_STYLE_COLOUR('',#19109);
#21685 = OVER_RIDING_STYLED_ITEM('overriding color',(#21686),#14265,
  #18996);
#21686 = PRESENTATION_STYLE_ASSIGNMENT((#21687));
#21687 = SURFACE_STYLE_USAGE(.BOTH.,#21688);
#21688 = SURFACE_SIDE_STYLE('',(#21689));
#21689 = SURFACE_STYLE_FILL_AREA(#21690);
#21690 = FILL_AREA_STYLE('',(#21691));
#21691 = FILL_AREA_STYLE_COLOUR('',#19109);
#21692 = OVER_RIDING_STYLED_ITEM('overriding color',(#21693),#14282,
  #18996);
#21693 = PRESENTATION_STYLE_ASSIGNMENT((#21694));
#21694 = SURFACE_STYLE_USAGE(.BOTH.,#21695);
#21695 = SURFACE_SIDE_STYLE('',(#21696));
#21696 = SURFACE_STYLE_FILL_AREA(#21697);
#21697 = FILL_AREA_STYLE('',(#21698));
#21698 = FILL_AREA_STYLE_COLOUR('',#19109);
#21699 = OVER_RIDING_STYLED_ITEM('overriding color',(#21700),#14301,
  #18996);
#21700 = PRESENTATION_STYLE_ASSIGNMENT((#21701));
#21701 = SURFACE_STYLE_USAGE(.BOTH.,#21702);
#21702 = SURFACE_SIDE_STYLE('',(#21703));
#21703 = SURFACE_STYLE_FILL_AREA(#21704);
#21704 = FILL_AREA_STYLE('',(#21705));
#21705 = FILL_AREA_STYLE_COLOUR('',#19109);
#21706 = OVER_RIDING_STYLED_ITEM('overriding color',(#21707),#14318,
  #18996);
#21707 = PRESENTATION_STYLE_ASSIGNMENT((#21708));
#21708 = SURFACE_STYLE_USAGE(.BOTH.,#21709);
#21709 = SURFACE_SIDE_STYLE('',(#21710));
#21710 = SURFACE_STYLE_FILL_AREA(#21711);
#21711 = FILL_AREA_STYLE('',(#21712));
#21712 = FILL_AREA_STYLE_COLOUR('',#19109);
#21713 = OVER_RIDING_STYLED_ITEM('overriding color',(#21714),#14335,
  #18996);
#21714 = PRESENTATION_STYLE_ASSIGNMENT((#21715));
#21715 = SURFACE_STYLE_USAGE(.BOTH.,#21716);
#21716 = SURFACE_SIDE_STYLE('',(#21717));
#21717 = SURFACE_STYLE_FILL_AREA(#21718);
#21718 = FILL_AREA_STYLE('',(#21719));
#21719 = FILL_AREA_STYLE_COLOUR('',#19109);
#21720 = OVER_RIDING_STYLED_ITEM('overriding color',(#21721),#14352,
  #18996);
#21721 = PRESENTATION_STYLE_ASSIGNMENT((#21722));
#21722 = SURFACE_STYLE_USAGE(.BOTH.,#21723);
#21723 = SURFACE_SIDE_STYLE('',(#21724));
#21724 = SURFACE_STYLE_FILL_AREA(#21725);
#21725 = FILL_AREA_STYLE('',(#21726));
#21726 = FILL_AREA_STYLE_COLOUR('',#19109);
#21727 = OVER_RIDING_STYLED_ITEM('overriding color',(#21728),#14369,
  #18996);
#21728 = PRESENTATION_STYLE_ASSIGNMENT((#21729));
#21729 = SURFACE_STYLE_USAGE(.BOTH.,#21730);
#21730 = SURFACE_SIDE_STYLE('',(#21731));
#21731 = SURFACE_STYLE_FILL_AREA(#21732);
#21732 = FILL_AREA_STYLE('',(#21733));
#21733 = FILL_AREA_STYLE_COLOUR('',#19109);
#21734 = OVER_RIDING_STYLED_ITEM('overriding color',(#21735),#14388,
  #18996);
#21735 = PRESENTATION_STYLE_ASSIGNMENT((#21736));
#21736 = SURFACE_STYLE_USAGE(.BOTH.,#21737);
#21737 = SURFACE_SIDE_STYLE('',(#21738));
#21738 = SURFACE_STYLE_FILL_AREA(#21739);
#21739 = FILL_AREA_STYLE('',(#21740));
#21740 = FILL_AREA_STYLE_COLOUR('',#19109);
#21741 = OVER_RIDING_STYLED_ITEM('overriding color',(#21742),#14405,
  #18996);
#21742 = PRESENTATION_STYLE_ASSIGNMENT((#21743));
#21743 = SURFACE_STYLE_USAGE(.BOTH.,#21744);
#21744 = SURFACE_SIDE_STYLE('',(#21745));
#21745 = SURFACE_STYLE_FILL_AREA(#21746);
#21746 = FILL_AREA_STYLE('',(#21747));
#21747 = FILL_AREA_STYLE_COLOUR('',#19109);
#21748 = OVER_RIDING_STYLED_ITEM('overriding color',(#21749),#14422,
  #18996);
#21749 = PRESENTATION_STYLE_ASSIGNMENT((#21750));
#21750 = SURFACE_STYLE_USAGE(.BOTH.,#21751);
#21751 = SURFACE_SIDE_STYLE('',(#21752));
#21752 = SURFACE_STYLE_FILL_AREA(#21753);
#21753 = FILL_AREA_STYLE('',(#21754));
#21754 = FILL_AREA_STYLE_COLOUR('',#19109);
#21755 = OVER_RIDING_STYLED_ITEM('overriding color',(#21756),#14439,
  #18996);
#21756 = PRESENTATION_STYLE_ASSIGNMENT((#21757));
#21757 = SURFACE_STYLE_USAGE(.BOTH.,#21758);
#21758 = SURFACE_SIDE_STYLE('',(#21759));
#21759 = SURFACE_STYLE_FILL_AREA(#21760);
#21760 = FILL_AREA_STYLE('',(#21761));
#21761 = FILL_AREA_STYLE_COLOUR('',#19109);
#21762 = OVER_RIDING_STYLED_ITEM('overriding color',(#21763),#14456,
  #18996);
#21763 = PRESENTATION_STYLE_ASSIGNMENT((#21764));
#21764 = SURFACE_STYLE_USAGE(.BOTH.,#21765);
#21765 = SURFACE_SIDE_STYLE('',(#21766));
#21766 = SURFACE_STYLE_FILL_AREA(#21767);
#21767 = FILL_AREA_STYLE('',(#21768));
#21768 = FILL_AREA_STYLE_COLOUR('',#19109);
#21769 = OVER_RIDING_STYLED_ITEM('overriding color',(#21770),#14475,
  #18996);
#21770 = PRESENTATION_STYLE_ASSIGNMENT((#21771));
#21771 = SURFACE_STYLE_USAGE(.BOTH.,#21772);
#21772 = SURFACE_SIDE_STYLE('',(#21773));
#21773 = SURFACE_STYLE_FILL_AREA(#21774);
#21774 = FILL_AREA_STYLE('',(#21775));
#21775 = FILL_AREA_STYLE_COLOUR('',#19109);
#21776 = OVER_RIDING_STYLED_ITEM('overriding color',(#21777),#14492,
  #18996);
#21777 = PRESENTATION_STYLE_ASSIGNMENT((#21778));
#21778 = SURFACE_STYLE_USAGE(.BOTH.,#21779);
#21779 = SURFACE_SIDE_STYLE('',(#21780));
#21780 = SURFACE_STYLE_FILL_AREA(#21781);
#21781 = FILL_AREA_STYLE('',(#21782));
#21782 = FILL_AREA_STYLE_COLOUR('',#19109);
#21783 = OVER_RIDING_STYLED_ITEM('overriding color',(#21784),#14509,
  #18996);
#21784 = PRESENTATION_STYLE_ASSIGNMENT((#21785));
#21785 = SURFACE_STYLE_USAGE(.BOTH.,#21786);
#21786 = SURFACE_SIDE_STYLE('',(#21787));
#21787 = SURFACE_STYLE_FILL_AREA(#21788);
#21788 = FILL_AREA_STYLE('',(#21789));
#21789 = FILL_AREA_STYLE_COLOUR('',#19109);
#21790 = OVER_RIDING_STYLED_ITEM('overriding color',(#21791),#14526,
  #18996);
#21791 = PRESENTATION_STYLE_ASSIGNMENT((#21792));
#21792 = SURFACE_STYLE_USAGE(.BOTH.,#21793);
#21793 = SURFACE_SIDE_STYLE('',(#21794));
#21794 = SURFACE_STYLE_FILL_AREA(#21795);
#21795 = FILL_AREA_STYLE('',(#21796));
#21796 = FILL_AREA_STYLE_COLOUR('',#19109);
#21797 = OVER_RIDING_STYLED_ITEM('overriding color',(#21798),#14543,
  #18996);
#21798 = PRESENTATION_STYLE_ASSIGNMENT((#21799));
#21799 = SURFACE_STYLE_USAGE(.BOTH.,#21800);
#21800 = SURFACE_SIDE_STYLE('',(#21801));
#21801 = SURFACE_STYLE_FILL_AREA(#21802);
#21802 = FILL_AREA_STYLE('',(#21803));
#21803 = FILL_AREA_STYLE_COLOUR('',#19109);
#21804 = OVER_RIDING_STYLED_ITEM('overriding color',(#21805),#14562,
  #18996);
#21805 = PRESENTATION_STYLE_ASSIGNMENT((#21806));
#21806 = SURFACE_STYLE_USAGE(.BOTH.,#21807);
#21807 = SURFACE_SIDE_STYLE('',(#21808));
#21808 = SURFACE_STYLE_FILL_AREA(#21809);
#21809 = FILL_AREA_STYLE('',(#21810));
#21810 = FILL_AREA_STYLE_COLOUR('',#19109);
#21811 = OVER_RIDING_STYLED_ITEM('overriding color',(#21812),#14579,
  #18996);
#21812 = PRESENTATION_STYLE_ASSIGNMENT((#21813));
#21813 = SURFACE_STYLE_USAGE(.BOTH.,#21814);
#21814 = SURFACE_SIDE_STYLE('',(#21815));
#21815 = SURFACE_STYLE_FILL_AREA(#21816);
#21816 = FILL_AREA_STYLE('',(#21817));
#21817 = FILL_AREA_STYLE_COLOUR('',#19109);
#21818 = OVER_RIDING_STYLED_ITEM('overriding color',(#21819),#14596,
  #18996);
#21819 = PRESENTATION_STYLE_ASSIGNMENT((#21820));
#21820 = SURFACE_STYLE_USAGE(.BOTH.,#21821);
#21821 = SURFACE_SIDE_STYLE('',(#21822));
#21822 = SURFACE_STYLE_FILL_AREA(#21823);
#21823 = FILL_AREA_STYLE('',(#21824));
#21824 = FILL_AREA_STYLE_COLOUR('',#19109);
#21825 = OVER_RIDING_STYLED_ITEM('overriding color',(#21826),#14613,
  #18996);
#21826 = PRESENTATION_STYLE_ASSIGNMENT((#21827));
#21827 = SURFACE_STYLE_USAGE(.BOTH.,#21828);
#21828 = SURFACE_SIDE_STYLE('',(#21829));
#21829 = SURFACE_STYLE_FILL_AREA(#21830);
#21830 = FILL_AREA_STYLE('',(#21831));
#21831 = FILL_AREA_STYLE_COLOUR('',#19109);
#21832 = OVER_RIDING_STYLED_ITEM('overriding color',(#21833),#14632,
  #18996);
#21833 = PRESENTATION_STYLE_ASSIGNMENT((#21834));
#21834 = SURFACE_STYLE_USAGE(.BOTH.,#21835);
#21835 = SURFACE_SIDE_STYLE('',(#21836));
#21836 = SURFACE_STYLE_FILL_AREA(#21837);
#21837 = FILL_AREA_STYLE('',(#21838));
#21838 = FILL_AREA_STYLE_COLOUR('',#19109);
#21839 = OVER_RIDING_STYLED_ITEM('overriding color',(#21840),#14649,
  #18996);
#21840 = PRESENTATION_STYLE_ASSIGNMENT((#21841));
#21841 = SURFACE_STYLE_USAGE(.BOTH.,#21842);
#21842 = SURFACE_SIDE_STYLE('',(#21843));
#21843 = SURFACE_STYLE_FILL_AREA(#21844);
#21844 = FILL_AREA_STYLE('',(#21845));
#21845 = FILL_AREA_STYLE_COLOUR('',#19101);
#21846 = OVER_RIDING_STYLED_ITEM('overriding color',(#21847),#14661,
  #18996);
#21847 = PRESENTATION_STYLE_ASSIGNMENT((#21848));
#21848 = SURFACE_STYLE_USAGE(.BOTH.,#21849);
#21849 = SURFACE_SIDE_STYLE('',(#21850));
#21850 = SURFACE_STYLE_FILL_AREA(#21851);
#21851 = FILL_AREA_STYLE('',(#21852));
#21852 = FILL_AREA_STYLE_COLOUR('',#19101);
#21853 = OVER_RIDING_STYLED_ITEM('overriding color',(#21854),#14673,
  #18996);
#21854 = PRESENTATION_STYLE_ASSIGNMENT((#21855));
#21855 = SURFACE_STYLE_USAGE(.BOTH.,#21856);
#21856 = SURFACE_SIDE_STYLE('',(#21857));
#21857 = SURFACE_STYLE_FILL_AREA(#21858);
#21858 = FILL_AREA_STYLE('',(#21859));
#21859 = FILL_AREA_STYLE_COLOUR('',#19109);
#21860 = OVER_RIDING_STYLED_ITEM('overriding color',(#21861),#14689,
  #18996);
#21861 = PRESENTATION_STYLE_ASSIGNMENT((#21862));
#21862 = SURFACE_STYLE_USAGE(.BOTH.,#21863);
#21863 = SURFACE_SIDE_STYLE('',(#21864));
#21864 = SURFACE_STYLE_FILL_AREA(#21865);
#21865 = FILL_AREA_STYLE('',(#21866));
#21866 = FILL_AREA_STYLE_COLOUR('',#19101);
#21867 = OVER_RIDING_STYLED_ITEM('overriding color',(#21868),#14701,
  #18996);
#21868 = PRESENTATION_STYLE_ASSIGNMENT((#21869));
#21869 = SURFACE_STYLE_USAGE(.BOTH.,#21870);
#21870 = SURFACE_SIDE_STYLE('',(#21871));
#21871 = SURFACE_STYLE_FILL_AREA(#21872);
#21872 = FILL_AREA_STYLE('',(#21873));
#21873 = FILL_AREA_STYLE_COLOUR('',#19109);
#21874 = OVER_RIDING_STYLED_ITEM('overriding color',(#21875),#14717,
  #18996);
#21875 = PRESENTATION_STYLE_ASSIGNMENT((#21876));
#21876 = SURFACE_STYLE_USAGE(.BOTH.,#21877);
#21877 = SURFACE_SIDE_STYLE('',(#21878));
#21878 = SURFACE_STYLE_FILL_AREA(#21879);
#21879 = FILL_AREA_STYLE('',(#21880));
#21880 = FILL_AREA_STYLE_COLOUR('',#19109);
#21881 = OVER_RIDING_STYLED_ITEM('overriding color',(#21882),#14733,
  #18996);
#21882 = PRESENTATION_STYLE_ASSIGNMENT((#21883));
#21883 = SURFACE_STYLE_USAGE(.BOTH.,#21884);
#21884 = SURFACE_SIDE_STYLE('',(#21885));
#21885 = SURFACE_STYLE_FILL_AREA(#21886);
#21886 = FILL_AREA_STYLE('',(#21887));
#21887 = FILL_AREA_STYLE_COLOUR('',#21888);
#21888 = COLOUR_RGB('',0.843137261657,0.843137261657,0.843137261657);
#21889 = OVER_RIDING_STYLED_ITEM('overriding color',(#21890),#14745,
  #18996);
#21890 = PRESENTATION_STYLE_ASSIGNMENT((#21891));
#21891 = SURFACE_STYLE_USAGE(.BOTH.,#21892);
#21892 = SURFACE_SIDE_STYLE('',(#21893));
#21893 = SURFACE_STYLE_FILL_AREA(#21894);
#21894 = FILL_AREA_STYLE('',(#21895));
#21895 = FILL_AREA_STYLE_COLOUR('',#21888);
#21896 = OVER_RIDING_STYLED_ITEM('overriding color',(#21897),#14757,
  #18996);
#21897 = PRESENTATION_STYLE_ASSIGNMENT((#21898));
#21898 = SURFACE_STYLE_USAGE(.BOTH.,#21899);
#21899 = SURFACE_SIDE_STYLE('',(#21900));
#21900 = SURFACE_STYLE_FILL_AREA(#21901);
#21901 = FILL_AREA_STYLE('',(#21902));
#21902 = FILL_AREA_STYLE_COLOUR('',#19109);
#21903 = OVER_RIDING_STYLED_ITEM('overriding color',(#21904),#14773,
  #18996);
#21904 = PRESENTATION_STYLE_ASSIGNMENT((#21905));
#21905 = SURFACE_STYLE_USAGE(.BOTH.,#21906);
#21906 = SURFACE_SIDE_STYLE('',(#21907));
#21907 = SURFACE_STYLE_FILL_AREA(#21908);
#21908 = FILL_AREA_STYLE('',(#21909));
#21909 = FILL_AREA_STYLE_COLOUR('',#19109);
#21910 = OVER_RIDING_STYLED_ITEM('overriding color',(#21911),#14789,
  #18996);
#21911 = PRESENTATION_STYLE_ASSIGNMENT((#21912));
#21912 = SURFACE_STYLE_USAGE(.BOTH.,#21913);
#21913 = SURFACE_SIDE_STYLE('',(#21914));
#21914 = SURFACE_STYLE_FILL_AREA(#21915);
#21915 = FILL_AREA_STYLE('',(#21916));
#21916 = FILL_AREA_STYLE_COLOUR('',#19109);
#21917 = OVER_RIDING_STYLED_ITEM('overriding color',(#21918),#14805,
  #18996);
#21918 = PRESENTATION_STYLE_ASSIGNMENT((#21919));
#21919 = SURFACE_STYLE_USAGE(.BOTH.,#21920);
#21920 = SURFACE_SIDE_STYLE('',(#21921));
#21921 = SURFACE_STYLE_FILL_AREA(#21922);
#21922 = FILL_AREA_STYLE('',(#21923));
#21923 = FILL_AREA_STYLE_COLOUR('',#21888);
#21924 = OVER_RIDING_STYLED_ITEM('overriding color',(#21925),#14817,
  #18996);
#21925 = PRESENTATION_STYLE_ASSIGNMENT((#21926));
#21926 = SURFACE_STYLE_USAGE(.BOTH.,#21927);
#21927 = SURFACE_SIDE_STYLE('',(#21928));
#21928 = SURFACE_STYLE_FILL_AREA(#21929);
#21929 = FILL_AREA_STYLE('',(#21930));
#21930 = FILL_AREA_STYLE_COLOUR('',#21888);
#21931 = OVER_RIDING_STYLED_ITEM('overriding color',(#21932),#14829,
  #18996);
#21932 = PRESENTATION_STYLE_ASSIGNMENT((#21933));
#21933 = SURFACE_STYLE_USAGE(.BOTH.,#21934);
#21934 = SURFACE_SIDE_STYLE('',(#21935));
#21935 = SURFACE_STYLE_FILL_AREA(#21936);
#21936 = FILL_AREA_STYLE('',(#21937));
#21937 = FILL_AREA_STYLE_COLOUR('',#19101);
#21938 = OVER_RIDING_STYLED_ITEM('overriding color',(#21939),#14841,
  #18996);
#21939 = PRESENTATION_STYLE_ASSIGNMENT((#21940));
#21940 = SURFACE_STYLE_USAGE(.BOTH.,#21941);
#21941 = SURFACE_SIDE_STYLE('',(#21942));
#21942 = SURFACE_STYLE_FILL_AREA(#21943);
#21943 = FILL_AREA_STYLE('',(#21944));
#21944 = FILL_AREA_STYLE_COLOUR('',#19404);
#21945 = OVER_RIDING_STYLED_ITEM('overriding color',(#21946),#14890,
  #18996);
#21946 = PRESENTATION_STYLE_ASSIGNMENT((#21947));
#21947 = SURFACE_STYLE_USAGE(.BOTH.,#21948);
#21948 = SURFACE_SIDE_STYLE('',(#21949));
#21949 = SURFACE_STYLE_FILL_AREA(#21950);
#21950 = FILL_AREA_STYLE('',(#21951));
#21951 = FILL_AREA_STYLE_COLOUR('',#19404);
#21952 = OVER_RIDING_STYLED_ITEM('overriding color',(#21953),#14932,
  #18996);
#21953 = PRESENTATION_STYLE_ASSIGNMENT((#21954));
#21954 = SURFACE_STYLE_USAGE(.BOTH.,#21955);
#21955 = SURFACE_SIDE_STYLE('',(#21956));
#21956 = SURFACE_STYLE_FILL_AREA(#21957);
#21957 = FILL_AREA_STYLE('',(#21958));
#21958 = FILL_AREA_STYLE_COLOUR('',#19404);
#21959 = OVER_RIDING_STYLED_ITEM('overriding color',(#21960),#14974,
  #18996);
#21960 = PRESENTATION_STYLE_ASSIGNMENT((#21961));
#21961 = SURFACE_STYLE_USAGE(.BOTH.,#21962);
#21962 = SURFACE_SIDE_STYLE('',(#21963));
#21963 = SURFACE_STYLE_FILL_AREA(#21964);
#21964 = FILL_AREA_STYLE('',(#21965));
#21965 = FILL_AREA_STYLE_COLOUR('',#19404);
#21966 = OVER_RIDING_STYLED_ITEM('overriding color',(#21967),#15014,
  #18996);
#21967 = PRESENTATION_STYLE_ASSIGNMENT((#21968));
#21968 = SURFACE_STYLE_USAGE(.BOTH.,#21969);
#21969 = SURFACE_SIDE_STYLE('',(#21970));
#21970 = SURFACE_STYLE_FILL_AREA(#21971);
#21971 = FILL_AREA_STYLE('',(#21972));
#21972 = FILL_AREA_STYLE_COLOUR('',#19404);
#21973 = OVER_RIDING_STYLED_ITEM('overriding color',(#21974),#15039,
  #18996);
#21974 = PRESENTATION_STYLE_ASSIGNMENT((#21975));
#21975 = SURFACE_STYLE_USAGE(.BOTH.,#21976);
#21976 = SURFACE_SIDE_STYLE('',(#21977));
#21977 = SURFACE_STYLE_FILL_AREA(#21978);
#21978 = FILL_AREA_STYLE('',(#21979));
#21979 = FILL_AREA_STYLE_COLOUR('',#19404);
#21980 = OVER_RIDING_STYLED_ITEM('overriding color',(#21981),#15063,
  #18996);
#21981 = PRESENTATION_STYLE_ASSIGNMENT((#21982));
#21982 = SURFACE_STYLE_USAGE(.BOTH.,#21983);
#21983 = SURFACE_SIDE_STYLE('',(#21984));
#21984 = SURFACE_STYLE_FILL_AREA(#21985);
#21985 = FILL_AREA_STYLE('',(#21986));
#21986 = FILL_AREA_STYLE_COLOUR('',#19404);
#21987 = OVER_RIDING_STYLED_ITEM('overriding color',(#21988),#15088,
  #18996);
#21988 = PRESENTATION_STYLE_ASSIGNMENT((#21989));
#21989 = SURFACE_STYLE_USAGE(.BOTH.,#21990);
#21990 = SURFACE_SIDE_STYLE('',(#21991));
#21991 = SURFACE_STYLE_FILL_AREA(#21992);
#21992 = FILL_AREA_STYLE('',(#21993));
#21993 = FILL_AREA_STYLE_COLOUR('',#19404);
#21994 = OVER_RIDING_STYLED_ITEM('overriding color',(#21995),#15144,
  #18996);
#21995 = PRESENTATION_STYLE_ASSIGNMENT((#21996));
#21996 = SURFACE_STYLE_USAGE(.BOTH.,#21997);
#21997 = SURFACE_SIDE_STYLE('',(#21998));
#21998 = SURFACE_STYLE_FILL_AREA(#21999);
#21999 = FILL_AREA_STYLE('',(#22000));
#22000 = FILL_AREA_STYLE_COLOUR('',#19404);
#22001 = OVER_RIDING_STYLED_ITEM('overriding color',(#22002),#15186,
  #18996);
#22002 = PRESENTATION_STYLE_ASSIGNMENT((#22003));
#22003 = SURFACE_STYLE_USAGE(.BOTH.,#22004);
#22004 = SURFACE_SIDE_STYLE('',(#22005));
#22005 = SURFACE_STYLE_FILL_AREA(#22006);
#22006 = FILL_AREA_STYLE('',(#22007));
#22007 = FILL_AREA_STYLE_COLOUR('',#19404);
#22008 = OVER_RIDING_STYLED_ITEM('overriding color',(#22009),#15227,
  #18996);
#22009 = PRESENTATION_STYLE_ASSIGNMENT((#22010));
#22010 = SURFACE_STYLE_USAGE(.BOTH.,#22011);
#22011 = SURFACE_SIDE_STYLE('',(#22012));
#22012 = SURFACE_STYLE_FILL_AREA(#22013);
#22013 = FILL_AREA_STYLE('',(#22014));
#22014 = FILL_AREA_STYLE_COLOUR('',#19404);
#22015 = OVER_RIDING_STYLED_ITEM('overriding color',(#22016),#15269,
  #18996);
#22016 = PRESENTATION_STYLE_ASSIGNMENT((#22017));
#22017 = SURFACE_STYLE_USAGE(.BOTH.,#22018);
#22018 = SURFACE_SIDE_STYLE('',(#22019));
#22019 = SURFACE_STYLE_FILL_AREA(#22020);
#22020 = FILL_AREA_STYLE('',(#22021));
#22021 = FILL_AREA_STYLE_COLOUR('',#19404);
#22022 = OVER_RIDING_STYLED_ITEM('overriding color',(#22023),#15304,
  #18996);
#22023 = PRESENTATION_STYLE_ASSIGNMENT((#22024));
#22024 = SURFACE_STYLE_USAGE(.BOTH.,#22025);
#22025 = SURFACE_SIDE_STYLE('',(#22026));
#22026 = SURFACE_STYLE_FILL_AREA(#22027);
#22027 = FILL_AREA_STYLE('',(#22028));
#22028 = FILL_AREA_STYLE_COLOUR('',#19404);
#22029 = OVER_RIDING_STYLED_ITEM('overriding color',(#22030),#15354,
  #18996);
#22030 = PRESENTATION_STYLE_ASSIGNMENT((#22031));
#22031 = SURFACE_STYLE_USAGE(.BOTH.,#22032);
#22032 = SURFACE_SIDE_STYLE('',(#22033));
#22033 = SURFACE_STYLE_FILL_AREA(#22034);
#22034 = FILL_AREA_STYLE('',(#22035));
#22035 = FILL_AREA_STYLE_COLOUR('',#19404);
#22036 = OVER_RIDING_STYLED_ITEM('overriding color',(#22037),#15403,
  #18996);
#22037 = PRESENTATION_STYLE_ASSIGNMENT((#22038));
#22038 = SURFACE_STYLE_USAGE(.BOTH.,#22039);
#22039 = SURFACE_SIDE_STYLE('',(#22040));
#22040 = SURFACE_STYLE_FILL_AREA(#22041);
#22041 = FILL_AREA_STYLE('',(#22042));
#22042 = FILL_AREA_STYLE_COLOUR('',#19404);
#22043 = OVER_RIDING_STYLED_ITEM('overriding color',(#22044),#15445,
  #18996);
#22044 = PRESENTATION_STYLE_ASSIGNMENT((#22045));
#22045 = SURFACE_STYLE_USAGE(.BOTH.,#22046);
#22046 = SURFACE_SIDE_STYLE('',(#22047));
#22047 = SURFACE_STYLE_FILL_AREA(#22048);
#22048 = FILL_AREA_STYLE('',(#22049));
#22049 = FILL_AREA_STYLE_COLOUR('',#19404);
#22050 = OVER_RIDING_STYLED_ITEM('overriding color',(#22051),#15487,
  #18996);
#22051 = PRESENTATION_STYLE_ASSIGNMENT((#22052));
#22052 = SURFACE_STYLE_USAGE(.BOTH.,#22053);
#22053 = SURFACE_SIDE_STYLE('',(#22054));
#22054 = SURFACE_STYLE_FILL_AREA(#22055);
#22055 = FILL_AREA_STYLE('',(#22056));
#22056 = FILL_AREA_STYLE_COLOUR('',#19404);
#22057 = OVER_RIDING_STYLED_ITEM('overriding color',(#22058),#15536,
  #18996);
#22058 = PRESENTATION_STYLE_ASSIGNMENT((#22059));
#22059 = SURFACE_STYLE_USAGE(.BOTH.,#22060);
#22060 = SURFACE_SIDE_STYLE('',(#22061));
#22061 = SURFACE_STYLE_FILL_AREA(#22062);
#22062 = FILL_AREA_STYLE('',(#22063));
#22063 = FILL_AREA_STYLE_COLOUR('',#19404);
#22064 = OVER_RIDING_STYLED_ITEM('overriding color',(#22065),#15578,
  #18996);
#22065 = PRESENTATION_STYLE_ASSIGNMENT((#22066));
#22066 = SURFACE_STYLE_USAGE(.BOTH.,#22067);
#22067 = SURFACE_SIDE_STYLE('',(#22068));
#22068 = SURFACE_STYLE_FILL_AREA(#22069);
#22069 = FILL_AREA_STYLE('',(#22070));
#22070 = FILL_AREA_STYLE_COLOUR('',#19404);
#22071 = OVER_RIDING_STYLED_ITEM('overriding color',(#22072),#15620,
  #18996);
#22072 = PRESENTATION_STYLE_ASSIGNMENT((#22073));
#22073 = SURFACE_STYLE_USAGE(.BOTH.,#22074);
#22074 = SURFACE_SIDE_STYLE('',(#22075));
#22075 = SURFACE_STYLE_FILL_AREA(#22076);
#22076 = FILL_AREA_STYLE('',(#22077));
#22077 = FILL_AREA_STYLE_COLOUR('',#19404);
#22078 = OVER_RIDING_STYLED_ITEM('overriding color',(#22079),#15660,
  #18996);
#22079 = PRESENTATION_STYLE_ASSIGNMENT((#22080));
#22080 = SURFACE_STYLE_USAGE(.BOTH.,#22081);
#22081 = SURFACE_SIDE_STYLE('',(#22082));
#22082 = SURFACE_STYLE_FILL_AREA(#22083);
#22083 = FILL_AREA_STYLE('',(#22084));
#22084 = FILL_AREA_STYLE_COLOUR('',#19404);
#22085 = OVER_RIDING_STYLED_ITEM('overriding color',(#22086),#15685,
  #18996);
#22086 = PRESENTATION_STYLE_ASSIGNMENT((#22087));
#22087 = SURFACE_STYLE_USAGE(.BOTH.,#22088);
#22088 = SURFACE_SIDE_STYLE('',(#22089));
#22089 = SURFACE_STYLE_FILL_AREA(#22090);
#22090 = FILL_AREA_STYLE('',(#22091));
#22091 = FILL_AREA_STYLE_COLOUR('',#19404);
#22092 = OVER_RIDING_STYLED_ITEM('overriding color',(#22093),#15709,
  #18996);
#22093 = PRESENTATION_STYLE_ASSIGNMENT((#22094));
#22094 = SURFACE_STYLE_USAGE(.BOTH.,#22095);
#22095 = SURFACE_SIDE_STYLE('',(#22096));
#22096 = SURFACE_STYLE_FILL_AREA(#22097);
#22097 = FILL_AREA_STYLE('',(#22098));
#22098 = FILL_AREA_STYLE_COLOUR('',#19404);
#22099 = OVER_RIDING_STYLED_ITEM('overriding color',(#22100),#15727,
  #18996);
#22100 = PRESENTATION_STYLE_ASSIGNMENT((#22101));
#22101 = SURFACE_STYLE_USAGE(.BOTH.,#22102);
#22102 = SURFACE_SIDE_STYLE('',(#22103));
#22103 = SURFACE_STYLE_FILL_AREA(#22104);
#22104 = FILL_AREA_STYLE('',(#22105));
#22105 = FILL_AREA_STYLE_COLOUR('',#19890);
#22106 = OVER_RIDING_STYLED_ITEM('overriding color',(#22107),#15759,
  #18996);
#22107 = PRESENTATION_STYLE_ASSIGNMENT((#22108));
#22108 = SURFACE_STYLE_USAGE(.BOTH.,#22109);
#22109 = SURFACE_SIDE_STYLE('',(#22110));
#22110 = SURFACE_STYLE_FILL_AREA(#22111);
#22111 = FILL_AREA_STYLE('',(#22112));
#22112 = FILL_AREA_STYLE_COLOUR('',#19890);
#22113 = OVER_RIDING_STYLED_ITEM('overriding color',(#22114),#15783,
  #18996);
#22114 = PRESENTATION_STYLE_ASSIGNMENT((#22115));
#22115 = SURFACE_STYLE_USAGE(.BOTH.,#22116);
#22116 = SURFACE_SIDE_STYLE('',(#22117));
#22117 = SURFACE_STYLE_FILL_AREA(#22118);
#22118 = FILL_AREA_STYLE('',(#22119));
#22119 = FILL_AREA_STYLE_COLOUR('',#19890);
#22120 = OVER_RIDING_STYLED_ITEM('overriding color',(#22121),#15808,
  #18996);
#22121 = PRESENTATION_STYLE_ASSIGNMENT((#22122));
#22122 = SURFACE_STYLE_USAGE(.BOTH.,#22123);
#22123 = SURFACE_SIDE_STYLE('',(#22124));
#22124 = SURFACE_STYLE_FILL_AREA(#22125);
#22125 = FILL_AREA_STYLE('',(#22126));
#22126 = FILL_AREA_STYLE_COLOUR('',#19890);
#22127 = OVER_RIDING_STYLED_ITEM('overriding color',(#22128),#15825,
  #18996);
#22128 = PRESENTATION_STYLE_ASSIGNMENT((#22129));
#22129 = SURFACE_STYLE_USAGE(.BOTH.,#22130);
#22130 = SURFACE_SIDE_STYLE('',(#22131));
#22131 = SURFACE_STYLE_FILL_AREA(#22132);
#22132 = FILL_AREA_STYLE('',(#22133));
#22133 = FILL_AREA_STYLE_COLOUR('',#19404);
#22134 = OVER_RIDING_STYLED_ITEM('overriding color',(#22135),#15856,
  #18996);
#22135 = PRESENTATION_STYLE_ASSIGNMENT((#22136));
#22136 = SURFACE_STYLE_USAGE(.BOTH.,#22137);
#22137 = SURFACE_SIDE_STYLE('',(#22138));
#22138 = SURFACE_STYLE_FILL_AREA(#22139);
#22139 = FILL_AREA_STYLE('',(#22140));
#22140 = FILL_AREA_STYLE_COLOUR('',#19404);
#22141 = OVER_RIDING_STYLED_ITEM('overriding color',(#22142),#15874,
  #18996);
#22142 = PRESENTATION_STYLE_ASSIGNMENT((#22143));
#22143 = SURFACE_STYLE_USAGE(.BOTH.,#22144);
#22144 = SURFACE_SIDE_STYLE('',(#22145));
#22145 = SURFACE_STYLE_FILL_AREA(#22146);
#22146 = FILL_AREA_STYLE('',(#22147));
#22147 = FILL_AREA_STYLE_COLOUR('',#19404);
#22148 = OVER_RIDING_STYLED_ITEM('overriding color',(#22149),#15892,
  #18996);
#22149 = PRESENTATION_STYLE_ASSIGNMENT((#22150));
#22150 = SURFACE_STYLE_USAGE(.BOTH.,#22151);
#22151 = SURFACE_SIDE_STYLE('',(#22152));
#22152 = SURFACE_STYLE_FILL_AREA(#22153);
#22153 = FILL_AREA_STYLE('',(#22154));
#22154 = FILL_AREA_STYLE_COLOUR('',#19404);
#22155 = OVER_RIDING_STYLED_ITEM('overriding color',(#22156),#15911,
  #18996);
#22156 = PRESENTATION_STYLE_ASSIGNMENT((#22157));
#22157 = SURFACE_STYLE_USAGE(.BOTH.,#22158);
#22158 = SURFACE_SIDE_STYLE('',(#22159));
#22159 = SURFACE_STYLE_FILL_AREA(#22160);
#22160 = FILL_AREA_STYLE('',(#22161));
#22161 = FILL_AREA_STYLE_COLOUR('',#19404);
#22162 = OVER_RIDING_STYLED_ITEM('overriding color',(#22163),#15923,
  #18996);
#22163 = PRESENTATION_STYLE_ASSIGNMENT((#22164));
#22164 = SURFACE_STYLE_USAGE(.BOTH.,#22165);
#22165 = SURFACE_SIDE_STYLE('',(#22166));
#22166 = SURFACE_STYLE_FILL_AREA(#22167);
#22167 = FILL_AREA_STYLE('',(#22168));
#22168 = FILL_AREA_STYLE_COLOUR('',#19404);
#22169 = OVER_RIDING_STYLED_ITEM('overriding color',(#22170),#15964,
  #18996);
#22170 = PRESENTATION_STYLE_ASSIGNMENT((#22171));
#22171 = SURFACE_STYLE_USAGE(.BOTH.,#22172);
#22172 = SURFACE_SIDE_STYLE('',(#22173));
#22173 = SURFACE_STYLE_FILL_AREA(#22174);
#22174 = FILL_AREA_STYLE('',(#22175));
#22175 = FILL_AREA_STYLE_COLOUR('',#19404);
#22176 = OVER_RIDING_STYLED_ITEM('overriding color',(#22177),#15981,
  #18996);
#22177 = PRESENTATION_STYLE_ASSIGNMENT((#22178));
#22178 = SURFACE_STYLE_USAGE(.BOTH.,#22179);
#22179 = SURFACE_SIDE_STYLE('',(#22180));
#22180 = SURFACE_STYLE_FILL_AREA(#22181);
#22181 = FILL_AREA_STYLE('',(#22182));
#22182 = FILL_AREA_STYLE_COLOUR('',#19404);
#22183 = OVER_RIDING_STYLED_ITEM('overriding color',(#22184),#15998,
  #18996);
#22184 = PRESENTATION_STYLE_ASSIGNMENT((#22185));
#22185 = SURFACE_STYLE_USAGE(.BOTH.,#22186);
#22186 = SURFACE_SIDE_STYLE('',(#22187));
#22187 = SURFACE_STYLE_FILL_AREA(#22188);
#22188 = FILL_AREA_STYLE('',(#22189));
#22189 = FILL_AREA_STYLE_COLOUR('',#19404);
#22190 = OVER_RIDING_STYLED_ITEM('overriding color',(#22191),#16023,
  #18996);
#22191 = PRESENTATION_STYLE_ASSIGNMENT((#22192));
#22192 = SURFACE_STYLE_USAGE(.BOTH.,#22193);
#22193 = SURFACE_SIDE_STYLE('',(#22194));
#22194 = SURFACE_STYLE_FILL_AREA(#22195);
#22195 = FILL_AREA_STYLE('',(#22196));
#22196 = FILL_AREA_STYLE_COLOUR('',#19404);
#22197 = OVER_RIDING_STYLED_ITEM('overriding color',(#22198),#16050,
  #18996);
#22198 = PRESENTATION_STYLE_ASSIGNMENT((#22199));
#22199 = SURFACE_STYLE_USAGE(.BOTH.,#22200);
#22200 = SURFACE_SIDE_STYLE('',(#22201));
#22201 = SURFACE_STYLE_FILL_AREA(#22202);
#22202 = FILL_AREA_STYLE('',(#22203));
#22203 = FILL_AREA_STYLE_COLOUR('',#19404);
#22204 = OVER_RIDING_STYLED_ITEM('overriding color',(#22205),#16076,
  #18996);
#22205 = PRESENTATION_STYLE_ASSIGNMENT((#22206));
#22206 = SURFACE_STYLE_USAGE(.BOTH.,#22207);
#22207 = SURFACE_SIDE_STYLE('',(#22208));
#22208 = SURFACE_STYLE_FILL_AREA(#22209);
#22209 = FILL_AREA_STYLE('',(#22210));
#22210 = FILL_AREA_STYLE_COLOUR('',#19404);
#22211 = OVER_RIDING_STYLED_ITEM('overriding color',(#22212),#16093,
  #18996);
#22212 = PRESENTATION_STYLE_ASSIGNMENT((#22213));
#22213 = SURFACE_STYLE_USAGE(.BOTH.,#22214);
#22214 = SURFACE_SIDE_STYLE('',(#22215));
#22215 = SURFACE_STYLE_FILL_AREA(#22216);
#22216 = FILL_AREA_STYLE('',(#22217));
#22217 = FILL_AREA_STYLE_COLOUR('',#19404);
#22218 = OVER_RIDING_STYLED_ITEM('overriding color',(#22219),#16105,
  #18996);
#22219 = PRESENTATION_STYLE_ASSIGNMENT((#22220));
#22220 = SURFACE_STYLE_USAGE(.BOTH.,#22221);
#22221 = SURFACE_SIDE_STYLE('',(#22222));
#22222 = SURFACE_STYLE_FILL_AREA(#22223);
#22223 = FILL_AREA_STYLE('',(#22224));
#22224 = FILL_AREA_STYLE_COLOUR('',#19404);
#22225 = OVER_RIDING_STYLED_ITEM('overriding color',(#22226),#16117,
  #18996);
#22226 = PRESENTATION_STYLE_ASSIGNMENT((#22227));
#22227 = SURFACE_STYLE_USAGE(.BOTH.,#22228);
#22228 = SURFACE_SIDE_STYLE('',(#22229));
#22229 = SURFACE_STYLE_FILL_AREA(#22230);
#22230 = FILL_AREA_STYLE('',(#22231));
#22231 = FILL_AREA_STYLE_COLOUR('',#19404);
#22232 = OVER_RIDING_STYLED_ITEM('overriding color',(#22233),#16142,
  #18996);
#22233 = PRESENTATION_STYLE_ASSIGNMENT((#22234));
#22234 = SURFACE_STYLE_USAGE(.BOTH.,#22235);
#22235 = SURFACE_SIDE_STYLE('',(#22236));
#22236 = SURFACE_STYLE_FILL_AREA(#22237);
#22237 = FILL_AREA_STYLE('',(#22238));
#22238 = FILL_AREA_STYLE_COLOUR('',#19404);
#22239 = OVER_RIDING_STYLED_ITEM('overriding color',(#22240),#16174,
  #18996);
#22240 = PRESENTATION_STYLE_ASSIGNMENT((#22241));
#22241 = SURFACE_STYLE_USAGE(.BOTH.,#22242);
#22242 = SURFACE_SIDE_STYLE('',(#22243));
#22243 = SURFACE_STYLE_FILL_AREA(#22244);
#22244 = FILL_AREA_STYLE('',(#22245));
#22245 = FILL_AREA_STYLE_COLOUR('',#19404);
#22246 = OVER_RIDING_STYLED_ITEM('overriding color',(#22247),#16186,
  #18996);
#22247 = PRESENTATION_STYLE_ASSIGNMENT((#22248));
#22248 = SURFACE_STYLE_USAGE(.BOTH.,#22249);
#22249 = SURFACE_SIDE_STYLE('',(#22250));
#22250 = SURFACE_STYLE_FILL_AREA(#22251);
#22251 = FILL_AREA_STYLE('',(#22252));
#22252 = FILL_AREA_STYLE_COLOUR('',#19404);
#22253 = OVER_RIDING_STYLED_ITEM('overriding color',(#22254),#16203,
  #18996);
#22254 = PRESENTATION_STYLE_ASSIGNMENT((#22255));
#22255 = SURFACE_STYLE_USAGE(.BOTH.,#22256);
#22256 = SURFACE_SIDE_STYLE('',(#22257));
#22257 = SURFACE_STYLE_FILL_AREA(#22258);
#22258 = FILL_AREA_STYLE('',(#22259));
#22259 = FILL_AREA_STYLE_COLOUR('',#19404);
#22260 = OVER_RIDING_STYLED_ITEM('overriding color',(#22261),#16215,
  #18996);
#22261 = PRESENTATION_STYLE_ASSIGNMENT((#22262));
#22262 = SURFACE_STYLE_USAGE(.BOTH.,#22263);
#22263 = SURFACE_SIDE_STYLE('',(#22264));
#22264 = SURFACE_STYLE_FILL_AREA(#22265);
#22265 = FILL_AREA_STYLE('',(#22266));
#22266 = FILL_AREA_STYLE_COLOUR('',#19404);
#22267 = OVER_RIDING_STYLED_ITEM('overriding color',(#22268),#16240,
  #18996);
#22268 = PRESENTATION_STYLE_ASSIGNMENT((#22269));
#22269 = SURFACE_STYLE_USAGE(.BOTH.,#22270);
#22270 = SURFACE_SIDE_STYLE('',(#22271));
#22271 = SURFACE_STYLE_FILL_AREA(#22272);
#22272 = FILL_AREA_STYLE('',(#22273));
#22273 = FILL_AREA_STYLE_COLOUR('',#19404);
#22274 = OVER_RIDING_STYLED_ITEM('overriding color',(#22275),#16272,
  #18996);
#22275 = PRESENTATION_STYLE_ASSIGNMENT((#22276));
#22276 = SURFACE_STYLE_USAGE(.BOTH.,#22277);
#22277 = SURFACE_SIDE_STYLE('',(#22278));
#22278 = SURFACE_STYLE_FILL_AREA(#22279);
#22279 = FILL_AREA_STYLE('',(#22280));
#22280 = FILL_AREA_STYLE_COLOUR('',#19404);
#22281 = OVER_RIDING_STYLED_ITEM('overriding color',(#22282),#16284,
  #18996);
#22282 = PRESENTATION_STYLE_ASSIGNMENT((#22283));
#22283 = SURFACE_STYLE_USAGE(.BOTH.,#22284);
#22284 = SURFACE_SIDE_STYLE('',(#22285));
#22285 = SURFACE_STYLE_FILL_AREA(#22286);
#22286 = FILL_AREA_STYLE('',(#22287));
#22287 = FILL_AREA_STYLE_COLOUR('',#19404);
#22288 = OVER_RIDING_STYLED_ITEM('overriding color',(#22289),#16301,
  #18996);
#22289 = PRESENTATION_STYLE_ASSIGNMENT((#22290));
#22290 = SURFACE_STYLE_USAGE(.BOTH.,#22291);
#22291 = SURFACE_SIDE_STYLE('',(#22292));
#22292 = SURFACE_STYLE_FILL_AREA(#22293);
#22293 = FILL_AREA_STYLE('',(#22294));
#22294 = FILL_AREA_STYLE_COLOUR('',#19404);
#22295 = OVER_RIDING_STYLED_ITEM('overriding color',(#22296),#16313,
  #18996);
#22296 = PRESENTATION_STYLE_ASSIGNMENT((#22297));
#22297 = SURFACE_STYLE_USAGE(.BOTH.,#22298);
#22298 = SURFACE_SIDE_STYLE('',(#22299));
#22299 = SURFACE_STYLE_FILL_AREA(#22300);
#22300 = FILL_AREA_STYLE('',(#22301));
#22301 = FILL_AREA_STYLE_COLOUR('',#19890);
#22302 = OVER_RIDING_STYLED_ITEM('overriding color',(#22303),#16347,
  #18996);
#22303 = PRESENTATION_STYLE_ASSIGNMENT((#22304));
#22304 = SURFACE_STYLE_USAGE(.BOTH.,#22305);
#22305 = SURFACE_SIDE_STYLE('',(#22306));
#22306 = SURFACE_STYLE_FILL_AREA(#22307);
#22307 = FILL_AREA_STYLE('',(#22308));
#22308 = FILL_AREA_STYLE_COLOUR('',#19890);
#22309 = OVER_RIDING_STYLED_ITEM('overriding color',(#22310),#16372,
  #18996);
#22310 = PRESENTATION_STYLE_ASSIGNMENT((#22311));
#22311 = SURFACE_STYLE_USAGE(.BOTH.,#22312);
#22312 = SURFACE_SIDE_STYLE('',(#22313));
#22313 = SURFACE_STYLE_FILL_AREA(#22314);
#22314 = FILL_AREA_STYLE('',(#22315));
#22315 = FILL_AREA_STYLE_COLOUR('',#19890);
#22316 = OVER_RIDING_STYLED_ITEM('overriding color',(#22317),#16398,
  #18996);
#22317 = PRESENTATION_STYLE_ASSIGNMENT((#22318));
#22318 = SURFACE_STYLE_USAGE(.BOTH.,#22319);
#22319 = SURFACE_SIDE_STYLE('',(#22320));
#22320 = SURFACE_STYLE_FILL_AREA(#22321);
#22321 = FILL_AREA_STYLE('',(#22322));
#22322 = FILL_AREA_STYLE_COLOUR('',#19890);
#22323 = OVER_RIDING_STYLED_ITEM('overriding color',(#22324),#16415,
  #18996);
#22324 = PRESENTATION_STYLE_ASSIGNMENT((#22325));
#22325 = SURFACE_STYLE_USAGE(.BOTH.,#22326);
#22326 = SURFACE_SIDE_STYLE('',(#22327));
#22327 = SURFACE_STYLE_FILL_AREA(#22328);
#22328 = FILL_AREA_STYLE('',(#22329));
#22329 = FILL_AREA_STYLE_COLOUR('',#19890);
ENDSEC;
END-ISO-10303-21;
